amount,payment_method,failure_reason,attempt_count,days_since_failure,day_of_month,hour_of_day,previous_successes,previous_failures,previous_recovery_success,is_subscription,recovery_succeeded
7687.51,upi,card_expired,3,2.7,29,19,14,2,True,0,1
1219.82,netbanking,insufficient_funds,2,0.3,18,6,2,2,False,1,0
7118.6,upi,network_timeout,2,1.0,7,21,2,2,False,1,1
4125.35,netbanking,card_expired,1,0.9,2,13,7,1,True,1,1
1401.75,upi,insufficient_funds,2,10.6,22,11,5,0,False,0,1
5178.31,card,bank_outage,1,0.1,20,10,15,0,True,1,1
1608.8,upi,network_timeout,2,4.8,14,11,14,1,False,0,1
18330.19,card,insufficient_funds,1,0.7,29,8,5,1,False,0,1
1195.18,upi,bank_outage,2,0.0,31,11,9,1,True,0,1
2159.8,card,network_timeout,3,2.4,8,11,13,0,False,0,1
697.63,card,bank_outage,1,0.8,1,8,4,0,False,0,1
2774.84,card,bank_outage,2,1.9,4,17,3,0,False,1,1
12888.35,card,high_risk_fraud,1,0.7,6,17,7,1,False,0,0
1626.99,subscription_mandate,insufficient_funds,1,0.2,9,11,2,0,False,1,1
3119.38,subscription_mandate,bank_outage,1,0.4,25,20,14,1,True,1,1
5245.2,card,bank_outage,1,1.2,9,9,13,2,False,0,0
7915.34,card,insufficient_funds,3,0.5,8,17,10,1,True,1,0
1431.41,subscription_mandate,card_expired,1,4.6,8,11,1,1,False,1,1
1701.32,card,insufficient_funds,1,2.0,15,13,14,0,True,0,1
7315.61,upi,insufficient_funds,1,5.8,2,8,15,0,True,1,1
10401.84,card,card_expired,1,2.7,12,10,7,0,False,1,1
1940.14,upi,high_risk_fraud,2,2.6,10,9,15,0,True,0,0
1015.13,subscription_mandate,insufficient_funds,1,3.3,28,17,1,1,False,1,1
1163.69,card,bank_outage,2,0.4,14,9,5,1,False,0,1
813.02,upi,insufficient_funds,1,0.6,27,11,11,0,True,1,1
2859.56,card,bank_outage,2,2.0,15,14,4,1,False,0,1
3371.36,card,card_expired,1,4.6,2,0,7,0,False,1,0
2257.95,upi,card_expired,1,0.5,12,16,14,2,True,0,1
386.67,card,bank_outage,2,1.1,4,15,4,1,True,0,1
1200.47,card,high_risk_fraud,1,1.5,20,15,3,1,False,0,0
1732.37,upi,insufficient_funds,1,0.9,29,16,5,0,False,1,1
1628.53,upi,card_expired,3,3.4,15,12,3,0,False,1,1
4064.68,upi,insufficient_funds,1,0.1,11,19,4,1,True,0,1
3711.0,card,insufficient_funds,1,1.3,16,1,2,1,False,0,1
8244.07,card,network_timeout,1,0.8,3,17,13,1,True,0,1
1239.37,card,authentication_failed,1,0.6,18,13,3,0,False,0,1
777.79,card,card_expired,1,4.8,16,9,0,1,False,1,0
2336.3,card,bank_outage,1,2.0,30,22,4,3,True,0,1
764.29,upi,insufficient_funds,3,0.9,3,11,4,0,True,1,1
1349.02,card,network_timeout,3,4.7,4,20,4,0,True,1,1
5806.67,upi,insufficient_funds,1,4.5,21,12,7,0,True,0,1
1754.29,card,card_expired,1,0.1,21,12,9,1,False,0,1
918.2,card,card_expired,4,1.1,17,15,2,2,False,0,0
3432.61,upi,high_risk_fraud,1,3.5,4,7,15,0,True,0,0
4606.42,upi,card_expired,1,0.8,4,9,7,1,False,0,1
4629.38,card,insufficient_funds,5,0.3,11,18,13,0,True,0,1
6256.83,subscription_mandate,network_timeout,3,3.6,19,18,5,0,False,1,0
884.29,card,insufficient_funds,1,1.1,7,7,7,3,False,0,0
3321.28,card,insufficient_funds,2,9.4,29,12,15,1,True,0,1
11413.84,upi,insufficient_funds,1,0.2,27,13,8,1,False,0,1
1194.78,card,insufficient_funds,1,1.6,31,17,12,1,False,0,1
5907.07,netbanking,insufficient_funds,1,1.8,30,9,14,3,True,0,1
1981.81,card,authentication_failed,1,6.9,21,20,12,2,True,1,0
4413.77,subscription_mandate,card_expired,4,2.4,27,7,8,0,True,1,0
7811.86,card,insufficient_funds,1,1.9,16,17,6,2,False,0,1
1983.03,card,network_timeout,2,1.6,26,19,6,0,True,0,1
4173.13,upi,card_expired,2,3.2,12,11,2,1,False,0,0
2161.82,card,insufficient_funds,1,4.1,30,16,1,0,False,0,1
1782.78,card,insufficient_funds,1,5.2,28,10,6,0,True,1,1
2967.04,subscription_mandate,network_timeout,1,7.6,29,18,12,0,True,1,1
1554.61,card,insufficient_funds,1,1.4,10,18,2,3,False,0,1
1713.31,upi,insufficient_funds,1,3.1,20,19,24,0,True,1,0
25299.63,upi,card_expired,1,1.1,9,14,12,1,False,1,0
5789.28,upi,card_expired,3,1.0,30,12,5,0,True,0,0
2282.12,upi,network_timeout,1,5.7,12,9,5,3,True,1,1
1648.92,upi,card_expired,2,3.4,7,12,6,2,True,1,1
3365.43,upi,network_timeout,1,0.1,21,11,3,1,False,0,1
7775.12,card,insufficient_funds,1,5.0,16,9,7,0,True,0,1
1756.26,card,authentication_failed,1,2.9,26,17,3,1,False,0,1
21575.41,card,bank_outage,1,0.6,10,9,3,0,False,1,1
11169.9,card,network_timeout,2,1.4,8,17,9,0,True,0,1
4466.92,card,network_timeout,1,1.9,4,18,1,1,False,0,0
848.09,card,bank_outage,2,0.7,30,21,6,1,True,0,1
833.36,card,insufficient_funds,1,1.8,19,14,2,0,False,1,1
2104.69,card,card_expired,1,0.9,6,4,10,0,False,1,1
2667.27,card,card_expired,3,14.0,1,6,7,0,True,0,0
7984.07,card,high_risk_fraud,1,1.6,25,14,9,0,True,0,1
3536.92,upi,bank_outage,3,5.4,27,11,13,1,True,0,1
2226.79,card,network_timeout,1,1.2,30,18,3,0,False,0,1
1789.87,subscription_mandate,bank_outage,3,0.4,5,17,7,1,True,1,1
10899.1,upi,card_expired,1,0.6,26,16,14,0,True,0,1
2621.02,subscription_mandate,card_expired,1,1.3,4,14,3,0,False,1,1
6280.47,upi,insufficient_funds,1,0.1,22,7,4,1,True,0,0
606.86,netbanking,insufficient_funds,1,5.1,22,11,26,2,True,0,1
2791.59,card,insufficient_funds,1,4.4,12,18,21,0,True,0,0
1038.69,card,card_expired,1,3.4,2,3,7,1,True,0,0
900.99,card,bank_outage,1,0.8,14,18,2,1,False,0,1
555.42,subscription_mandate,insufficient_funds,4,7.8,29,18,9,1,False,1,0
5140.44,upi,card_expired,2,0.8,27,6,1,0,False,0,0
2284.54,card,card_expired,4,3.3,3,14,4,4,False,0,0
2483.75,card,bank_outage,2,2.4,24,11,5,1,True,1,1
1373.7,card,card_expired,1,5.1,30,18,15,0,False,0,0
2728.75,card,card_expired,4,1.7,15,18,4,0,False,1,0
2616.79,upi,network_timeout,3,3.9,20,20,8,1,True,0,1
945.14,card,authentication_failed,2,3.5,19,17,8,2,False,0,1
3551.48,upi,insufficient_funds,3,5.5,13,15,2,0,False,0,1
2697.75,subscription_mandate,insufficient_funds,1,3.3,22,19,2,0,False,1,1
2005.02,card,authentication_failed,1,1.3,21,15,6,1,True,0,1
10502.12,upi,bank_outage,1,14.0,2,13,2,1,False,0,0
625.42,card,bank_outage,1,0.1,4,20,6,0,True,1,1
904.82,card,authentication_failed,2,5.7,1,18,4,1,False,0,0
2992.96,card,network_timeout,1,0.6,19,14,8,0,True,0,1
2713.26,upi,authentication_failed,1,5.8,24,8,5,0,True,0,1
4820.8,card,insufficient_funds,2,0.0,10,22,12,1,True,0,0
726.77,subscription_mandate,insufficient_funds,1,1.0,2,9,6,0,False,1,1
6231.13,upi,bank_outage,2,2.2,31,12,13,0,True,1,1
3488.66,card,insufficient_funds,3,4.6,25,9,4,1,False,0,1
2078.07,card,card_expired,2,0.9,6,14,12,0,True,1,1
6150.15,upi,card_expired,2,0.4,9,20,17,0,False,0,1
467.51,upi,card_expired,4,0.4,3,14,11,1,True,0,1
2513.59,card,card_expired,2,0.7,14,18,5,1,True,0,0
5370.13,upi,bank_outage,2,2.1,19,16,5,1,True,1,1
1339.16,card,insufficient_funds,3,0.2,11,11,9,0,True,1,1
21439.76,upi,insufficient_funds,1,4.7,27,0,5,0,False,1,1
3861.13,card,insufficient_funds,1,2.1,16,15,13,1,True,1,1
11375.29,upi,insufficient_funds,2,0.1,25,16,2,2,False,0,1
655.79,netbanking,authentication_failed,1,7.3,4,19,8,0,True,0,1
1019.71,upi,high_risk_fraud,2,3.8,22,14,2,1,False,0,0
5872.81,upi,bank_outage,1,0.3,23,10,5,1,True,0,1
2138.78,card,insufficient_funds,2,4.9,12,14,2,0,False,0,1
275.47,card,insufficient_funds,4,1.2,8,9,5,1,False,0,0
1641.38,upi,network_timeout,1,2.8,24,19,6,0,False,0,1
747.66,upi,bank_outage,1,4.2,21,12,2,0,False,0,1
2360.8,upi,bank_outage,4,1.6,11,22,7,1,False,0,1
1928.85,upi,bank_outage,3,0.9,11,10,11,2,True,0,1
3340.54,upi,card_expired,2,5.8,31,18,11,1,False,0,0
3264.76,card,bank_outage,2,1.6,26,8,5,3,False,0,1
1470.25,card,network_timeout,1,6.0,28,17,7,0,False,0,1
453.38,netbanking,insufficient_funds,2,2.8,12,19,6,0,True,0,1
3119.37,upi,authentication_failed,1,1.0,27,0,7,0,False,0,1
2667.46,upi,network_timeout,3,0.4,5,3,9,0,True,0,1
14860.94,card,insufficient_funds,3,4.9,1,10,1,0,False,0,1
2013.91,upi,high_risk_fraud,3,4.1,17,16,13,0,True,0,0
15350.2,netbanking,authentication_failed,1,10.5,16,20,9,2,True,0,1
1075.32,card,bank_outage,3,6.5,5,12,3,1,False,0,1
2711.09,upi,insufficient_funds,1,0.7,22,20,3,1,False,1,1
895.74,upi,card_expired,1,3.3,15,13,1,0,False,0,1
3420.62,card,network_timeout,1,0.4,9,6,6,1,False,0,1
1469.3,card,authentication_failed,1,2.9,11,16,4,3,True,0,1
2821.19,upi,bank_outage,1,3.4,13,4,5,0,False,1,1
6678.49,upi,authentication_failed,1,0.6,28,10,23,1,False,1,0
736.23,card,insufficient_funds,1,0.6,14,19,10,1,False,0,0
2727.57,upi,insufficient_funds,4,1.2,7,20,4,2,True,0,0
3593.52,upi,high_risk_fraud,3,1.8,19,14,14,1,False,0,0
1043.18,card,network_timeout,4,0.2,26,13,1,0,False,1,0
1553.41,upi,bank_outage,1,1.7,12,18,5,0,False,0,1
3209.58,upi,insufficient_funds,2,1.0,2,3,4,0,True,0,1
5152.42,card,insufficient_funds,1,2.4,14,12,5,1,True,0,1
1487.74,card,insufficient_funds,2,1.4,4,10,2,0,False,0,1
3712.67,card,network_timeout,1,1.5,8,11,2,1,False,0,1
4316.78,card,bank_outage,1,0.2,12,21,7,0,False,0,1
662.53,card,authentication_failed,3,3.2,4,9,0,1,False,0,0
1165.63,subscription_mandate,insufficient_funds,2,5.2,24,6,9,2,False,1,0
841.6,card,card_expired,1,0.1,18,11,6,1,False,0,1
1612.0,upi,insufficient_funds,1,3.8,13,18,16,1,True,0,1
2291.55,card,insufficient_funds,1,1.4,10,16,7,2,True,0,1
2567.36,upi,card_expired,2,2.2,25,9,2,0,False,0,1
1388.81,card,bank_outage,2,0.9,17,18,3,1,False,0,1
4430.01,card,card_expired,1,1.6,6,10,3,0,False,0,1
412.58,card,card_expired,1,0.3,31,12,6,1,False,0,0
1606.49,netbanking,insufficient_funds,3,1.8,2,11,6,1,True,1,1
5964.01,upi,card_expired,1,11.7,2,15,18,1,True,1,0
1925.82,subscription_mandate,card_expired,2,0.0,29,10,1,0,False,1,0
5488.36,upi,network_timeout,1,1.8,10,8,0,3,False,0,1
2757.05,card,card_expired,2,0.7,10,7,11,0,True,0,0
741.47,card,card_expired,3,7.0,6,14,10,0,True,0,1
1336.88,card,card_expired,1,0.8,20,23,4,3,False,1,0
5995.84,subscription_mandate,insufficient_funds,1,0.8,17,14,14,1,True,1,0
1913.03,upi,card_expired,1,1.5,26,17,8,1,True,0,0
9950.99,card,insufficient_funds,1,0.1,19,19,4,0,True,0,1
748.52,upi,network_timeout,1,0.2,31,11,11,0,True,1,1
3260.66,card,authentication_failed,1,1.2,18,5,4,0,False,1,1
1327.6,netbanking,insufficient_funds,1,7.0,5,14,4,1,True,0,1
1099.85,card,insufficient_funds,1,0.5,19,6,11,0,True,1,1
1306.92,card,insufficient_funds,1,7.7,1,18,19,0,False,0,1
2698.06,card,high_risk_fraud,2,1.1,14,16,7,0,True,1,0
4055.11,card,card_expired,1,0.9,14,10,30,0,True,0,1
2846.63,upi,insufficient_funds,2,1.0,15,14,4,0,True,0,1
2543.0,subscription_mandate,bank_outage,2,7.5,21,10,8,0,True,1,1
4534.01,upi,network_timeout,1,2.3,22,10,20,0,False,0,1
3838.3,card,insufficient_funds,2,1.8,1,9,12,1,False,0,1
936.01,card,insufficient_funds,1,1.4,25,11,10,2,True,0,0
1154.83,upi,card_expired,1,4.1,10,9,19,2,False,0,1
3535.91,netbanking,card_expired,2,2.9,7,22,6,1,False,0,0
3698.09,upi,authentication_failed,1,0.5,24,16,4,0,True,1,1
1148.26,card,bank_outage,1,2.3,27,19,5,1,False,1,1
3726.84,card,card_expired,3,3.4,25,11,5,0,True,1,0
1357.35,upi,bank_outage,2,2.8,16,11,9,0,False,1,1
2738.54,card,bank_outage,1,4.5,27,18,0,1,False,1,1
4855.47,subscription_mandate,card_expired,1,0.0,28,6,4,1,True,1,0
645.79,upi,authentication_failed,1,6.8,21,19,7,1,True,0,1
2323.27,card,insufficient_funds,1,1.0,25,12,4,0,False,1,1
2654.75,netbanking,insufficient_funds,2,3.5,19,17,23,2,True,0,0
9539.93,card,insufficient_funds,1,0.3,10,19,4,0,False,0,0
1130.81,upi,network_timeout,1,2.7,4,12,7,3,True,0,1
3755.95,netbanking,network_timeout,4,5.2,31,21,7,0,False,0,0
1823.51,upi,authentication_failed,2,0.6,9,17,4,2,True,0,1
2361.68,card,bank_outage,2,2.1,10,8,2,1,False,0,1
4701.49,upi,insufficient_funds,1,0.5,28,18,3,0,False,0,1
2408.53,upi,authentication_failed,1,0.8,4,19,12,0,True,1,1
1773.41,card,insufficient_funds,1,5.1,21,14,15,2,True,1,1
1653.09,card,bank_outage,1,0.8,27,16,7,1,True,1,1
3107.57,subscription_mandate,high_risk_fraud,1,0.5,13,14,7,3,True,1,0
5362.56,upi,network_timeout,4,0.9,21,5,3,1,False,0,0
5686.24,upi,network_timeout,3,10.0,9,17,14,1,True,0,1
7612.74,card,network_timeout,2,2.6,5,14,2,0,False,0,1
4571.8,upi,insufficient_funds,4,1.4,24,10,2,2,False,0,0
837.14,subscription_mandate,insufficient_funds,1,8.3,26,14,1,0,False,1,1
2538.84,card,insufficient_funds,2,3.2,25,12,7,0,True,1,1
11705.84,subscription_mandate,card_expired,2,1.5,11,16,11,0,True,1,0
2152.17,card,insufficient_funds,1,0.1,17,18,4,0,True,0,0
3262.2,upi,authentication_failed,1,0.6,31,22,4,0,True,0,1
8931.24,upi,network_timeout,2,0.9,22,16,1,0,False,1,1
1029.55,card,network_timeout,1,0.7,15,18,4,2,False,0,1
2850.01,upi,network_timeout,1,0.9,15,13,6,2,False,0,1
2949.58,card,network_timeout,3,0.2,17,13,6,2,False,1,1
1554.53,card,card_expired,1,2.8,29,3,9,1,True,0,1
1822.83,upi,network_timeout,1,3.4,9,18,7,1,False,0,1
965.42,upi,insufficient_funds,1,1.2,4,9,2,2,False,0,1
3171.81,card,insufficient_funds,1,14.0,1,18,4,0,True,0,1
1328.86,subscription_mandate,authentication_failed,1,0.2,1,7,10,1,True,1,1
4783.98,card,card_expired,4,2.0,12,12,4,1,True,1,1
925.56,card,card_expired,1,0.3,29,18,4,2,True,0,0
4286.17,netbanking,high_risk_fraud,1,14.0,8,8,17,0,True,1,0
1892.68,card,authentication_failed,1,5.1,12,6,9,1,True,1,1
6319.53,card,authentication_failed,1,4.6,13,16,12,1,True,0,1
1316.79,upi,insufficient_funds,4,3.6,24,3,7,3,True,0,0
1422.94,card,bank_outage,2,0.1,16,7,6,1,False,1,0
1601.73,card,bank_outage,2,5.9,2,11,19,0,True,0,1
4259.72,card,network_timeout,1,0.0,7,11,2,0,False,0,1
1898.45,upi,network_timeout,2,0.3,15,20,3,0,False,1,1
1307.76,subscription_mandate,insufficient_funds,2,3.9,10,13,1,1,False,1,0
1614.67,upi,insufficient_funds,2,4.7,7,18,7,0,False,1,1
2217.08,card,high_risk_fraud,1,0.6,30,19,9,0,True,0,0
12747.87,card,bank_outage,1,0.3,14,11,13,2,True,0,1
3238.83,netbanking,card_expired,1,3.9,21,18,3,1,False,0,1
536.47,upi,card_expired,1,4.9,25,7,7,1,False,0,1
6552.54,card,bank_outage,3,4.3,18,12,1,1,False,0,0
4878.44,card,card_expired,2,1.4,8,20,8,1,True,0,1
2871.08,subscription_mandate,insufficient_funds,2,1.4,10,20,6,0,True,1,0
3540.33,upi,insufficient_funds,1,4.2,9,11,6,0,True,0,1
1499.66,card,card_expired,1,2.6,2,20,14,1,True,0,1
1835.19,upi,insufficient_funds,1,0.1,21,19,4,2,False,1,1
712.83,card,card_expired,1,1.6,9,18,2,0,False,0,0
2910.88,netbanking,card_expired,2,0.8,20,13,13,1,True,1,1
15754.12,netbanking,network_timeout,1,4.9,14,20,9,1,False,1,1
5349.32,upi,authentication_failed,3,6.5,21,18,14,1,True,0,1
1234.37,card,insufficient_funds,1,1.8,3,5,3,1,False,0,1
1219.51,card,insufficient_funds,1,1.0,11,17,8,0,False,0,1
5471.05,upi,network_timeout,2,1.1,26,13,5,1,False,0,1
2127.0,card,network_timeout,1,0.6,1,8,9,1,True,0,1
22059.35,card,card_expired,2,1.2,31,12,17,0,True,0,0
1053.92,card,insufficient_funds,1,2.4,22,11,5,0,False,0,0
2674.84,upi,bank_outage,2,3.5,28,16,8,4,True,0,1
5643.85,upi,insufficient_funds,1,1.4,7,20,7,0,False,0,1
749.92,netbanking,bank_outage,1,1.0,19,17,8,1,True,1,1
5079.1,upi,network_timeout,2,2.0,8,17,2,2,False,0,1
5877.67,upi,insufficient_funds,1,1.8,11,14,7,2,True,0,1
5228.07,card,bank_outage,1,2.1,3,13,5,1,False,0,1
3726.04,card,bank_outage,1,2.7,14,11,5,1,True,1,1
782.44,subscription_mandate,card_expired,1,4.0,29,10,11,0,False,1,1
2182.09,card,card_expired,2,1.0,17,18,4,0,True,0,0
1887.11,netbanking,network_timeout,1,12.5,25,10,1,1,False,0,1
2234.7,card,network_timeout,2,3.2,5,2,8,2,True,0,1
1025.11,upi,insufficient_funds,1,4.6,24,15,8,0,True,0,1
9274.85,upi,insufficient_funds,2,0.5,29,17,6,0,False,1,1
5544.88,card,insufficient_funds,1,1.9,31,15,9,0,True,0,1
4013.4,card,insufficient_funds,1,0.5,23,10,16,0,False,0,1
2911.88,subscription_mandate,authentication_failed,1,1.6,2,19,2,2,False,1,1
3417.17,card,bank_outage,1,0.4,23,19,2,1,False,1,1
3289.41,card,card_expired,1,7.2,13,18,7,0,True,0,1
3536.24,card,card_expired,1,1.1,28,9,0,2,False,0,0
651.48,netbanking,insufficient_funds,3,7.1,1,17,8,1,False,1,1
1801.26,subscription_mandate,insufficient_funds,1,1.9,29,19,4,1,True,1,1
1933.25,upi,insufficient_funds,1,5.4,21,17,4,0,False,1,1
2020.34,netbanking,authentication_failed,4,6.5,13,8,7,2,True,1,1
10150.55,card,high_risk_fraud,2,3.2,16,17,5,1,True,0,0
5638.9,card,card_expired,1,6.2,6,21,1,1,False,1,0
3416.1,card,insufficient_funds,1,1.9,30,22,8,1,False,0,1
519.47,card,insufficient_funds,1,1.3,4,18,4,1,True,1,1
1687.75,upi,high_risk_fraud,1,8.4,21,10,5,1,False,0,0
2233.5,card,bank_outage,1,0.5,3,21,1,1,False,1,1
4904.49,upi,card_expired,1,4.2,31,19,1,1,False,0,1
9277.69,upi,authentication_failed,3,2.2,10,12,7,2,True,1,1
2409.19,netbanking,insufficient_funds,1,3.1,21,12,2,1,False,0,1
7113.44,upi,insufficient_funds,1,1.3,27,16,5,2,False,1,1
7555.85,upi,insufficient_funds,2,4.2,9,1,4,1,True,0,1
4414.97,card,network_timeout,1,1.7,24,20,4,1,True,0,1
681.72,card,card_expired,1,8.6,8,16,3,1,False,0,1
808.52,card,bank_outage,2,2.1,19,11,4,0,False,0,1
3603.22,card,insufficient_funds,2,2.1,18,4,3,2,False,0,0
233.12,upi,high_risk_fraud,1,0.1,26,18,3,1,False,0,0
4215.69,subscription_mandate,card_expired,1,3.0,14,13,1,1,False,1,0
3901.49,card,network_timeout,2,3.3,6,15,6,0,True,0,1
1006.59,card,insufficient_funds,1,0.9,11,8,11,2,True,1,1
4826.5,upi,network_timeout,1,3.6,24,17,9,1,True,0,1
834.73,card,bank_outage,1,2.6,27,15,9,0,True,1,1
789.25,card,insufficient_funds,2,2.4,27,14,11,1,True,0,1
2143.33,card,bank_outage,1,3.8,1,14,3,0,False,1,0
10046.67,card,network_timeout,1,0.6,10,20,7,1,False,1,1
4881.45,card,card_expired,2,0.5,9,9,0,0,False,0,0
2527.39,card,authentication_failed,4,4.4,24,19,9,2,True,1,1
9767.94,card,card_expired,1,4.7,5,8,11,1,True,1,1
6468.92,upi,bank_outage,1,3.0,7,8,4,0,True,0,1
2069.42,upi,insufficient_funds,1,1.5,15,14,2,0,False,0,1
268.81,card,authentication_failed,3,0.9,12,20,0,1,False,0,0
221.28,card,bank_outage,1,0.2,11,12,9,2,False,0,0
1702.49,subscription_mandate,card_expired,1,6.6,31,18,11,1,False,1,0
1563.48,card,bank_outage,1,7.2,22,21,8,0,True,1,1
1249.66,upi,insufficient_funds,4,5.2,18,11,4,0,True,1,0
3242.85,netbanking,authentication_failed,2,0.9,8,17,2,0,False,0,1
7168.51,card,card_expired,4,1.7,1,9,6,0,True,0,0
3375.03,upi,bank_outage,2,1.0,16,11,6,0,False,0,1
1039.17,subscription_mandate,insufficient_funds,1,0.2,26,6,9,1,False,1,1
1024.86,upi,insufficient_funds,1,3.5,8,10,4,0,True,0,1
816.44,upi,bank_outage,1,4.0,31,19,4,1,True,0,1
1580.75,upi,card_expired,1,0.4,1,11,2,0,False,1,0
1159.3,upi,insufficient_funds,1,0.9,15,10,13,0,True,0,1
2430.03,upi,bank_outage,1,1.0,3,13,8,1,True,0,1
2259.75,upi,high_risk_fraud,1,0.7,19,10,6,1,False,1,0
1881.11,netbanking,bank_outage,1,5.1,23,16,8,0,True,0,1
2571.76,upi,card_expired,3,0.5,19,15,3,1,False,0,0
5933.4,netbanking,card_expired,2,4.2,7,11,5,0,True,0,0
6254.54,card,authentication_failed,2,4.7,13,11,7,2,False,0,1
2093.05,subscription_mandate,insufficient_funds,2,4.0,31,21,15,1,True,1,1
2982.62,card,insufficient_funds,1,3.9,24,17,1,0,False,0,0
5686.63,subscription_mandate,bank_outage,1,1.1,25,19,2,0,False,1,0
4135.74,card,authentication_failed,1,5.5,6,12,2,1,False,0,1
13237.09,subscription_mandate,network_timeout,3,5.1,13,10,8,0,False,1,0
3234.68,subscription_mandate,insufficient_funds,1,0.8,5,15,8,1,False,1,1
1808.87,card,network_timeout,1,2.2,2,18,3,3,False,0,0
1778.38,card,card_expired,1,0.5,19,13,5,1,True,1,1
1590.59,subscription_mandate,insufficient_funds,1,2.9,22,20,9,0,False,1,1
2501.05,upi,network_timeout,2,1.0,21,18,3,1,False,0,1
3110.04,card,insufficient_funds,3,3.5,30,16,3,1,False,0,1
2432.74,card,insufficient_funds,3,0.5,19,18,7,0,True,0,1
1265.31,upi,insufficient_funds,1,2.1,21,14,7,0,False,0,1
2434.13,card,authentication_failed,2,0.3,4,17,12,0,True,1,1
913.0,card,card_expired,1,4.4,24,11,22,1,True,0,0
623.88,upi,network_timeout,1,4.5,1,18,5,2,False,1,1
3419.27,upi,card_expired,3,0.4,10,11,8,1,True,0,0
1640.99,subscription_mandate,insufficient_funds,1,0.2,23,11,9,1,True,1,1
2248.1,upi,high_risk_fraud,2,0.9,28,19,9,4,False,0,0
6209.7,upi,insufficient_funds,1,1.5,11,6,1,1,False,0,1
1455.05,card,authentication_failed,4,4.1,8,18,12,0,True,0,0
4114.44,netbanking,insufficient_funds,3,0.2,18,8,7,0,True,0,1
1963.17,card,bank_outage,2,0.5,15,12,12,0,False,0,1
5106.3,upi,high_risk_fraud,1,2.9,23,2,7,1,False,0,0
7781.12,card,insufficient_funds,3,4.8,7,13,4,2,True,0,0
5596.1,upi,network_timeout,1,0.3,3,14,11,0,True,1,1
4989.73,netbanking,insufficient_funds,1,4.8,16,6,7,2,True,1,1
3919.05,upi,high_risk_fraud,1,1.3,12,16,11,2,True,0,0
756.16,card,network_timeout,3,7.7,5,7,10,0,False,0,1
890.76,card,network_timeout,1,2.9,22,1,1,0,False,0,1
5731.25,upi,insufficient_funds,1,1.7,19,7,8,2,False,0,1
16080.59,upi,authentication_failed,1,1.7,8,15,19,0,True,1,1
3028.57,upi,card_expired,1,0.1,16,8,8,1,True,1,1
3864.22,upi,authentication_failed,2,0.3,13,10,2,2,False,1,1
25830.02,upi,insufficient_funds,1,2.6,8,11,4,1,False,0,1
3172.27,upi,insufficient_funds,1,0.6,11,21,10,1,True,0,1
2360.41,card,card_expired,2,0.9,14,0,3,1,False,1,1
159.96,upi,insufficient_funds,1,3.7,6,21,5,1,True,0,1
6033.47,card,network_timeout,1,1.7,15,17,15,1,True,0,1
7681.44,card,insufficient_funds,2,0.6,12,15,6,0,True,0,1
1828.1,subscription_mandate,insufficient_funds,1,0.9,11,23,14,0,False,1,0
3660.72,upi,bank_outage,1,0.4,10,21,14,0,False,0,1
1898.21,card,network_timeout,2,0.2,3,20,16,3,True,0,1
398.76,upi,insufficient_funds,3,4.5,23,14,5,0,True,0,1
3374.93,upi,insufficient_funds,3,1.3,25,17,7,1,False,0,0
1707.07,upi,card_expired,1,2.1,4,11,2,1,False,0,1
639.84,upi,network_timeout,3,2.5,5,10,1,2,False,0,1
753.99,card,insufficient_funds,3,1.2,1,10,0,3,False,1,0
15502.75,upi,bank_outage,1,1.5,7,3,7,0,False,0,1
7354.69,upi,card_expired,5,4.2,15,14,6,1,True,0,0
951.35,subscription_mandate,high_risk_fraud,1,0.2,19,19,5,0,True,1,0
4728.28,upi,bank_outage,1,0.2,24,8,10,4,False,0,1
3458.88,subscription_mandate,bank_outage,1,0.2,18,11,3,1,False,1,1
404.03,upi,card_expired,1,0.3,17,12,4,0,False,0,0
6515.67,card,card_expired,2,0.7,31,17,6,1,False,1,0
2185.66,card,authentication_failed,2,4.2,5,18,1,1,False,1,1
1071.0,card,card_expired,1,1.6,10,14,0,2,False,1,1
2090.71,card,insufficient_funds,2,3.7,18,11,6,3,True,1,1
2119.92,upi,insufficient_funds,1,0.2,6,12,5,0,False,1,0
874.62,upi,insufficient_funds,1,0.6,4,16,8,1,True,0,1
2175.51,upi,insufficient_funds,1,3.2,5,11,3,1,False,0,1
1911.07,upi,network_timeout,1,2.8,7,10,11,0,True,0,1
1699.13,card,bank_outage,2,0.1,28,11,4,3,False,0,1
4694.83,card,insufficient_funds,1,6.7,8,17,8,1,True,0,1
3299.73,card,insufficient_funds,1,3.3,20,7,3,0,False,0,0
884.81,subscription_mandate,bank_outage,2,1.4,20,10,25,1,True,1,1
2948.83,netbanking,insufficient_funds,1,1.1,9,13,6,0,False,0,0
1553.56,card,authentication_failed,1,3.0,23,17,5,1,True,0,1
4252.37,subscription_mandate,insufficient_funds,1,0.0,7,21,0,1,False,1,0
6039.78,subscription_mandate,high_risk_fraud,1,4.7,28,17,1,0,False,1,0
1246.01,subscription_mandate,network_timeout,1,2.2,8,11,17,2,True,1,1
627.98,upi,insufficient_funds,1,1.5,14,3,11,0,True,0,1
5429.28,upi,card_expired,1,0.1,27,10,3,0,False,0,1
2607.05,card,card_expired,2,2.6,17,14,0,1,False,0,0
3770.37,card,high_risk_fraud,1,0.6,25,20,8,1,True,0,0
365.32,card,insufficient_funds,1,4.1,27,10,7,2,True,0,1
975.34,subscription_mandate,bank_outage,2,1.3,22,14,4,0,False,1,0
1955.66,upi,network_timeout,2,8.3,1,2,3,0,False,0,1
2416.48,upi,card_expired,1,0.6,4,13,11,0,True,0,1
6779.51,card,bank_outage,1,3.8,12,3,2,0,False,0,1
4952.29,card,insufficient_funds,1,5.1,29,18,3,2,False,0,0
1556.55,card,card_expired,1,2.3,19,12,18,0,False,0,1
446.26,upi,insufficient_funds,2,0.9,25,2,4,0,True,0,0
1364.35,upi,authentication_failed,2,2.3,31,9,13,1,False,0,1
7477.05,upi,card_expired,1,1.0,8,11,12,0,True,0,0
2025.35,upi,high_risk_fraud,1,2.9,4,8,8,0,False,1,0
2916.87,card,insufficient_funds,4,0.5,16,13,14,1,True,0,0
3975.15,card,insufficient_funds,1,2.1,11,9,4,2,True,0,1
2721.4,card,insufficient_funds,1,1.6,24,10,16,0,True,0,1
3603.05,netbanking,authentication_failed,2,1.7,16,21,9,0,False,0,0
1034.53,card,authentication_failed,1,0.8,26,16,14,1,True,1,1
2971.66,subscription_mandate,card_expired,1,3.5,22,8,9,1,False,1,0
5086.17,upi,network_timeout,2,4.0,14,9,3,1,False,0,0
2668.41,upi,card_expired,1,7.9,29,18,8,0,True,0,0
439.01,upi,insufficient_funds,1,0.6,4,17,7,1,True,0,1
3912.28,subscription_mandate,bank_outage,2,1.6,18,18,4,1,False,1,0
3601.46,upi,network_timeout,1,1.0,30,7,18,1,True,0,1
1435.95,subscription_mandate,card_expired,1,0.7,28,18,8,0,False,1,0
2506.78,card,insufficient_funds,3,0.4,17,11,4,1,False,1,1
1131.5,card,card_expired,2,3.0,27,12,9,4,True,0,0
5767.69,upi,card_expired,1,2.4,8,10,5,3,True,0,0
541.89,subscription_mandate,insufficient_funds,1,2.2,26,16,7,0,True,1,1
1269.7,card,bank_outage,1,2.2,21,3,12,1,True,0,1
2042.67,upi,card_expired,1,7.5,16,20,6,1,True,0,0
9913.74,upi,card_expired,2,2.5,27,16,12,2,False,0,0
501.5,upi,high_risk_fraud,1,1.9,8,23,11,1,False,0,0
7515.6,card,network_timeout,1,1.6,23,11,7,0,False,0,1
9607.06,netbanking,authentication_failed,1,0.2,31,18,13,2,True,0,0
5852.87,card,network_timeout,3,0.3,11,17,7,0,False,0,1
4384.04,netbanking,network_timeout,1,4.6,13,3,18,1,False,0,1
885.75,card,bank_outage,2,2.0,22,17,4,1,True,1,1
2128.0,upi,insufficient_funds,1,0.4,20,19,16,1,True,0,1
3465.93,netbanking,card_expired,2,3.2,20,14,12,1,True,0,0
13111.95,card,network_timeout,1,3.8,24,16,4,0,True,0,1
2212.19,netbanking,card_expired,2,1.7,29,11,29,2,True,0,0
15200.64,card,bank_outage,3,0.5,8,10,3,0,False,0,1
771.75,card,network_timeout,1,1.2,11,18,4,0,True,1,1
4587.48,card,card_expired,2,7.3,15,11,4,0,True,0,0
3529.41,card,bank_outage,1,0.6,26,17,1,0,False,0,1
3643.18,card,bank_outage,2,0.2,9,9,3,0,False,1,1
2552.28,card,authentication_failed,1,4.9,9,9,6,1,False,1,0
1084.36,upi,network_timeout,1,2.9,28,9,15,0,False,0,1
4037.38,card,network_timeout,1,1.7,24,0,7,2,True,0,1
1868.16,card,insufficient_funds,2,5.3,17,7,4,1,True,0,1
1792.45,upi,bank_outage,2,1.7,30,18,8,1,False,0,1
8295.51,upi,insufficient_funds,2,11.0,2,11,10,1,False,1,1
2220.65,upi,high_risk_fraud,4,6.9,16,14,5,0,True,0,0
963.65,upi,insufficient_funds,2,2.6,24,11,15,1,False,0,1
1310.94,netbanking,authentication_failed,1,4.0,18,17,7,3,False,1,1
5494.62,subscription_mandate,network_timeout,1,0.8,30,3,7,1,True,1,1
607.28,upi,card_expired,2,0.5,9,20,4,0,False,0,0
2476.33,card,network_timeout,2,4.7,8,19,2,1,False,0,1
4245.22,upi,insufficient_funds,3,0.8,26,1,9,2,False,0,1
5467.11,upi,card_expired,2,1.9,22,17,4,0,False,0,1
2539.22,upi,network_timeout,2,1.0,30,20,8,1,True,0,1
7724.84,card,insufficient_funds,2,0.4,30,14,10,0,True,0,0
1349.79,subscription_mandate,insufficient_funds,1,5.8,27,17,13,0,True,1,1
2193.87,card,bank_outage,1,1.3,27,16,10,1,False,0,1
1362.35,upi,card_expired,1,3.9,30,17,13,2,False,0,0
582.07,upi,bank_outage,1,2.9,15,15,12,0,True,0,1
3709.96,subscription_mandate,network_timeout,2,1.2,24,8,8,2,False,1,0
603.27,upi,card_expired,1,6.8,21,10,2,1,False,1,0
3242.12,subscription_mandate,insufficient_funds,2,7.6,21,10,2,3,False,1,0
4238.65,card,card_expired,1,1.2,14,10,4,0,False,0,0
4904.08,upi,card_expired,3,2.6,31,0,0,1,False,1,0
964.03,upi,insufficient_funds,1,11.0,23,15,3,1,False,0,0
1103.15,card,insufficient_funds,2,0.6,11,21,4,2,False,0,0
3668.26,upi,insufficient_funds,2,0.1,25,18,8,1,True,0,1
3792.97,card,bank_outage,3,0.3,17,21,8,0,True,0,0
6184.6,upi,network_timeout,2,6.0,13,21,4,0,True,0,1
17394.14,upi,network_timeout,4,6.0,5,17,3,1,False,0,0
2877.36,subscription_mandate,insufficient_funds,1,2.6,16,10,7,2,True,1,1
2631.41,card,card_expired,4,1.6,15,12,6,2,True,1,1
3820.19,card,insufficient_funds,2,1.3,22,16,8,2,True,0,1
5269.08,subscription_mandate,network_timeout,1,3.0,24,17,2,2,False,1,1
3190.77,upi,card_expired,3,3.6,26,11,5,2,True,0,0
2524.84,netbanking,card_expired,2,0.7,5,3,2,1,False,0,0
739.67,card,card_expired,1,9.7,6,11,14,2,False,0,0
3352.52,upi,high_risk_fraud,2,4.1,2,9,1,2,False,0,0
9458.21,card,insufficient_funds,1,3.6,31,11,5,1,False,1,1
3642.32,upi,card_expired,3,2.0,9,18,4,0,True,0,1
1610.6,card,card_expired,1,7.0,27,19,1,0,False,0,1
2230.45,upi,network_timeout,2,0.5,21,13,9,1,True,0,0
295.19,card,card_expired,1,1.8,31,12,5,1,False,0,1
10166.15,upi,network_timeout,2,0.8,31,9,1,1,False,0,1
15903.89,card,card_expired,1,5.8,6,18,6,0,True,1,0
6283.68,card,insufficient_funds,1,2.1,16,8,7,1,True,0,1
2046.9,card,card_expired,1,3.9,15,19,20,2,False,0,0
5052.19,subscription_mandate,insufficient_funds,1,2.6,27,10,3,2,False,1,1
1802.18,card,network_timeout,1,0.5,25,7,2,0,False,1,1
798.06,netbanking,card_expired,1,7.8,19,17,9,1,True,0,1
5837.12,upi,bank_outage,1,0.8,9,12,8,2,True,0,1
1044.95,card,insufficient_funds,2,2.3,5,11,7,1,True,0,0
6690.92,card,authentication_failed,3,0.4,24,9,9,0,False,0,1
3989.62,upi,authentication_failed,1,10.9,2,2,8,0,True,0,1
991.05,card,bank_outage,2,3.2,27,10,3,0,False,1,1
1649.84,card,insufficient_funds,1,6.2,23,14,5,2,True,0,0
711.63,upi,bank_outage,3,2.3,14,12,4,0,True,0,1
3307.1,upi,insufficient_funds,1,2.1,22,20,2,0,False,0,0
7556.38,card,card_expired,1,0.8,19,15,2,0,False,0,0
742.99,upi,network_timeout,1,2.9,4,8,5,2,True,0,1
4584.34,upi,authentication_failed,1,0.4,23,20,5,0,True,0,1
492.74,upi,bank_outage,1,0.2,7,17,5,3,True,0,1
396.87,upi,network_timeout,3,3.5,29,15,7,0,False,0,1
12246.02,card,network_timeout,3,2.6,30,8,3,0,False,0,1
557.24,card,high_risk_fraud,1,3.5,20,17,11,0,True,1,0
3948.39,card,insufficient_funds,4,1.7,11,7,13,0,False,0,0
1808.33,upi,bank_outage,2,1.5,12,12,2,0,False,0,1
1598.09,netbanking,insufficient_funds,4,4.0,4,14,1,0,False,1,1
2075.92,card,card_expired,4,5.2,26,15,12,1,True,0,0
734.23,upi,card_expired,1,2.6,22,16,7,0,True,0,1
1699.88,card,network_timeout,1,0.4,9,9,1,3,False,0,1
5590.55,netbanking,network_timeout,2,0.9,23,19,12,1,False,0,1
2008.41,subscription_mandate,network_timeout,1,1.5,7,14,1,0,False,1,0
252.62,card,network_timeout,2,8.0,15,17,15,2,False,0,1
1486.68,upi,high_risk_fraud,1,5.5,21,17,4,2,True,0,0
2310.51,card,insufficient_funds,1,4.8,4,13,2,0,False,0,1
2736.62,card,insufficient_funds,1,0.9,23,17,8,1,False,0,0
1561.74,upi,bank_outage,1,4.3,30,9,13,1,True,0,1
6104.51,card,bank_outage,2,1.3,5,19,3,1,False,1,1
6780.8,upi,insufficient_funds,2,1.2,10,7,6,0,True,0,1
2004.74,subscription_mandate,network_timeout,1,5.1,1,13,13,1,True,1,1
623.45,upi,card_expired,3,1.8,12,19,0,0,False,1,0
1849.31,card,card_expired,1,0.3,27,9,2,0,False,1,1
763.76,card,high_risk_fraud,2,0.4,21,19,4,0,True,0,0
2521.82,netbanking,card_expired,1,0.6,4,19,6,0,True,0,1
1149.37,netbanking,insufficient_funds,1,0.3,6,15,6,0,True,0,0
2994.53,subscription_mandate,insufficient_funds,1,2.3,16,10,7,1,True,1,0
10253.63,upi,authentication_failed,1,0.1,4,10,7,1,True,0,1
11238.65,card,network_timeout,3,4.5,12,16,4,1,True,1,1
1321.16,card,network_timeout,1,1.7,5,17,7,0,False,0,1
440.64,upi,insufficient_funds,1,2.7,6,10,12,0,True,0,1
20149.79,card,card_expired,1,6.2,22,16,6,0,True,1,1
6195.83,netbanking,network_timeout,1,2.1,12,13,6,1,False,0,1
940.53,card,insufficient_funds,2,6.8,15,15,7,1,True,0,1
4367.86,card,network_timeout,1,6.3,11,11,2,0,False,0,1
2291.47,upi,authentication_failed,4,0.0,12,13,10,1,True,0,0
5436.45,upi,insufficient_funds,1,2.4,8,8,7,2,True,0,1
5030.16,card,card_expired,2,2.0,26,19,6,1,False,0,0
21169.24,upi,insufficient_funds,3,0.5,25,9,8,3,True,0,1
3674.52,upi,insufficient_funds,2,3.2,21,13,5,1,True,1,1
6107.86,upi,insufficient_funds,1,1.0,19,11,8,2,True,1,1
1866.69,upi,insufficient_funds,1,2.2,23,8,4,2,True,0,1
500.44,upi,insufficient_funds,2,0.7,24,7,7,2,False,0,0
2421.01,subscription_mandate,high_risk_fraud,1,8.0,8,11,5,1,True,1,0
7039.4,card,insufficient_funds,1,6.6,29,13,5,2,False,0,1
2343.61,card,insufficient_funds,1,0.1,1,16,8,1,False,1,1
742.87,card,bank_outage,2,2.5,29,18,3,1,False,0,1
1997.12,card,insufficient_funds,3,0.3,15,11,12,0,False,0,0
3594.86,subscription_mandate,network_timeout,1,1.3,2,7,7,0,False,1,1
4526.86,upi,network_timeout,2,6.2,6,11,3,0,False,0,1
741.48,card,insufficient_funds,3,0.3,27,21,12,0,True,1,1
6640.12,card,bank_outage,3,4.9,12,16,5,0,True,0,1
1951.1,card,card_expired,2,2.5,16,17,2,0,False,0,1
4228.96,upi,insufficient_funds,2,1.5,7,13,4,0,True,1,1
1957.39,card,authentication_failed,1,2.1,10,18,12,1,True,1,1
2653.53,upi,high_risk_fraud,4,0.6,22,21,1,0,False,0,0
10804.41,card,network_timeout,1,0.7,24,13,9,0,True,0,1
771.32,card,insufficient_funds,1,6.9,29,12,7,4,True,1,1
1589.27,upi,insufficient_funds,1,1.5,31,13,9,0,False,0,1
2737.07,card,insufficient_funds,1,1.0,19,9,1,1,False,1,1
3257.14,card,insufficient_funds,1,2.6,18,12,3,0,False,0,0
2807.33,upi,high_risk_fraud,1,0.0,13,19,7,1,False,0,0
246.12,netbanking,insufficient_funds,1,1.5,12,16,7,0,False,1,0
5604.67,upi,card_expired,3,2.7,24,15,0,0,False,0,0
5123.9,card,insufficient_funds,1,0.1,11,15,7,1,False,0,1
712.65,card,network_timeout,2,0.9,28,17,3,3,False,0,0
1468.42,upi,insufficient_funds,2,1.6,30,11,6,3,True,0,1
971.92,card,insufficient_funds,2,4.3,7,19,15,0,False,0,0
2017.18,card,insufficient_funds,1,1.1,31,10,5,0,True,0,1
2603.89,subscription_mandate,insufficient_funds,1,0.1,4,15,4,1,False,1,1
5103.72,upi,insufficient_funds,1,2.9,15,19,2,0,False,1,1
2687.82,upi,card_expired,3,1.0,1,15,11,0,True,0,1
8942.68,card,insufficient_funds,1,9.8,2,22,4,1,True,0,1
1673.82,upi,authentication_failed,1,3.1,28,17,8,0,True,0,1
824.44,netbanking,insufficient_funds,1,5.1,4,12,3,1,False,0,0
535.29,upi,insufficient_funds,1,2.1,26,20,4,1,False,0,1
640.59,card,bank_outage,1,2.3,27,12,1,0,False,1,1
8384.96,card,insufficient_funds,1,0.9,18,20,2,1,False,0,1
3826.45,netbanking,insufficient_funds,1,3.3,3,14,10,0,True,1,1
1688.06,card,bank_outage,1,2.0,22,11,6,1,True,0,1
3341.8,upi,card_expired,2,2.1,21,14,9,1,True,0,1
1478.46,card,card_expired,2,0.7,14,8,8,1,False,0,1
1823.63,upi,bank_outage,4,5.8,31,17,2,1,False,0,1
2242.05,card,insufficient_funds,1,2.6,6,17,8,1,False,0,1
4023.3,upi,insufficient_funds,3,7.4,19,8,6,0,True,0,0
3059.63,card,network_timeout,1,0.5,3,18,5,0,False,0,1
962.44,card,network_timeout,2,1.1,9,18,18,2,True,0,1
2013.06,upi,network_timeout,2,4.8,24,15,11,1,True,0,1
894.77,card,high_risk_fraud,2,0.7,14,19,8,1,True,0,0
1044.86,card,insufficient_funds,3,1.4,20,11,5,1,True,1,1
6241.24,card,network_timeout,5,1.2,5,13,3,2,False,1,1
3505.57,upi,insufficient_funds,2,3.4,27,15,1,0,False,0,1
8479.04,subscription_mandate,network_timeout,3,1.0,31,10,5,2,True,1,1
8363.22,card,insufficient_funds,1,8.3,10,11,6,1,False,0,1
2837.15,card,card_expired,2,0.9,1,11,10,0,True,0,0
2870.3,card,network_timeout,3,1.5,10,8,5,0,True,0,1
2265.18,card,insufficient_funds,3,2.3,15,19,4,3,True,0,0
5820.8,card,network_timeout,1,1.8,6,20,12,1,False,0,1
2753.42,card,card_expired,1,2.8,2,8,8,1,True,1,0
1249.1,upi,high_risk_fraud,2,4.1,16,4,4,0,True,0,0
4423.47,card,card_expired,1,5.4,16,17,4,1,False,1,0
2495.77,subscription_mandate,insufficient_funds,2,1.3,20,10,2,0,False,1,1
969.1,card,authentication_failed,2,0.7,18,13,7,1,True,0,1
4952.96,card,insufficient_funds,2,5.5,15,8,8,0,False,1,0
2600.51,upi,bank_outage,2,0.5,16,11,3,0,False,0,1
778.73,netbanking,bank_outage,1,2.3,5,7,11,0,False,0,1
1236.35,card,authentication_failed,2,1.0,10,15,8,0,True,0,1
1129.77,card,network_timeout,1,0.5,9,7,12,2,True,0,1
1725.81,card,bank_outage,2,4.1,4,18,3,3,False,0,1
3992.66,card,network_timeout,1,7.9,22,22,10,0,True,0,1
5995.79,subscription_mandate,insufficient_funds,1,0.8,21,14,6,2,True,1,1
5359.56,card,network_timeout,1,4.3,24,18,2,0,False,1,1
2066.88,subscription_mandate,bank_outage,2,12.5,2,16,6,1,False,1,1
4171.89,netbanking,network_timeout,1,2.0,23,13,3,1,False,0,1
3061.48,upi,insufficient_funds,1,0.8,13,20,9,1,True,1,1
790.0,upi,insufficient_funds,1,0.2,8,19,6,1,True,0,1
7565.92,upi,insufficient_funds,2,0.7,5,9,5,1,True,0,1
3106.04,card,insufficient_funds,1,6.3,22,18,4,2,False,0,0
1686.7,upi,bank_outage,1,3.5,10,10,8,0,True,0,1
2232.96,netbanking,bank_outage,1,2.1,5,22,4,4,True,0,1
5229.88,card,authentication_failed,1,4.9,1,15,13,0,True,0,1
2807.04,card,insufficient_funds,1,1.5,7,17,13,0,True,1,1
1654.54,upi,authentication_failed,2,6.0,25,7,9,0,True,0,1
778.67,card,bank_outage,2,0.3,18,12,16,1,True,0,1
295.78,card,authentication_failed,1,2.5,30,9,8,0,True,0,1
3630.51,card,network_timeout,1,4.4,21,10,4,1,True,1,1
4586.58,card,authentication_failed,1,2.3,3,4,4,4,False,0,1
1515.47,netbanking,insufficient_funds,1,1.8,14,20,2,0,False,0,0
11438.8,upi,insufficient_funds,1,1.7,9,15,18,1,True,0,1
3014.65,card,card_expired,2,3.5,19,9,1,1,False,0,0
2283.67,upi,insufficient_funds,1,3.5,1,18,9,0,True,0,1
1177.53,subscription_mandate,network_timeout,4,1.5,18,10,11,0,True,1,1
6485.25,card,insufficient_funds,2,2.4,16,5,1,1,False,0,0
2319.75,upi,bank_outage,1,1.8,19,19,11,3,False,0,1
535.54,subscription_mandate,insufficient_funds,4,0.5,23,18,10,1,False,1,0
4249.39,upi,authentication_failed,2,0.8,25,15,10,1,True,0,1
3591.35,upi,bank_outage,1,0.7,24,9,7,0,True,0,1
759.81,subscription_mandate,insufficient_funds,4,7.4,25,8,3,0,False,1,0
795.91,subscription_mandate,authentication_failed,1,1.9,22,3,12,1,False,1,1
11335.39,netbanking,card_expired,2,6.5,3,10,4,0,True,1,0
2676.67,upi,insufficient_funds,1,5.6,24,13,2,0,False,1,1
1093.85,subscription_mandate,card_expired,1,6.6,6,18,1,1,False,1,1
2034.08,upi,authentication_failed,2,0.1,2,12,1,0,False,1,0
1899.3,upi,bank_outage,1,1.9,6,11,2,0,False,0,1
716.33,subscription_mandate,insufficient_funds,1,0.1,6,4,4,2,False,1,1
17632.74,card,insufficient_funds,2,1.9,28,20,2,0,False,0,1
2077.92,card,card_expired,1,0.0,18,19,2,1,False,0,0
772.43,subscription_mandate,insufficient_funds,2,0.9,1,3,2,1,False,1,1
1332.31,card,insufficient_funds,1,8.1,28,9,5,0,False,1,1
1118.56,netbanking,insufficient_funds,1,3.2,15,21,14,2,True,0,1
1063.94,card,high_risk_fraud,2,0.2,11,9,3,1,False,0,0
10578.07,upi,card_expired,1,1.9,22,7,4,1,True,0,0
3452.41,netbanking,bank_outage,3,2.1,8,23,1,0,False,0,0
10006.26,card,bank_outage,1,0.5,1,19,5,1,False,0,1
17246.42,card,bank_outage,2,5.3,11,15,3,1,False,1,1
989.3,card,card_expired,1,0.6,5,21,7,2,False,0,1
3867.59,card,network_timeout,1,5.7,31,13,2,2,False,0,1
5768.04,netbanking,card_expired,2,0.9,1,17,3,1,False,0,0
1036.87,upi,authentication_failed,2,2.4,17,14,15,0,True,0,1
9970.59,upi,card_expired,4,2.4,17,1,9,0,False,0,0
10403.31,subscription_mandate,bank_outage,1,0.8,7,14,9,0,False,1,1
1361.3,subscription_mandate,bank_outage,1,0.7,21,17,7,1,False,1,1
22286.38,netbanking,bank_outage,1,4.2,4,7,5,0,True,1,1
1263.13,card,authentication_failed,1,0.4,2,7,1,1,False,0,1
5110.07,subscription_mandate,bank_outage,1,6.1,20,0,9,2,True,1,1
2676.61,upi,bank_outage,1,1.5,26,17,4,0,True,0,1
1273.99,upi,insufficient_funds,2,12.8,22,2,0,0,False,0,0
9629.1,card,card_expired,2,4.0,1,20,4,1,True,0,1
993.31,netbanking,network_timeout,3,5.1,4,20,5,2,True,0,1
2800.99,upi,insufficient_funds,3,2.2,22,16,5,1,False,1,1
2450.63,card,insufficient_funds,2,0.3,19,13,2,0,False,0,1
2620.94,upi,card_expired,1,1.6,5,16,7,1,True,0,0
1634.16,card,insufficient_funds,2,0.3,15,0,6,0,False,0,1
2389.44,subscription_mandate,insufficient_funds,2,1.1,23,17,7,3,True,1,1
2546.83,card,high_risk_fraud,1,1.3,10,12,0,0,False,0,0
2117.33,subscription_mandate,bank_outage,2,5.2,28,13,2,1,False,1,1
2028.76,upi,insufficient_funds,1,1.1,7,19,11,0,True,1,0
8151.79,card,card_expired,1,0.1,26,9,2,2,False,0,0
3164.57,card,authentication_failed,2,0.9,4,15,6,1,True,0,1
3751.2,upi,network_timeout,1,1.6,29,19,4,1,True,0,1
1195.63,card,insufficient_funds,2,1.5,15,10,7,0,False,0,1
9095.71,upi,bank_outage,1,0.4,31,11,10,1,True,0,1
702.5,netbanking,insufficient_funds,1,5.5,22,21,4,0,True,0,1
1383.12,upi,insufficient_funds,1,10.2,2,9,6,1,True,0,1
2942.54,netbanking,insufficient_funds,1,1.9,18,8,7,2,False,0,1
1588.02,card,insufficient_funds,2,2.1,17,8,6,1,False,0,0
690.63,upi,insufficient_funds,1,1.1,2,17,4,1,True,0,1
6920.43,netbanking,insufficient_funds,1,0.2,6,11,10,0,False,0,0
8539.86,card,card_expired,1,6.0,22,11,3,3,False,0,0
3281.94,card,bank_outage,2,0.9,23,9,3,0,False,0,1
3914.9,card,network_timeout,1,1.7,26,1,8,0,True,0,1
6397.62,subscription_mandate,insufficient_funds,2,0.1,19,12,1,1,False,1,1
1606.19,upi,card_expired,1,2.4,15,17,11,1,True,0,1
2330.6,upi,insufficient_funds,2,3.8,17,18,9,1,False,0,1
1682.7,card,network_timeout,1,4.5,9,17,0,1,False,0,1
2716.13,upi,insufficient_funds,3,1.3,15,14,3,1,False,0,0
2470.11,upi,insufficient_funds,1,7.5,24,7,1,1,False,1,1
1235.89,subscription_mandate,bank_outage,3,0.2,29,14,7,0,True,1,1
2090.14,subscription_mandate,network_timeout,2,1.7,15,22,8,1,True,1,1
7210.27,upi,card_expired,2,3.4,2,22,8,1,True,0,1
4086.72,subscription_mandate,card_expired,2,1.0,12,4,16,0,True,1,1
1344.65,upi,card_expired,1,3.4,18,22,9,1,False,0,0
2448.97,upi,card_expired,2,6.2,30,11,4,0,False,1,1
1559.06,upi,insufficient_funds,1,6.0,19,10,1,1,False,1,0
8287.61,upi,network_timeout,1,0.2,26,12,7,0,False,0,1
606.56,card,high_risk_fraud,2,2.5,25,14,2,1,False,0,0
1641.63,card,insufficient_funds,1,2.6,3,21,18,1,True,0,1
1153.35,card,card_expired,1,3.6,31,23,1,1,False,0,0
1068.69,upi,bank_outage,2,5.7,8,10,4,1,False,0,1
1751.6,netbanking,bank_outage,1,9.2,8,12,0,3,False,1,1
2140.46,subscription_mandate,card_expired,1,0.3,20,18,2,2,False,1,1
5319.28,subscription_mandate,bank_outage,1,5.6,30,8,1,2,False,1,1
6445.3,card,authentication_failed,4,0.6,23,10,0,1,False,0,1
2851.09,card,insufficient_funds,1,5.3,28,8,17,1,True,0,1
278.63,upi,bank_outage,1,0.9,13,6,19,1,True,1,1
1243.75,card,network_timeout,1,9.5,3,13,4,0,False,0,1
3714.94,upi,bank_outage,1,1.5,12,15,14,0,False,0,1
1495.15,card,insufficient_funds,2,0.5,25,22,2,0,False,1,1
10656.64,upi,card_expired,1,0.7,17,19,2,2,False,0,0
3178.03,netbanking,authentication_failed,1,0.3,27,2,4,0,True,0,1
2722.22,subscription_mandate,insufficient_funds,2,0.3,2,20,6,1,False,1,1
900.78,upi,card_expired,1,0.6,31,19,3,0,False,0,0
4362.98,upi,insufficient_funds,1,2.0,1,9,2,2,False,0,0
2542.37,subscription_mandate,insufficient_funds,1,1.0,27,10,6,0,False,1,1
1451.94,subscription_mandate,network_timeout,1,0.1,10,12,7,1,True,1,1
2544.73,subscription_mandate,bank_outage,2,0.1,21,14,3,0,False,1,1
833.71,subscription_mandate,authentication_failed,2,2.3,27,8,3,1,False,1,1
3141.5,upi,card_expired,1,0.3,19,9,6,0,False,1,0
1327.9,card,network_timeout,1,0.5,25,6,14,2,True,0,1
1642.94,upi,card_expired,1,1.4,27,18,11,1,False,0,0
6428.67,card,card_expired,2,0.3,25,18,7,1,True,1,0
800.39,upi,network_timeout,1,0.9,29,18,1,1,False,0,1
810.85,card,bank_outage,3,1.1,19,15,10,1,False,0,0
1449.58,card,insufficient_funds,3,1.0,24,13,5,1,True,1,1
2265.27,card,network_timeout,4,4.3,20,0,15,0,True,0,1
3323.78,card,insufficient_funds,1,7.0,16,9,6,0,True,0,0
1173.89,upi,network_timeout,1,2.3,16,20,2,0,False,0,0
768.32,upi,insufficient_funds,2,1.3,13,2,3,0,False,0,1
1582.07,netbanking,card_expired,1,0.0,4,12,4,0,False,0,1
3491.21,upi,bank_outage,1,0.1,21,13,10,3,True,1,1
3571.96,subscription_mandate,insufficient_funds,1,0.7,29,14,4,0,True,1,1
851.85,card,card_expired,5,1.4,26,18,4,2,False,1,0
760.79,upi,authentication_failed,1,1.3,22,12,16,2,True,0,1
405.22,card,insufficient_funds,1,0.1,5,15,6,1,True,0,1
1090.26,card,insufficient_funds,1,2.1,11,9,7,1,True,0,1
2041.44,card,bank_outage,1,2.5,16,17,3,1,False,0,1
1782.37,card,insufficient_funds,3,3.0,6,13,10,1,True,0,1
2400.88,upi,authentication_failed,1,2.7,28,13,3,0,False,0,1
4401.14,card,network_timeout,1,0.6,26,18,2,1,False,1,1
3298.86,subscription_mandate,bank_outage,2,0.0,2,12,10,1,True,1,1
2193.52,upi,network_timeout,1,0.7,16,14,4,0,True,1,1
4210.17,netbanking,insufficient_funds,3,4.1,13,17,1,0,False,0,1
3000.45,upi,authentication_failed,1,1.3,16,20,14,1,True,0,1
4600.37,upi,authentication_failed,1,2.1,8,10,0,0,False,1,0
1442.32,card,insufficient_funds,3,1.3,11,11,6,1,False,0,0
812.75,card,authentication_failed,1,0.2,17,1,4,2,True,1,1
6652.32,card,insufficient_funds,1,2.2,17,8,16,1,False,0,1
1748.41,upi,insufficient_funds,1,0.0,14,17,27,0,True,1,1
802.97,card,card_expired,1,0.7,8,11,6,0,True,0,1
1767.3,card,network_timeout,1,2.9,22,2,6,0,True,0,1
2688.25,card,network_timeout,1,4.4,7,17,8,1,True,1,1
5701.9,netbanking,insufficient_funds,1,2.2,13,13,13,0,True,0,1
141.46,card,bank_outage,1,0.3,12,19,14,3,False,1,0
1725.25,subscription_mandate,authentication_failed,3,3.0,3,19,8,0,False,1,1
6072.2,upi,bank_outage,3,11.4,24,11,2,1,False,0,0
24138.16,card,insufficient_funds,2,1.4,7,9,17,0,True,0,1
5017.23,card,high_risk_fraud,2,0.8,28,9,9,0,False,0,0
2187.6,card,card_expired,2,0.6,28,10,6,1,True,1,1
1879.24,upi,high_risk_fraud,1,1.4,24,17,9,0,True,1,0
578.53,upi,bank_outage,1,1.0,30,15,12,0,True,0,1
26778.61,card,insufficient_funds,4,3.1,19,10,4,1,True,1,0
4596.79,subscription_mandate,high_risk_fraud,1,5.8,14,17,15,1,True,1,0
3750.25,card,bank_outage,1,0.6,14,17,5,2,False,0,1
2655.02,upi,network_timeout,2,1.4,13,19,9,1,True,0,1
3474.14,upi,card_expired,1,0.7,16,22,10,1,True,1,1
1253.21,card,insufficient_funds,1,2.4,14,19,5,0,False,0,1
1212.6,card,authentication_failed,3,2.5,1,11,20,1,True,1,1
2242.37,upi,bank_outage,3,5.1,2,19,8,0,True,1,1
1344.15,card,network_timeout,2,4.1,12,20,5,2,True,0,1
410.38,subscription_mandate,authentication_failed,1,4.1,13,3,5,0,True,1,1
2695.86,subscription_mandate,bank_outage,1,0.6,4,13,7,2,True,1,1
3772.35,subscription_mandate,card_expired,1,1.9,14,0,2,1,False,1,1
1377.29,card,authentication_failed,1,3.6,9,11,6,0,True,0,0
2239.96,upi,bank_outage,1,1.0,5,21,18,0,True,1,1
1351.53,card,insufficient_funds,1,2.1,13,11,5,3,True,0,1
1181.37,upi,insufficient_funds,1,1.9,23,12,6,0,True,0,1
1247.16,card,bank_outage,2,2.7,31,4,22,1,False,0,1
1652.82,netbanking,card_expired,3,1.7,8,17,5,1,True,1,1
559.6,card,bank_outage,1,4.8,10,17,5,2,False,0,1
2788.72,upi,authentication_failed,1,0.1,26,18,4,2,False,1,0
9372.41,card,network_timeout,2,4.6,5,10,6,1,True,1,1
2979.14,netbanking,bank_outage,4,3.3,3,12,13,1,False,0,1
3207.44,card,card_expired,2,0.2,6,10,13,0,False,0,1
1669.33,upi,card_expired,3,0.1,25,17,11,0,True,1,0
6874.52,card,network_timeout,1,0.2,28,16,12,0,True,0,1
2420.61,upi,card_expired,1,3.2,17,13,5,0,True,1,1
378.34,upi,insufficient_funds,4,3.0,19,11,8,2,True,0,0
3502.19,subscription_mandate,card_expired,1,4.0,4,15,8,1,True,1,1
9027.42,card,card_expired,2,0.6,30,18,4,2,False,1,1
6683.04,upi,insufficient_funds,1,2.7,24,12,6,0,True,0,1
2316.07,upi,authentication_failed,3,1.1,26,10,12,2,True,0,1
2923.17,upi,insufficient_funds,1,2.9,18,8,8,0,True,0,1
454.58,upi,insufficient_funds,2,1.1,9,6,1,0,False,0,0
3478.76,upi,bank_outage,3,0.2,23,10,14,1,False,1,1
4447.26,card,bank_outage,1,0.3,6,20,7,0,True,0,1
1707.54,subscription_mandate,authentication_failed,2,2.6,16,8,11,0,True,1,1
1186.78,subscription_mandate,high_risk_fraud,2,5.1,24,14,15,1,True,1,0
4062.46,subscription_mandate,authentication_failed,2,1.2,24,20,5,1,True,1,1
5257.91,card,insufficient_funds,1,2.5,9,0,3,2,False,1,1
3060.2,card,insufficient_funds,2,0.2,17,18,10,2,True,0,0
6533.58,upi,card_expired,1,7.6,22,18,22,1,False,0,1
2513.74,card,network_timeout,1,1.4,9,10,9,1,True,0,0
2784.49,subscription_mandate,bank_outage,2,3.6,6,23,1,2,False,1,0
2183.43,card,insufficient_funds,1,2.5,9,18,6,0,False,0,0
1280.2,card,insufficient_funds,1,0.7,19,6,3,0,False,0,1
14895.04,upi,high_risk_fraud,2,1.3,28,8,5,0,True,0,0
1120.84,subscription_mandate,network_timeout,2,1.7,30,22,8,0,True,1,1
1093.3,upi,insufficient_funds,1,1.7,18,17,7,1,True,0,0
2164.69,upi,bank_outage,4,0.2,2,13,4,0,False,1,1
699.68,card,insufficient_funds,2,5.2,30,14,8,0,False,1,1
5412.87,subscription_mandate,insufficient_funds,1,1.8,19,7,9,1,True,1,1
3068.44,card,network_timeout,1,1.6,15,9,2,0,False,0,1
6568.81,subscription_mandate,card_expired,1,0.7,27,18,10,2,True,1,1
757.47,netbanking,insufficient_funds,1,4.8,28,10,5,3,False,0,1
1593.07,upi,bank_outage,2,0.9,25,11,4,0,False,1,1
1616.75,card,bank_outage,4,5.2,5,21,15,1,True,0,1
24436.13,card,network_timeout,2,0.2,22,8,2,2,False,1,1
846.91,upi,card_expired,1,1.3,6,18,17,0,False,1,1
549.61,upi,insufficient_funds,2,5.2,7,17,10,0,False,1,1
559.17,subscription_mandate,authentication_failed,1,0.6,11,16,3,1,False,1,1
5855.17,subscription_mandate,network_timeout,2,2.6,13,12,5,1,True,1,1
477.43,card,network_timeout,2,1.8,11,12,18,2,True,0,1
4026.38,card,insufficient_funds,3,2.2,16,17,18,2,True,0,0
802.2,upi,insufficient_funds,3,0.4,23,7,9,0,True,1,1
1807.55,card,bank_outage,2,4.4,24,20,1,0,False,1,1
2035.98,netbanking,network_timeout,4,0.8,12,18,4,1,True,1,1
15777.7,upi,network_timeout,2,3.4,31,18,6,0,True,0,1
1439.25,upi,card_expired,1,1.9,9,10,3,1,False,0,0
3760.87,card,card_expired,2,4.3,23,9,6,0,True,0,0
3959.87,card,network_timeout,1,1.0,11,9,7,1,True,0,1
1095.56,card,insufficient_funds,2,4.5,29,19,0,1,False,0,1
1422.29,upi,insufficient_funds,2,0.2,19,18,3,2,False,0,1
1116.04,card,insufficient_funds,1,0.4,1,8,5,0,True,0,1
6723.6,netbanking,card_expired,1,1.8,6,11,8,0,True,1,0
16378.64,card,bank_outage,1,1.2,22,10,14,2,False,0,1
418.91,card,card_expired,1,6.4,29,8,9,2,True,0,0
4434.69,card,insufficient_funds,2,2.5,20,17,7,1,False,0,1
2254.42,netbanking,insufficient_funds,1,10.9,1,17,1,1,False,1,1
1610.93,upi,bank_outage,1,0.1,7,9,8,0,True,0,1
1032.86,card,authentication_failed,1,5.1,11,17,9,1,False,0,1
660.72,upi,card_expired,2,1.5,25,21,16,2,False,1,1
1008.85,subscription_mandate,card_expired,2,0.7,30,11,4,1,False,1,1
2389.95,card,insufficient_funds,1,3.1,30,10,10,0,True,1,1
1846.36,upi,network_timeout,1,8.4,28,10,12,2,True,0,1
35211.59,card,network_timeout,1,1.4,26,18,1,2,False,0,1
4371.66,card,insufficient_funds,1,1.3,17,9,7,1,True,0,1
1386.04,netbanking,network_timeout,3,6.1,21,9,4,1,True,1,1
773.89,upi,card_expired,1,4.2,22,9,11,0,True,0,1
1484.72,card,network_timeout,1,4.6,7,15,12,1,True,0,1
327.84,upi,insufficient_funds,4,3.2,18,18,3,0,False,0,1
8840.49,upi,insufficient_funds,1,1.2,17,13,7,1,True,0,1
3028.92,subscription_mandate,card_expired,5,2.3,14,19,14,0,True,1,0
2056.23,upi,insufficient_funds,2,2.4,22,16,4,3,False,1,0
3975.72,upi,high_risk_fraud,2,1.0,13,9,5,0,True,0,0
4057.36,card,insufficient_funds,1,6.2,30,16,4,0,False,0,1
1801.12,upi,insufficient_funds,1,3.1,10,16,3,1,False,0,1
6149.9,netbanking,bank_outage,2,1.1,2,19,5,0,True,0,1
908.36,card,insufficient_funds,2,6.8,9,11,11,1,True,1,1
5456.05,card,card_expired,2,0.6,17,1,5,0,False,0,1
1174.57,card,card_expired,1,0.5,21,15,5,0,False,0,1
5865.09,card,card_expired,1,0.9,25,16,14,1,True,0,1
2688.04,upi,card_expired,1,8.5,23,21,3,1,False,0,0
3653.13,card,insufficient_funds,1,3.4,24,1,6,0,False,0,1
8458.66,upi,insufficient_funds,4,0.4,23,10,2,1,False,0,0
2973.92,upi,network_timeout,1,0.5,12,18,9,2,True,0,1
3224.01,subscription_mandate,card_expired,2,3.4,14,18,2,0,False,1,1
6955.9,subscription_mandate,card_expired,1,4.6,24,10,5,0,True,1,1
1049.92,netbanking,authentication_failed,2,3.2,29,9,9,0,True,0,0
4953.45,upi,insufficient_funds,1,0.6,23,11,5,1,True,0,1
6303.14,subscription_mandate,network_timeout,1,0.7,27,0,6,2,True,1,1
1303.91,card,card_expired,1,2.0,15,13,5,0,False,0,0
2201.85,netbanking,high_risk_fraud,1,2.5,11,9,11,0,False,1,1
1776.06,card,high_risk_fraud,3,1.1,21,18,5,1,True,0,0
4253.57,card,card_expired,1,6.6,2,10,3,1,False,0,1
2025.98,upi,bank_outage,5,7.0,16,16,5,1,True,0,1
2558.86,subscription_mandate,insufficient_funds,1,0.7,6,19,8,1,True,1,1
789.08,upi,card_expired,2,3.7,25,18,3,1,False,1,0
778.57,card,card_expired,1,1.2,13,9,13,2,False,0,0
4316.08,upi,insufficient_funds,1,1.3,11,17,4,0,True,1,0
8281.94,card,network_timeout,1,6.8,20,21,4,2,False,1,0
548.21,card,insufficient_funds,1,1.4,3,10,4,1,False,0,1
662.1,card,high_risk_fraud,1,0.1,12,16,7,0,False,0,0
453.59,card,card_expired,2,2.1,27,9,12,1,True,0,0
1322.26,card,insufficient_funds,1,2.0,21,14,16,0,True,0,1
1012.34,subscription_mandate,bank_outage,1,3.4,2,3,3,2,False,1,1
1508.77,upi,insufficient_funds,1,3.1,20,9,9,5,True,0,1
7614.44,card,insufficient_funds,1,2.9,11,8,8,0,True,1,1
3425.66,upi,card_expired,2,3.2,5,9,4,1,True,0,0
3352.92,card,high_risk_fraud,2,0.0,27,17,21,2,False,0,0
865.51,card,card_expired,1,7.4,6,11,11,2,False,1,1
3545.67,upi,network_timeout,1,4.8,20,17,6,0,True,0,0
1476.8,card,insufficient_funds,1,0.1,9,18,1,2,False,0,0
1490.54,upi,bank_outage,1,3.5,13,0,14,0,False,1,1
109.26,upi,insufficient_funds,1,1.8,28,17,25,1,True,1,1
9669.26,card,network_timeout,2,0.6,29,13,9,1,True,0,1
1347.08,netbanking,card_expired,4,3.1,5,13,2,1,False,1,0
9557.86,subscription_mandate,bank_outage,1,8.0,10,16,13,0,True,1,1
5175.13,subscription_mandate,card_expired,1,8.3,22,13,3,3,False,1,0
722.43,card,network_timeout,3,2.3,5,16,0,0,False,1,0
9590.12,card,network_timeout,1,0.4,23,12,8,1,True,0,1
8958.88,card,network_timeout,3,0.2,21,10,8,1,True,0,1
662.82,upi,card_expired,1,1.6,30,13,6,1,False,0,0
4295.71,upi,card_expired,1,0.4,20,16,6,1,False,0,1
2684.58,upi,authentication_failed,2,0.3,10,10,15,1,True,0,1
5987.8,upi,insufficient_funds,2,0.2,27,10,4,2,True,0,0
4587.65,card,bank_outage,3,3.0,25,4,3,0,False,0,0
326.54,upi,authentication_failed,1,1.4,27,17,5,0,True,0,1
3642.27,upi,authentication_failed,1,12.2,18,2,6,1,True,0,1
19628.67,subscription_mandate,insufficient_funds,1,1.9,12,18,11,3,True,1,0
4027.52,card,authentication_failed,1,0.4,30,15,17,0,True,0,0
1780.41,card,insufficient_funds,2,2.8,4,13,7,0,True,1,1
1904.25,netbanking,insufficient_funds,1,4.5,26,16,11,1,True,0,1
780.88,netbanking,insufficient_funds,3,0.9,31,12,5,2,True,0,1
459.35,card,card_expired,1,4.5,13,10,5,1,True,1,1
8246.5,card,authentication_failed,1,1.9,23,14,2,2,False,0,1
2698.11,netbanking,authentication_failed,1,6.7,27,5,8,1,True,0,0
7467.85,upi,card_expired,2,2.5,1,20,2,0,False,1,0
931.02,card,insufficient_funds,2,0.9,8,13,4,0,False,0,0
2753.08,card,insufficient_funds,1,0.7,13,9,7,0,False,0,0
11887.14,card,bank_outage,1,1.5,4,18,6,1,False,1,0
2664.47,upi,insufficient_funds,1,0.9,7,12,5,2,True,0,1
1105.67,card,bank_outage,3,1.3,9,8,10,1,False,0,1
11766.08,upi,insufficient_funds,1,1.5,9,18,3,1,False,0,0
4780.87,upi,insufficient_funds,1,0.1,14,21,6,0,True,0,1
1265.06,card,authentication_failed,1,0.4,12,14,10,1,True,1,1
2446.57,card,network_timeout,1,2.2,24,18,4,0,True,0,1
1107.86,upi,card_expired,1,1.0,11,18,11,1,False,0,1
9073.55,card,network_timeout,1,3.3,6,22,9,1,True,0,1
1242.37,upi,bank_outage,2,1.4,6,9,9,0,True,1,1
3408.93,card,network_timeout,1,1.8,28,13,4,0,True,0,0
2036.72,card,bank_outage,1,5.1,26,7,1,0,False,0,1
736.84,card,authentication_failed,1,2.6,2,13,8,0,True,1,1
2597.07,subscription_mandate,insufficient_funds,1,1.6,27,12,4,2,False,1,1
864.4,subscription_mandate,insufficient_funds,1,1.1,20,18,5,0,True,1,1
1919.89,upi,bank_outage,1,2.5,16,20,2,2,False,0,1
6210.83,netbanking,authentication_failed,1,1.6,6,8,5,1,True,0,1
671.33,subscription_mandate,insufficient_funds,1,0.6,24,20,6,0,True,1,1
763.83,upi,insufficient_funds,1,1.8,25,21,6,0,True,0,1
7776.66,card,insufficient_funds,1,1.1,1,16,13,0,False,1,1
563.28,card,insufficient_funds,5,5.1,10,0,6,0,True,0,0
5255.71,subscription_mandate,insufficient_funds,3,0.2,17,23,4,1,True,1,1
1469.05,netbanking,card_expired,2,4.0,11,8,8,2,False,0,0
2619.44,upi,insufficient_funds,1,2.5,24,8,3,0,False,0,1
2878.21,upi,bank_outage,1,2.8,2,1,2,1,False,0,1
2353.35,card,network_timeout,1,2.1,30,13,11,2,False,1,0
2242.97,card,card_expired,1,2.6,17,14,8,2,False,0,1
3638.88,subscription_mandate,insufficient_funds,3,7.5,13,15,3,0,False,1,0
6985.03,upi,network_timeout,2,4.9,18,11,10,1,True,0,1
2210.88,upi,insufficient_funds,2,1.0,28,11,3,1,False,0,1
6303.99,card,network_timeout,1,14.0,13,11,5,0,True,0,1
379.87,card,insufficient_funds,1,6.9,6,17,8,2,True,0,1
3411.99,upi,insufficient_funds,2,1.3,21,9,12,0,True,0,1
1285.81,card,high_risk_fraud,2,0.4,23,20,2,3,False,0,0
16252.0,card,bank_outage,1,0.3,29,16,12,1,True,1,1
4317.86,upi,network_timeout,2,2.2,12,6,12,3,False,1,0
7706.45,upi,insufficient_funds,1,0.4,23,12,6,0,True,0,1
7211.99,subscription_mandate,bank_outage,3,1.8,1,17,8,1,True,1,1
2279.66,card,insufficient_funds,2,5.2,31,0,15,1,True,0,1
4136.19,card,bank_outage,1,0.2,7,10,5,0,True,0,1
21905.27,upi,network_timeout,1,0.2,7,10,4,0,False,0,1
5629.25,subscription_mandate,network_timeout,1,2.0,8,17,11,1,True,1,1
2967.92,upi,insufficient_funds,1,1.0,29,18,6,0,False,0,1
2107.55,upi,authentication_failed,1,1.6,19,12,7,1,False,0,1
3654.23,card,bank_outage,1,4.4,23,15,18,1,False,0,1
391.7,card,insufficient_funds,2,1.9,29,11,15,0,False,0,0
6550.06,card,insufficient_funds,2,2.5,24,10,12,0,False,1,1
1960.41,upi,insufficient_funds,4,3.9,19,7,5,0,True,1,1
705.14,upi,high_risk_fraud,1,1.8,31,14,8,1,False,0,0
1505.29,card,authentication_failed,1,3.0,8,10,10,0,False,0,1
7038.82,card,card_expired,1,6.1,29,17,4,0,True,0,1
1751.83,upi,network_timeout,1,8.4,3,14,10,2,True,0,1
1760.04,card,insufficient_funds,3,1.7,4,6,9,1,False,0,0
18386.35,upi,network_timeout,2,10.5,21,18,12,1,True,0,1
10160.51,upi,network_timeout,1,0.5,10,19,4,1,False,0,1
5204.05,card,insufficient_funds,1,0.0,16,11,15,1,False,0,1
1428.84,subscription_mandate,bank_outage,3,4.4,29,12,1,0,False,1,1
1312.47,upi,insufficient_funds,1,0.5,1,19,19,0,True,0,1
1251.0,upi,network_timeout,1,1.2,11,17,9,2,True,1,1
5155.19,subscription_mandate,network_timeout,2,5.2,26,16,13,1,False,1,1
3275.98,subscription_mandate,insufficient_funds,1,0.4,2,7,8,1,True,1,1
5800.51,upi,insufficient_funds,1,6.1,9,13,4,2,False,1,1
2454.17,upi,card_expired,1,1.2,20,18,3,1,False,1,0
4093.83,card,high_risk_fraud,1,2.0,9,15,5,2,False,0,0
2729.55,card,authentication_failed,1,0.2,8,18,3,1,False,0,1
2925.66,card,card_expired,1,1.2,3,2,7,2,True,0,1
2014.8,card,card_expired,1,9.9,6,17,7,0,False,0,0
1610.04,upi,network_timeout,1,0.0,6,7,7,0,False,0,1
1093.11,upi,insufficient_funds,1,0.3,6,21,7,0,False,0,0
4027.8,netbanking,card_expired,1,1.1,4,6,11,0,True,0,1
4519.66,upi,insufficient_funds,5,1.8,30,16,3,0,False,1,0
4967.43,card,bank_outage,1,3.3,4,9,3,0,False,1,0
4271.67,subscription_mandate,authentication_failed,3,1.0,31,1,7,0,False,1,1
4084.59,upi,card_expired,1,0.5,21,8,3,0,False,0,0
13080.04,netbanking,card_expired,2,3.7,19,17,11,0,True,0,1
1784.78,upi,insufficient_funds,1,0.2,7,19,4,2,True,0,1
9519.28,card,card_expired,1,1.4,19,18,6,1,False,0,1
2656.7,upi,bank_outage,2,0.6,30,18,3,1,False,1,1
4259.24,card,insufficient_funds,1,5.7,23,13,3,0,False,0,1
701.09,upi,authentication_failed,1,6.7,4,6,6,1,True,0,1
791.74,card,card_expired,1,0.4,5,7,5,0,True,1,1
370.16,upi,card_expired,2,0.9,1,17,5,0,True,0,1
1416.72,card,insufficient_funds,2,1.9,9,20,7,0,True,0,1
4330.25,upi,card_expired,1,1.7,7,17,6,2,True,1,0
2605.31,card,insufficient_funds,2,0.3,15,9,4,0,False,1,1
1338.15,subscription_mandate,authentication_failed,1,0.2,11,9,7,0,False,1,1
3459.41,upi,card_expired,1,0.4,15,19,10,0,True,1,1
4542.44,card,network_timeout,1,0.7,21,20,16,2,True,0,1
10210.32,upi,bank_outage,1,0.0,3,12,2,0,False,0,0
109.07,card,card_expired,1,2.8,26,12,5,0,True,1,0
3288.66,upi,network_timeout,1,6.4,10,17,10,1,True,0,1
2184.49,netbanking,insufficient_funds,1,7.4,10,11,18,0,True,0,0
926.94,card,bank_outage,2,2.7,24,17,3,0,False,1,1
2660.9,card,insufficient_funds,2,0.6,5,18,3,0,False,0,1
1094.86,upi,bank_outage,1,2.4,20,18,6,0,False,0,0
1830.71,subscription_mandate,insufficient_funds,2,1.8,26,20,0,0,False,1,1
2638.46,upi,network_timeout,1,1.4,10,9,6,0,True,0,1
1677.38,upi,card_expired,1,2.7,4,16,5,0,True,1,0
4963.92,upi,card_expired,2,1.4,20,12,8,1,True,0,0
3294.44,subscription_mandate,insufficient_funds,3,2.7,22,15,7,0,True,1,1
6605.76,netbanking,insufficient_funds,4,0.4,5,19,5,0,False,0,1
4192.29,card,insufficient_funds,3,2.3,24,12,4,2,False,0,0
1156.04,subscription_mandate,insufficient_funds,1,0.4,5,8,5,1,False,1,1
1059.7,upi,card_expired,1,0.1,14,20,7,2,False,1,1
2132.74,card,card_expired,1,1.1,24,14,4,0,False,0,0
1623.82,subscription_mandate,network_timeout,1,3.1,20,13,4,1,False,1,1
2109.47,subscription_mandate,bank_outage,1,3.8,10,12,8,0,True,1,1
3085.59,subscription_mandate,card_expired,2,0.5,1,16,8,3,False,1,1
13470.36,card,high_risk_fraud,1,4.5,13,12,6,0,False,0,0
663.56,subscription_mandate,authentication_failed,1,0.2,16,14,16,1,False,1,1
2001.12,card,high_risk_fraud,1,0.8,31,0,6,0,True,0,1
5919.97,upi,network_timeout,3,3.1,31,20,4,3,False,1,0
4544.58,upi,card_expired,1,0.4,30,11,5,0,True,1,0
792.68,upi,high_risk_fraud,1,1.0,30,11,5,1,True,1,0
1558.68,card,network_timeout,1,1.9,22,20,4,0,True,0,1
2074.67,card,bank_outage,1,2.0,8,13,15,0,False,0,1
923.48,subscription_mandate,card_expired,1,0.1,1,18,5,0,True,1,1
1295.04,card,insufficient_funds,1,14.0,9,8,10,1,False,0,0
1189.36,card,authentication_failed,1,4.4,20,12,8,1,True,0,1
4569.45,card,network_timeout,1,6.1,13,21,4,0,False,0,0
4476.21,upi,insufficient_funds,1,5.6,7,16,12,1,False,0,0
24341.28,subscription_mandate,insufficient_funds,2,0.5,1,10,0,1,False,1,1
895.13,subscription_mandate,high_risk_fraud,1,5.4,12,12,7,0,True,1,0
716.02,upi,bank_outage,3,0.5,4,4,16,0,True,0,1
1050.38,netbanking,insufficient_funds,2,4.8,14,22,5,1,True,0,1
6627.92,card,bank_outage,1,2.7,20,22,7,0,True,0,1
829.05,card,high_risk_fraud,1,0.6,1,10,17,3,False,0,0
247.04,card,insufficient_funds,2,1.3,5,9,7,2,True,0,1
4076.27,upi,insufficient_funds,1,1.9,11,19,3,2,False,0,0
1952.16,upi,insufficient_funds,1,2.2,5,11,12,1,False,0,1
1232.82,card,insufficient_funds,1,1.5,21,4,5,0,False,0,1
1010.71,upi,bank_outage,1,0.8,5,15,6,0,False,0,1
1008.53,card,bank_outage,3,0.1,4,18,2,0,False,1,1
1844.78,netbanking,insufficient_funds,3,1.1,29,15,2,1,False,0,0
2548.53,upi,authentication_failed,2,1.3,9,11,7,0,True,0,1
2400.61,card,card_expired,1,1.4,20,11,4,0,False,0,1
4938.14,subscription_mandate,insufficient_funds,3,1.7,7,11,1,1,False,1,0
1956.15,card,card_expired,1,3.3,13,11,14,0,True,1,1
5640.74,card,card_expired,1,1.8,9,16,4,2,True,0,0
2203.04,card,card_expired,1,2.2,4,17,17,0,False,0,1
8867.88,upi,insufficient_funds,1,0.4,9,16,8,1,False,0,1
1210.61,subscription_mandate,card_expired,3,0.4,4,11,4,1,False,1,1
1391.13,netbanking,insufficient_funds,1,0.3,14,20,7,0,True,0,1
9128.56,card,insufficient_funds,3,1.0,28,10,8,2,False,0,1
1161.83,card,authentication_failed,1,3.1,6,17,5,0,True,0,1
5029.15,card,authentication_failed,3,0.3,29,17,1,0,False,1,1
4296.02,upi,insufficient_funds,3,4.8,15,13,10,1,False,1,0
5168.19,card,authentication_failed,1,1.0,24,21,2,1,False,0,1
2560.03,card,insufficient_funds,1,1.9,8,6,11,0,True,0,1
1708.31,upi,bank_outage,2,2.1,11,20,5,0,True,0,1
2604.02,subscription_mandate,high_risk_fraud,1,0.7,19,20,4,0,False,1,0
596.09,upi,insufficient_funds,1,4.3,13,10,4,0,False,1,1
3527.12,card,authentication_failed,2,5.0,18,20,7,1,True,0,0
530.32,card,network_timeout,1,0.2,7,9,4,1,True,0,1
459.02,upi,high_risk_fraud,2,3.2,9,15,1,0,False,0,0
4334.02,card,insufficient_funds,1,0.9,11,19,5,2,True,0,0
6422.91,netbanking,insufficient_funds,1,5.9,6,13,5,1,True,0,1
1414.9,card,insufficient_funds,2,0.7,18,13,9,1,True,0,1
4760.81,card,card_expired,1,1.6,12,16,11,1,False,0,0
1042.98,upi,card_expired,1,0.1,31,14,4,1,True,0,1
2080.52,subscription_mandate,insufficient_funds,1,5.0,9,20,9,1,False,1,0
1613.46,subscription_mandate,insufficient_funds,2,0.3,12,7,7,2,True,1,1
3113.13,upi,card_expired,2,0.3,18,13,4,3,True,1,0
1648.23,upi,bank_outage,3,4.3,5,17,8,0,True,0,1
4561.96,subscription_mandate,authentication_failed,3,4.5,28,12,9,1,False,1,1
7818.95,upi,network_timeout,3,4.7,22,18,12,2,True,0,1
781.83,upi,insufficient_funds,1,1.0,12,15,5,0,True,0,1
981.44,card,bank_outage,2,4.7,10,9,14,0,True,0,1
2427.52,upi,authentication_failed,2,1.6,28,6,7,0,False,0,1
1408.37,netbanking,insufficient_funds,3,0.8,18,11,13,0,False,0,1
526.01,card,bank_outage,2,1.2,26,11,8,0,True,1,1
2509.73,subscription_mandate,insufficient_funds,2,2.1,8,20,10,2,True,1,1
1418.26,card,insufficient_funds,1,0.8,23,11,6,2,True,1,1
2422.41,card,insufficient_funds,1,3.1,10,12,3,2,False,0,1
3109.9,subscription_mandate,insufficient_funds,1,3.1,20,18,9,0,True,1,1
3508.44,card,network_timeout,1,1.0,20,9,1,0,False,0,0
684.03,subscription_mandate,card_expired,2,3.4,22,11,7,0,False,1,0
2802.7,subscription_mandate,bank_outage,2,2.8,8,5,33,1,False,1,1
2295.1,card,network_timeout,1,1.2,10,9,6,0,True,0,1
1336.34,card,card_expired,1,0.7,20,16,9,0,True,0,1
1626.35,subscription_mandate,insufficient_funds,1,2.7,8,20,8,3,False,1,1
957.75,upi,high_risk_fraud,2,0.8,31,22,9,2,False,0,0
3847.44,upi,insufficient_funds,2,0.9,5,17,4,0,True,0,1
2462.07,upi,insufficient_funds,4,3.1,21,10,11,2,True,0,0
511.48,card,insufficient_funds,1,2.1,27,6,4,2,False,0,0
1048.73,netbanking,network_timeout,1,0.9,26,19,5,1,False,0,1
783.75,upi,insufficient_funds,1,4.3,3,22,12,0,False,1,1
5020.82,subscription_mandate,network_timeout,2,0.9,26,11,1,1,False,1,1
2758.71,card,insufficient_funds,2,6.9,10,4,4,1,True,0,0
520.79,card,insufficient_funds,4,2.7,20,13,2,1,False,0,1
5989.68,subscription_mandate,insufficient_funds,1,4.8,16,1,5,1,True,1,1
2489.83,upi,card_expired,3,3.4,4,11,8,1,False,1,1
5243.45,upi,bank_outage,1,0.7,31,15,9,1,True,0,1
2823.07,subscription_mandate,network_timeout,1,1.0,25,17,2,2,False,1,0
2260.89,subscription_mandate,insufficient_funds,1,2.6,1,10,4,2,False,1,1
2779.68,upi,network_timeout,1,0.2,26,10,9,1,True,0,1
10726.04,subscription_mandate,insufficient_funds,3,10.7,1,12,3,1,False,1,0
2891.75,card,card_expired,1,4.3,10,10,4,0,False,0,1
857.55,subscription_mandate,insufficient_funds,1,0.4,19,9,15,0,True,1,1
4629.5,upi,authentication_failed,1,1.2,14,18,22,1,True,0,0
1360.54,upi,card_expired,1,1.1,21,18,21,0,True,0,0
2463.35,upi,high_risk_fraud,1,0.1,19,23,4,1,True,0,0
2007.85,upi,network_timeout,1,1.3,4,10,7,0,True,0,1
4108.03,upi,bank_outage,2,1.0,12,17,10,0,True,0,1
2401.76,upi,insufficient_funds,1,1.9,1,12,5,1,True,1,1
679.69,card,authentication_failed,1,3.3,14,16,0,1,False,0,0
1286.94,upi,authentication_failed,1,0.0,28,18,14,1,False,0,1
3787.76,card,bank_outage,1,1.1,12,19,9,1,False,0,1
5629.78,upi,insufficient_funds,1,1.3,16,11,14,2,True,0,0
2566.54,card,card_expired,2,0.3,10,11,4,0,False,0,0
4605.16,card,network_timeout,1,10.4,11,14,10,0,True,0,0
3675.66,card,insufficient_funds,1,1.6,10,8,10,0,True,0,0
15948.45,upi,authentication_failed,1,0.2,8,15,2,0,False,0,1
2314.67,netbanking,bank_outage,2,2.6,14,11,5,0,False,0,1
470.84,subscription_mandate,network_timeout,2,0.3,21,20,2,1,False,1,1
1640.08,netbanking,network_timeout,1,2.5,1,12,4,1,True,0,1
2772.73,card,network_timeout,1,1.0,6,22,4,0,False,1,1
7002.67,upi,card_expired,1,2.4,23,7,2,1,False,0,1
4597.05,card,authentication_failed,2,0.7,15,12,2,2,False,0,1
456.3,card,network_timeout,2,1.9,25,20,5,0,True,1,1
3206.61,card,bank_outage,1,0.6,28,13,9,0,True,1,1
885.23,card,card_expired,2,0.4,31,10,8,1,True,0,1
5975.61,card,insufficient_funds,1,0.3,6,15,4,0,False,0,0
1536.65,card,insufficient_funds,1,1.5,21,8,7,0,False,1,0
1186.32,upi,card_expired,1,7.3,6,9,5,0,False,0,1
2439.7,upi,insufficient_funds,1,1.1,4,17,6,1,True,0,1
3868.98,upi,network_timeout,3,0.7,27,8,10,0,False,0,1
6127.84,upi,card_expired,1,3.7,24,13,8,1,True,1,0
1479.15,card,network_timeout,2,7.5,17,20,3,1,False,1,0
2360.15,upi,bank_outage,3,1.0,14,20,13,0,False,0,1
1663.56,card,authentication_failed,1,4.0,17,7,5,0,False,1,1
7633.44,card,card_expired,1,0.7,23,13,10,1,True,0,0
2593.3,upi,high_risk_fraud,2,3.3,1,18,3,2,False,0,0
1569.59,card,bank_outage,1,1.9,1,13,3,0,False,0,1
7358.37,card,insufficient_funds,2,1.1,25,20,8,1,False,0,1
1114.04,card,bank_outage,1,1.7,31,12,6,0,False,0,1
687.04,subscription_mandate,network_timeout,1,3.4,10,22,7,1,True,1,1
2919.38,subscription_mandate,bank_outage,1,1.6,24,1,8,2,False,1,1
550.45,subscription_mandate,card_expired,1,2.8,13,4,3,2,False,1,1
4730.39,netbanking,network_timeout,1,0.2,29,11,5,2,False,1,1
1502.8,card,insufficient_funds,1,1.1,30,18,23,0,True,0,1
5124.38,upi,insufficient_funds,1,1.4,13,9,9,0,True,1,1
1648.41,card,authentication_failed,2,3.5,5,14,3,1,False,0,1
542.56,card,insufficient_funds,2,2.8,21,17,3,1,False,0,1
1884.15,card,insufficient_funds,1,5.8,5,15,9,2,True,0,1
3781.53,upi,network_timeout,1,2.2,30,9,7,1,False,0,1
840.22,netbanking,insufficient_funds,2,3.7,18,10,17,0,False,0,1
1809.17,card,card_expired,1,0.5,18,20,2,1,False,0,0
921.81,card,bank_outage,1,3.9,12,18,16,1,True,0,1
12947.71,card,network_timeout,1,0.4,6,14,14,1,False,0,0
5995.64,card,high_risk_fraud,2,0.4,17,15,10,0,False,0,0
2124.95,subscription_mandate,insufficient_funds,2,1.3,21,8,3,0,False,1,0
999.21,card,card_expired,1,2.3,11,11,9,1,True,0,1
1118.23,card,insufficient_funds,3,9.2,10,0,6,0,True,1,0
1105.33,subscription_mandate,insufficient_funds,2,3.2,13,18,0,0,False,1,1
1065.8,subscription_mandate,network_timeout,1,4.8,20,8,9,1,False,1,1
4910.27,subscription_mandate,network_timeout,1,4.7,24,9,2,0,False,1,1
5353.85,card,card_expired,2,13.0,20,13,4,0,True,0,1
615.62,upi,card_expired,3,10.1,16,0,9,0,True,1,0
4864.43,upi,card_expired,2,1.4,7,4,4,0,False,0,1
6209.19,upi,insufficient_funds,2,2.3,30,20,20,0,False,0,1
5543.97,upi,high_risk_fraud,1,10.5,5,20,12,0,True,0,0
1734.17,card,network_timeout,1,1.2,16,16,8,0,True,0,1
1654.78,upi,insufficient_funds,1,2.2,25,15,4,0,False,1,1
1121.7,upi,authentication_failed,2,1.9,30,13,3,0,False,1,1
3930.56,card,insufficient_funds,1,0.6,31,11,6,1,True,0,1
533.74,upi,card_expired,1,2.7,7,12,6,0,False,0,0
4956.72,subscription_mandate,bank_outage,4,9.7,19,12,8,1,True,1,1
1493.38,subscription_mandate,network_timeout,1,2.0,2,11,15,0,True,1,1
560.3,card,bank_outage,1,1.7,3,14,10,0,False,0,1
2855.79,card,authentication_failed,1,0.8,25,12,10,0,True,0,1
1493.5,upi,insufficient_funds,2,0.1,30,4,7,0,True,0,1
2414.57,card,insufficient_funds,2,0.2,26,15,15,0,False,0,1
1730.73,upi,authentication_failed,1,6.4,18,11,1,0,False,1,1
2265.35,card,insufficient_funds,1,2.0,20,12,2,0,False,0,1
8516.54,card,insufficient_funds,2,0.5,30,10,7,0,False,1,1
1142.05,card,insufficient_funds,1,2.6,7,13,10,1,False,0,1
1458.29,upi,insufficient_funds,2,5.3,16,12,5,0,False,0,1
3021.82,upi,insufficient_funds,5,1.1,20,9,9,1,False,0,0
1742.35,netbanking,authentication_failed,2,0.6,31,11,9,0,False,0,1
149.66,card,insufficient_funds,2,0.0,9,13,5,0,True,0,1
865.34,upi,bank_outage,2,1.6,29,20,11,0,True,0,1
3654.48,netbanking,authentication_failed,1,2.9,12,12,3,0,False,0,1
1712.65,upi,insufficient_funds,1,5.1,19,12,19,3,True,0,1
3533.01,upi,card_expired,2,0.6,10,10,1,1,False,0,0
1124.04,card,insufficient_funds,1,1.6,29,18,5,0,False,0,1
679.57,upi,insufficient_funds,1,2.5,10,19,6,0,True,0,0
1722.35,card,network_timeout,2,0.8,13,9,1,0,False,0,1
8109.58,card,insufficient_funds,2,2.4,14,10,4,1,True,1,1
430.76,upi,card_expired,1,0.7,21,17,13,1,True,0,1
11093.37,card,network_timeout,2,2.8,12,14,2,0,False,0,1
4496.17,card,card_expired,4,8.9,6,15,4,1,False,1,0
2351.95,subscription_mandate,network_timeout,3,0.3,1,12,6,2,True,1,0
544.26,upi,insufficient_funds,2,0.0,7,16,9,0,True,0,1
1212.35,card,network_timeout,4,4.5,18,9,5,1,False,0,0
10908.92,card,network_timeout,1,7.1,28,12,6,2,True,0,1
4260.9,card,insufficient_funds,1,0.5,4,10,10,1,True,0,1
1544.76,upi,authentication_failed,1,1.3,16,6,2,1,False,0,1
1761.77,card,insufficient_funds,1,0.2,3,14,4,1,False,1,1
4238.31,upi,insufficient_funds,2,2.7,23,17,9,1,True,0,0
8869.84,upi,insufficient_funds,3,0.9,12,11,4,0,True,0,0
4975.89,upi,insufficient_funds,1,4.3,20,9,16,0,False,0,1
2627.87,upi,insufficient_funds,1,1.3,27,13,7,1,False,0,1
1654.26,upi,card_expired,1,2.7,2,8,17,1,False,1,1
511.08,card,insufficient_funds,2,2.4,15,14,7,1,True,0,1
974.94,subscription_mandate,insufficient_funds,3,0.2,1,20,6,1,False,1,1
580.89,upi,insufficient_funds,2,2.2,16,17,2,0,False,1,1
2155.56,upi,network_timeout,2,1.7,8,14,3,1,False,0,1
15174.9,card,card_expired,3,0.8,5,8,14,0,True,1,1
274.35,card,authentication_failed,1,4.5,27,14,16,0,True,0,1
1791.79,card,insufficient_funds,1,0.2,25,14,9,0,True,0,1
2059.9,netbanking,insufficient_funds,1,0.0,13,16,7,0,True,0,1
2847.3,upi,insufficient_funds,1,6.0,7,20,5,1,False,0,0
4196.79,subscription_mandate,insufficient_funds,1,6.3,20,19,2,0,False,1,0
13052.01,card,high_risk_fraud,2,1.7,25,15,5,1,True,1,0
6838.28,card,network_timeout,1,0.7,10,18,5,1,True,0,1
1217.99,upi,network_timeout,1,1.6,23,11,3,2,False,0,1
2810.89,netbanking,bank_outage,1,1.7,14,19,14,0,False,1,1
4849.76,card,authentication_failed,1,5.0,13,11,13,1,False,0,1
3770.2,card,authentication_failed,1,2.0,2,13,4,2,True,0,1
2031.75,card,insufficient_funds,1,1.7,29,5,6,0,True,0,1
5550.95,card,insufficient_funds,1,1.8,3,15,10,0,True,1,1
7515.83,card,insufficient_funds,1,3.4,28,14,1,1,False,0,0
3139.81,upi,card_expired,2,4.0,11,21,14,1,False,1,0
4289.71,upi,authentication_failed,1,0.9,4,12,1,0,False,0,1
1091.74,card,high_risk_fraud,1,2.0,6,11,12,0,True,0,0
8077.48,netbanking,network_timeout,3,9.7,10,7,2,1,False,0,1
878.48,upi,insufficient_funds,2,1.2,29,9,12,1,True,0,1
1179.78,upi,insufficient_funds,2,1.6,26,10,6,0,True,1,1
5859.92,upi,insufficient_funds,1,1.4,7,10,8,3,False,0,0
4328.55,card,insufficient_funds,1,6.8,12,16,14,1,True,0,1
1250.81,upi,bank_outage,2,0.3,16,12,6,0,True,1,1
920.79,netbanking,bank_outage,2,0.0,7,12,0,0,False,0,0
5732.59,card,card_expired,2,0.9,11,14,6,2,True,0,1
4533.16,card,insufficient_funds,2,2.0,2,11,2,1,False,0,1
730.89,upi,insufficient_funds,1,0.3,13,19,7,0,True,0,1
7025.66,subscription_mandate,card_expired,1,4.4,4,18,6,0,True,1,1
8765.13,card,authentication_failed,3,6.1,31,11,4,0,False,0,1
2764.71,upi,card_expired,1,3.3,2,12,8,0,False,0,1
1462.97,subscription_mandate,network_timeout,1,7.8,4,11,3,1,False,1,1
6032.4,card,bank_outage,1,0.1,18,12,3,0,False,1,1
845.15,upi,authentication_failed,2,3.6,15,17,5,1,True,0,1
6051.59,card,card_expired,2,0.8,23,9,6,0,True,0,1
1698.3,upi,insufficient_funds,1,1.1,13,12,5,0,True,1,1
2071.28,upi,insufficient_funds,1,0.3,9,7,8,2,True,0,1
5056.55,card,card_expired,3,2.5,24,9,4,0,False,1,1
2111.27,upi,insufficient_funds,1,0.4,26,12,4,0,True,1,1
3238.21,subscription_mandate,card_expired,1,11.2,11,12,4,1,True,1,1
3959.37,upi,card_expired,1,2.6,12,17,4,0,True,0,1
2454.08,subscription_mandate,network_timeout,1,0.7,8,10,5,1,True,1,1
2108.02,card,card_expired,2,0.8,17,5,2,0,False,0,0
3756.76,subscription_mandate,insufficient_funds,2,7.0,6,9,8,1,True,1,1
8868.07,card,network_timeout,1,1.6,8,14,14,0,True,0,1
3018.7,subscription_mandate,authentication_failed,1,11.3,23,11,9,0,True,1,1
3003.0,upi,insufficient_funds,1,0.1,21,15,10,1,True,0,1
2655.47,subscription_mandate,insufficient_funds,1,1.9,20,14,4,0,True,1,1
14172.91,upi,insufficient_funds,2,0.5,23,11,11,1,False,1,1
5720.35,card,high_risk_fraud,1,0.7,19,12,7,0,True,0,0
1298.89,upi,authentication_failed,1,1.9,2,20,1,2,False,0,1
1608.46,upi,insufficient_funds,2,3.5,12,14,3,0,False,0,1
4038.91,card,insufficient_funds,1,2.6,31,12,7,1,True,0,1
3766.27,upi,insufficient_funds,1,3.1,6,17,4,1,True,1,1
2773.94,upi,authentication_failed,1,5.4,1,17,8,1,True,0,1
1715.92,card,authentication_failed,1,4.4,30,10,5,0,True,1,1
4427.24,card,insufficient_funds,1,4.7,12,22,8,0,True,1,1
2477.5,subscription_mandate,authentication_failed,1,3.1,25,18,17,2,True,1,0
3763.89,card,high_risk_fraud,2,3.9,23,15,4,2,True,0,0
2620.96,card,high_risk_fraud,1,1.6,2,15,4,0,True,0,0
556.34,subscription_mandate,authentication_failed,1,1.2,18,7,11,1,False,1,1
1182.06,upi,card_expired,1,3.9,24,18,5,0,True,0,1
858.47,card,bank_outage,1,3.8,1,17,15,1,True,1,1
5220.25,card,high_risk_fraud,1,2.5,27,7,10,2,False,0,0
3271.33,upi,insufficient_funds,1,3.0,5,20,10,0,False,0,1
10456.05,card,insufficient_funds,1,2.1,7,6,1,1,False,0,0
1384.7,upi,authentication_failed,1,0.8,27,9,2,0,False,0,1
2217.48,subscription_mandate,insufficient_funds,3,2.5,13,14,2,1,False,1,0
10326.8,upi,insufficient_funds,1,0.6,9,10,16,0,True,0,1
7102.64,card,insufficient_funds,1,2.7,4,12,8,1,False,1,1
4947.47,card,card_expired,1,3.3,19,11,4,0,False,0,0
751.6,upi,insufficient_funds,5,1.4,25,11,3,1,False,1,0
8362.1,card,bank_outage,1,6.6,20,22,3,4,False,0,0
3827.94,upi,insufficient_funds,2,1.5,14,14,21,0,True,0,1
1950.28,subscription_mandate,authentication_failed,1,9.0,12,8,2,0,False,1,0
2162.24,card,bank_outage,1,4.5,24,9,3,1,False,0,1
1661.88,card,insufficient_funds,2,4.1,19,19,2,0,False,1,1
1294.55,card,card_expired,1,3.8,5,12,0,1,False,0,0
3412.89,card,bank_outage,1,4.1,5,4,14,2,True,1,1
6179.06,upi,insufficient_funds,1,0.6,24,10,3,1,False,0,1
3999.27,card,card_expired,1,3.0,25,18,10,1,False,1,1
1273.15,subscription_mandate,network_timeout,1,0.1,15,8,3,3,False,1,0
9973.79,upi,high_risk_fraud,1,3.4,23,11,3,0,False,0,0
584.85,netbanking,card_expired,1,4.3,26,11,6,2,True,0,1
4978.22,card,insufficient_funds,2,1.0,30,10,14,0,True,1,1
8401.51,netbanking,authentication_failed,1,10.8,21,9,7,1,True,0,0
6505.89,upi,insufficient_funds,1,1.3,30,0,1,1,False,0,1
1211.76,card,card_expired,1,1.8,19,17,6,0,False,0,1
1528.47,card,authentication_failed,1,5.6,16,17,13,1,False,0,1
3958.07,card,card_expired,2,0.1,1,12,8,1,True,0,0
1812.49,card,network_timeout,1,0.5,22,18,7,1,False,0,1
1287.24,card,authentication_failed,3,2.5,27,15,8,1,False,0,0
520.2,card,insufficient_funds,2,1.6,22,18,5,0,True,1,1
1063.49,card,card_expired,2,1.6,7,8,8,0,True,0,1
2031.64,upi,bank_outage,2,5.0,19,11,1,0,False,0,1
5735.0,card,authentication_failed,1,0.0,2,11,7,1,True,0,1
6183.43,upi,card_expired,3,0.5,9,15,5,0,False,1,1
2787.15,card,insufficient_funds,1,1.1,5,9,2,1,False,1,1
1038.95,subscription_mandate,card_expired,3,0.2,27,12,4,0,False,1,0
2579.55,upi,bank_outage,1,2.8,3,8,19,0,True,0,1
3425.9,card,card_expired,1,8.4,21,10,13,0,True,1,0
984.21,upi,insufficient_funds,3,6.7,13,11,8,0,True,0,1
2994.58,card,card_expired,2,2.8,9,11,14,1,False,0,1
4002.13,card,bank_outage,2,1.2,2,15,3,3,False,0,0
7385.1,upi,card_expired,2,1.9,21,13,12,0,True,0,1
6102.65,card,insufficient_funds,1,9.4,10,11,19,0,True,0,1
2137.46,card,bank_outage,1,0.1,4,17,22,0,True,0,1
1551.72,card,insufficient_funds,1,0.9,22,15,7,0,True,1,1
1016.07,card,insufficient_funds,3,6.2,18,18,15,1,True,0,1
1896.92,upi,insufficient_funds,3,0.3,4,11,13,3,False,0,1
9764.8,upi,bank_outage,1,1.4,6,13,10,1,False,1,1
985.78,upi,insufficient_funds,1,1.0,15,18,7,0,True,0,1
15581.89,upi,bank_outage,1,1.2,7,8,9,1,True,0,1
372.06,card,bank_outage,1,5.4,2,9,7,1,True,0,1
1692.53,upi,network_timeout,1,0.2,30,18,3,2,False,1,1
2717.98,card,card_expired,2,0.0,28,16,4,0,True,1,1
1869.64,upi,insufficient_funds,1,0.0,10,12,3,1,False,0,1
5721.28,upi,high_risk_fraud,1,2.9,11,11,9,0,False,1,1
9480.35,upi,insufficient_funds,2,10.9,18,0,2,1,False,1,0
1328.01,upi,network_timeout,1,0.8,24,20,7,2,True,0,1
4385.66,card,bank_outage,1,4.5,13,15,8,0,True,0,1
2878.2,upi,high_risk_fraud,1,1.4,28,17,4,0,True,1,0
1268.61,upi,insufficient_funds,1,6.0,16,9,6,0,False,0,1
3909.5,subscription_mandate,insufficient_funds,2,1.3,19,10,6,0,False,1,1
7128.04,upi,card_expired,1,0.7,7,12,4,0,True,0,1
3083.46,card,authentication_failed,1,2.2,17,4,9,2,True,0,1
4994.83,card,bank_outage,2,0.5,18,11,8,1,True,0,1
2998.35,upi,authentication_failed,1,1.8,16,10,3,0,False,0,1
5130.83,upi,high_risk_fraud,2,7.1,28,6,10,0,True,0,0
9069.77,upi,insufficient_funds,2,0.6,17,12,6,0,False,0,0
8944.48,card,insufficient_funds,1,0.9,2,18,5,1,False,0,1
1972.89,subscription_mandate,card_expired,2,5.8,20,14,0,0,False,1,0
4853.22,netbanking,bank_outage,1,0.2,5,10,10,2,True,0,1
958.28,card,bank_outage,5,6.9,2,11,8,0,True,1,1
7635.32,card,network_timeout,2,9.2,30,13,6,0,False,0,1
3923.72,netbanking,bank_outage,1,0.6,11,0,1,0,False,0,1
6462.15,subscription_mandate,card_expired,2,8.3,29,7,6,1,False,1,1
4839.79,upi,insufficient_funds,1,0.5,26,15,12,2,True,1,1
1881.07,upi,insufficient_funds,2,0.1,27,20,18,0,False,0,1
1975.66,card,card_expired,1,0.4,26,12,1,0,False,0,1
4841.8,card,bank_outage,1,0.8,30,19,10,0,True,1,1
3892.57,card,authentication_failed,3,4.8,21,9,5,1,False,0,1
3869.73,card,card_expired,1,5.7,10,10,7,1,False,1,1
1967.98,card,insufficient_funds,1,1.7,8,10,9,0,False,0,1
439.61,card,high_risk_fraud,1,3.9,24,11,7,1,True,0,0
1362.36,upi,high_risk_fraud,2,1.3,13,0,7,1,True,0,0
1328.58,netbanking,card_expired,2,0.8,13,10,2,0,False,0,1
575.94,upi,card_expired,1,2.5,13,0,3,2,False,0,1
1293.25,upi,card_expired,1,0.2,21,20,1,1,False,0,1
11324.95,upi,card_expired,2,6.7,3,7,3,2,False,1,0
1011.69,upi,insufficient_funds,1,10.4,9,14,9,0,False,1,1
7868.73,upi,insufficient_funds,1,6.9,3,9,12,1,False,0,1
2369.34,upi,authentication_failed,1,1.4,6,11,0,0,False,0,1
490.0,card,card_expired,1,0.5,3,6,4,0,True,0,1
1572.47,card,authentication_failed,2,2.5,27,10,10,0,False,0,1
4922.33,subscription_mandate,card_expired,1,0.3,8,16,6,1,True,1,0
707.32,card,network_timeout,3,0.3,22,6,3,2,False,0,1
1734.48,subscription_mandate,insufficient_funds,1,0.7,23,13,9,1,False,1,1
1842.06,netbanking,insufficient_funds,1,3.5,5,14,5,0,False,1,1
2291.09,netbanking,card_expired,3,2.4,15,1,1,0,False,1,1
1244.19,subscription_mandate,authentication_failed,1,2.4,7,18,12,1,False,1,0
7343.99,card,authentication_failed,2,0.7,16,21,2,2,False,0,1
6594.37,card,bank_outage,1,0.3,1,15,9,1,True,1,1
1337.33,card,bank_outage,1,0.3,31,10,2,1,False,0,1
9847.26,subscription_mandate,authentication_failed,1,1.8,5,10,9,0,True,1,1
2712.59,card,card_expired,2,3.8,29,23,4,2,False,0,0
2993.53,netbanking,insufficient_funds,1,0.9,24,12,3,0,False,0,0
5826.26,upi,bank_outage,3,4.2,8,18,12,0,False,0,1
947.92,card,card_expired,1,9.3,12,20,11,0,True,0,0
1584.91,upi,network_timeout,2,0.0,13,15,11,0,True,0,1
890.09,upi,network_timeout,1,1.1,26,22,14,1,False,0,1
325.67,card,network_timeout,1,2.2,25,23,5,0,True,0,1
818.78,card,card_expired,1,4.8,7,15,5,0,True,0,0
2701.97,card,network_timeout,2,2.5,5,9,8,0,False,0,0
5330.57,netbanking,insufficient_funds,4,1.6,12,20,11,0,True,0,1
3124.74,card,insufficient_funds,1,6.9,19,19,4,0,True,0,0
1705.66,upi,network_timeout,1,1.9,4,10,2,0,False,0,1
9491.43,card,bank_outage,1,4.2,7,18,6,1,True,1,0
1683.0,card,network_timeout,1,6.3,13,18,0,1,False,0,0
3031.28,card,card_expired,1,0.5,26,20,4,3,False,0,0
3341.72,card,insufficient_funds,2,5.0,24,13,6,0,False,0,1
6063.1,upi,authentication_failed,1,0.0,29,14,3,1,False,0,0
6501.5,upi,network_timeout,4,0.1,18,7,5,0,True,1,1
2241.69,card,bank_outage,1,0.1,29,13,16,1,True,0,1
3724.59,card,insufficient_funds,1,0.1,26,13,11,0,False,1,1
3054.2,upi,high_risk_fraud,1,3.3,29,21,6,0,True,0,0
585.24,upi,insufficient_funds,3,1.2,30,22,7,0,False,0,1
1606.02,subscription_mandate,card_expired,1,1.0,21,11,18,1,True,1,0
907.73,card,insufficient_funds,3,9.7,14,12,5,5,False,0,0
1259.56,card,card_expired,2,4.3,29,11,10,1,True,0,0
5793.17,netbanking,network_timeout,3,2.5,11,20,4,1,True,0,1
3748.16,subscription_mandate,insufficient_funds,1,2.6,17,13,10,0,True,1,1
3086.4,upi,card_expired,1,2.6,21,13,3,1,False,0,1
653.1,upi,insufficient_funds,2,1.4,8,10,1,2,False,0,0
10328.52,card,card_expired,2,1.6,22,13,17,0,True,0,1
2599.73,upi,bank_outage,1,2.9,29,12,3,1,False,1,0
1293.67,upi,card_expired,1,1.6,26,10,3,0,False,0,1
2052.85,upi,bank_outage,1,1.1,8,22,9,1,False,1,1
482.6,upi,card_expired,1,1.8,19,9,12,3,True,0,1
7113.54,upi,card_expired,1,1.2,28,7,9,0,True,0,0
453.52,upi,insufficient_funds,1,1.4,5,11,4,1,True,0,1
3337.71,card,network_timeout,1,4.2,26,17,5,2,True,0,0
1622.79,card,bank_outage,2,3.8,6,17,6,2,True,0,1
3858.69,netbanking,high_risk_fraud,4,3.1,26,13,7,0,True,0,0
1844.61,card,insufficient_funds,1,3.5,31,11,3,2,False,0,0
1130.1,card,card_expired,1,4.0,23,21,4,1,False,1,0
5849.15,card,card_expired,4,0.6,11,10,4,1,False,0,0
9603.68,netbanking,authentication_failed,2,2.3,2,12,6,1,True,1,1
1658.89,card,network_timeout,2,3.8,28,5,8,0,True,0,1
1856.02,card,insufficient_funds,2,5.4,9,16,2,1,False,0,0
969.59,subscription_mandate,high_risk_fraud,4,0.2,14,11,1,1,False,1,0
1197.05,card,insufficient_funds,1,1.0,30,13,3,0,False,0,1
234.77,card,network_timeout,1,1.8,31,17,5,0,False,0,1
4697.3,card,network_timeout,2,0.1,30,7,9,1,True,0,1
2193.35,netbanking,high_risk_fraud,3,3.5,31,9,12,1,True,0,0
728.35,card,bank_outage,1,2.4,13,6,4,0,False,0,1
3717.75,card,network_timeout,1,1.6,28,18,5,0,False,0,1
2643.76,card,bank_outage,1,4.5,15,1,6,1,False,0,1
680.06,upi,insufficient_funds,1,3.3,25,14,9,0,False,0,1
5370.35,upi,high_risk_fraud,3,0.7,6,13,6,1,True,0,0
3489.77,card,network_timeout,1,1.5,30,21,3,0,False,0,1
1066.0,card,network_timeout,1,0.3,9,18,4,1,True,1,1
3424.27,card,bank_outage,1,2.3,6,7,13,1,False,1,1
4177.04,card,insufficient_funds,1,1.0,21,2,6,0,True,0,1
938.76,card,authentication_failed,2,4.9,1,16,2,0,False,0,1
1157.36,upi,network_timeout,1,3.9,22,16,8,0,True,0,1
4128.75,card,bank_outage,2,3.3,19,5,8,0,True,0,1
3483.07,netbanking,card_expired,1,0.6,13,11,15,0,True,0,1
1152.87,upi,card_expired,2,1.0,9,19,8,2,True,0,0
8018.77,subscription_mandate,authentication_failed,2,1.1,13,7,3,0,False,1,0
909.48,upi,card_expired,2,0.5,2,17,5,0,False,0,0
8050.91,upi,bank_outage,3,2.8,13,6,17,3,True,0,1
1515.09,upi,insufficient_funds,3,1.0,15,21,11,2,True,1,1
640.75,upi,insufficient_funds,2,0.9,22,15,4,1,True,0,0
2324.19,subscription_mandate,network_timeout,1,3.3,19,18,13,0,True,1,1
1733.93,card,insufficient_funds,1,5.2,24,13,7,2,False,1,1
869.63,card,card_expired,1,2.7,12,18,6,0,True,0,0
4688.11,netbanking,card_expired,1,0.0,9,2,8,2,True,0,1
1423.52,upi,insufficient_funds,1,2.2,11,5,0,0,False,1,0
1409.8,card,network_timeout,1,3.9,21,7,14,0,True,0,1
683.52,subscription_mandate,authentication_failed,1,4.0,17,12,0,1,False,1,1
8083.96,upi,bank_outage,1,0.1,9,11,6,0,True,0,1
4520.79,card,bank_outage,1,2.0,26,14,7,1,True,1,1
1708.03,upi,insufficient_funds,1,0.1,11,15,3,1,False,1,1
2145.59,card,insufficient_funds,1,1.2,22,14,13,0,True,0,1
976.38,upi,insufficient_funds,1,3.3,18,12,3,1,False,0,1
1952.05,upi,bank_outage,1,0.7,11,8,9,0,True,0,1
4748.97,card,card_expired,1,0.8,30,3,15,1,True,1,1
8611.96,subscription_mandate,insufficient_funds,2,0.3,10,19,1,2,False,1,0
1590.05,subscription_mandate,network_timeout,1,3.3,11,10,0,1,False,1,1
3593.0,netbanking,card_expired,1,2.4,24,0,6,2,False,0,0
1513.76,card,bank_outage,2,0.8,4,9,6,0,True,0,1
1272.3,upi,bank_outage,1,2.3,17,18,5,1,True,0,1
13764.98,upi,insufficient_funds,1,3.3,15,10,13,1,True,0,1
2897.35,card,insufficient_funds,1,6.3,15,22,2,0,False,0,1
825.38,card,insufficient_funds,1,2.4,5,8,3,0,False,0,1
2764.77,upi,insufficient_funds,1,5.6,19,9,0,3,False,0,1
4840.83,upi,card_expired,1,0.7,30,14,7,1,False,0,0
5400.51,netbanking,insufficient_funds,3,2.3,23,20,6,2,False,1,1
4098.87,upi,network_timeout,4,2.0,30,9,12,2,True,0,1
2497.84,card,card_expired,1,7.8,22,14,3,1,False,1,0
1623.87,subscription_mandate,insufficient_funds,1,4.3,30,10,0,0,False,1,1
1683.99,card,network_timeout,1,6.2,27,21,1,0,False,1,1
2648.03,card,insufficient_funds,1,2.9,5,8,3,0,False,0,1
1504.88,upi,bank_outage,2,1.1,29,16,1,1,False,0,0
1805.93,card,card_expired,1,10.0,26,9,7,0,False,1,1
856.44,card,high_risk_fraud,1,1.7,7,13,5,0,True,1,0
2129.63,netbanking,insufficient_funds,2,4.4,18,10,11,2,False,0,1
1093.49,upi,insufficient_funds,1,0.0,28,17,10,0,True,0,1
13124.21,card,insufficient_funds,1,0.5,28,18,2,1,False,0,1
20176.52,card,card_expired,1,0.9,8,13,8,1,True,0,1
2330.9,card,authentication_failed,3,0.2,20,10,2,1,False,1,1
18882.62,card,bank_outage,1,3.6,7,15,3,2,False,0,0
1582.7,upi,bank_outage,1,4.6,15,13,9,2,True,0,1
4166.1,card,insufficient_funds,2,2.6,31,13,9,1,False,0,1
1209.23,netbanking,network_timeout,1,1.7,30,19,4,1,False,0,1
3684.72,upi,card_expired,1,10.3,17,17,4,0,True,0,1
1481.51,upi,bank_outage,1,0.1,16,12,15,1,False,0,1
795.19,card,insufficient_funds,1,2.4,2,21,12,1,False,0,1
2386.91,card,network_timeout,2,0.5,9,2,1,0,False,1,1
875.26,card,insufficient_funds,3,1.9,3,16,13,0,True,0,1
1976.34,card,insufficient_funds,2,1.7,30,14,11,1,True,1,1
1371.55,card,network_timeout,1,6.8,2,15,22,1,True,0,1
4077.21,subscription_mandate,authentication_failed,2,2.4,9,13,1,3,False,1,1
5414.21,upi,bank_outage,3,2.9,21,23,4,2,False,1,1
3029.85,card,bank_outage,3,13.3,28,8,12,0,False,1,1
13599.25,subscription_mandate,high_risk_fraud,1,3.1,16,19,7,1,False,1,0
2058.91,card,insufficient_funds,1,2.5,27,19,7,0,True,1,1
2963.02,card,insufficient_funds,1,2.5,26,3,3,0,False,0,1
4966.45,card,card_expired,1,3.5,29,13,1,0,False,0,0
8043.83,upi,authentication_failed,1,2.8,17,18,8,1,False,0,1
4022.47,card,high_risk_fraud,1,1.7,6,11,1,3,False,1,0
3023.15,subscription_mandate,insufficient_funds,1,0.6,21,21,6,1,True,1,1
1688.32,card,insufficient_funds,4,3.8,23,19,1,0,False,0,0
1949.43,card,bank_outage,1,3.4,17,8,9,0,True,0,1
2695.85,card,bank_outage,3,0.5,6,7,4,0,False,0,1
1848.42,card,insufficient_funds,2,1.4,29,19,4,0,True,0,1
4376.11,card,insufficient_funds,2,0.4,21,19,10,1,True,0,0
19020.38,subscription_mandate,insufficient_funds,4,2.2,8,16,8,2,False,1,1
2351.37,netbanking,insufficient_funds,1,0.6,14,16,5,3,True,0,1
10728.69,card,insufficient_funds,1,14.0,9,16,7,1,False,1,0
13765.07,card,bank_outage,1,0.7,30,21,6,1,True,0,1
1968.57,card,card_expired,2,5.8,18,14,4,2,True,0,1
5070.2,upi,network_timeout,2,7.1,16,10,4,1,False,0,1
3055.59,upi,bank_outage,1,0.1,18,11,12,2,False,0,1
3260.33,upi,insufficient_funds,3,1.4,20,17,6,0,True,0,0
718.7,card,bank_outage,2,1.0,18,16,11,1,False,1,1
6887.9,upi,insufficient_funds,1,0.8,19,13,25,1,False,0,1
487.11,upi,bank_outage,1,4.1,13,12,6,1,False,0,1
1684.86,card,high_risk_fraud,1,0.1,1,10,9,0,True,0,0
6614.19,upi,insufficient_funds,1,6.9,19,12,8,0,True,0,1
440.73,card,insufficient_funds,1,4.5,23,12,13,0,True,1,0
12402.72,upi,card_expired,1,0.8,24,17,5,2,True,0,1
12992.55,card,network_timeout,1,0.9,16,12,8,0,True,0,1
4122.55,upi,network_timeout,3,1.2,14,7,10,1,True,0,0
937.6,upi,network_timeout,1,2.6,27,17,12,0,True,0,1
894.15,card,network_timeout,3,0.4,20,14,21,2,True,0,1
1455.52,card,insufficient_funds,1,1.0,29,13,10,0,False,0,1
6207.03,upi,insufficient_funds,3,2.5,14,12,1,1,False,1,1
2369.28,upi,card_expired,1,1.2,22,5,9,1,True,0,1
916.77,subscription_mandate,network_timeout,1,0.3,8,11,2,0,False,1,1
1736.89,upi,bank_outage,1,5.3,6,16,1,0,False,0,1
1414.15,upi,card_expired,1,3.5,2,16,8,0,False,1,1
3382.13,card,insufficient_funds,3,2.2,16,17,4,2,True,0,0
13181.57,card,card_expired,1,1.4,11,8,7,2,True,0,1
1925.55,card,insufficient_funds,2,0.9,7,16,10,1,True,0,0
2971.47,card,card_expired,3,4.2,18,7,1,0,False,0,0
765.84,upi,card_expired,1,0.8,3,16,4,0,True,1,0
6282.58,netbanking,insufficient_funds,4,2.2,29,9,6,1,True,0,0
3563.54,upi,network_timeout,1,0.6,3,15,13,1,True,0,1
1147.31,upi,insufficient_funds,1,0.8,4,16,9,2,True,1,1
1782.19,upi,insufficient_funds,1,3.3,3,17,5,1,True,0,1
2257.87,upi,card_expired,1,0.0,19,13,1,0,False,1,0
3238.39,subscription_mandate,bank_outage,1,2.9,24,9,5,0,False,1,1
4206.47,card,bank_outage,1,5.8,5,7,16,0,True,0,1
3890.17,card,insufficient_funds,1,1.9,19,18,0,0,False,0,0
631.46,upi,network_timeout,1,5.1,25,19,1,0,False,1,1
402.57,netbanking,network_timeout,1,3.3,19,0,3,3,False,0,1
14493.14,card,insufficient_funds,3,0.3,30,21,6,0,False,0,1
8515.96,upi,insufficient_funds,1,1.2,2,10,4,1,False,1,1
2555.92,card,card_expired,3,0.5,1,12,12,1,False,0,0
3659.99,card,card_expired,1,0.9,6,16,6,1,True,1,1
4587.36,card,card_expired,2,0.4,9,8,1,1,False,0,0
2680.06,card,authentication_failed,1,0.8,23,9,4,1,False,0,0
2368.84,card,card_expired,1,2.3,10,0,6,1,False,0,1
784.55,card,bank_outage,1,0.9,13,7,14,0,False,0,1
14056.58,upi,network_timeout,1,5.9,3,11,6,0,True,0,1
8957.64,subscription_mandate,network_timeout,1,1.4,19,15,0,1,False,1,1
8124.41,card,card_expired,4,1.0,2,8,3,0,False,0,0
831.21,netbanking,insufficient_funds,1,1.7,6,16,7,0,False,0,0
1440.36,upi,insufficient_funds,1,1.5,21,9,15,1,True,0,0
1532.62,upi,insufficient_funds,1,8.8,1,9,1,0,False,0,1
21329.84,card,card_expired,1,0.5,26,16,6,1,False,1,0
1459.49,upi,insufficient_funds,1,6.1,23,0,2,0,False,0,1
1058.31,netbanking,card_expired,2,1.6,22,12,5,2,False,1,1
4900.87,card,network_timeout,1,1.5,8,19,11,1,True,0,1
4225.24,upi,card_expired,1,2.1,26,21,2,2,False,0,0
1048.57,netbanking,card_expired,1,9.6,26,15,6,0,True,1,1
4714.36,card,network_timeout,1,3.8,27,11,8,2,True,0,1
3464.98,card,insufficient_funds,4,1.8,13,1,9,1,False,0,1
2183.28,upi,network_timeout,1,1.9,18,15,11,1,False,0,1
3294.31,card,network_timeout,1,1.4,5,8,8,3,False,0,1
544.86,card,network_timeout,1,5.3,27,8,11,1,False,0,1
490.72,upi,insufficient_funds,1,0.9,10,15,3,1,False,0,0
3585.44,netbanking,bank_outage,2,2.3,12,18,11,0,True,0,1
99.0,card,network_timeout,2,4.6,19,19,11,1,True,0,1
5858.3,card,card_expired,1,1.2,16,16,5,1,False,1,1
11723.67,upi,bank_outage,1,1.4,7,8,2,0,False,0,1
752.44,card,card_expired,4,3.8,11,13,5,2,True,0,0
3481.37,card,authentication_failed,1,1.6,17,10,8,0,False,0,0
1826.86,card,card_expired,2,0.1,30,20,20,1,True,0,1
2542.33,card,insufficient_funds,2,1.2,24,19,11,0,False,0,1
1136.19,card,insufficient_funds,1,4.5,25,16,7,1,True,1,1
4733.04,card,authentication_failed,2,0.3,6,17,1,0,False,1,1
3650.72,upi,insufficient_funds,1,1.6,28,16,14,0,True,1,1
1922.48,card,network_timeout,1,3.8,30,13,6,1,True,0,1
4194.89,netbanking,network_timeout,1,4.1,28,15,6,1,True,0,1
4524.49,card,insufficient_funds,3,0.2,14,11,10,0,True,0,1
8619.93,card,insufficient_funds,1,3.3,13,18,4,2,False,1,0
1660.86,upi,network_timeout,1,4.9,16,12,3,0,False,1,1
4998.91,card,network_timeout,1,1.5,14,15,10,1,True,1,1
765.8,card,insufficient_funds,1,0.2,23,17,4,0,True,1,1
7106.68,card,insufficient_funds,1,2.4,19,13,9,0,True,0,1
3683.68,card,network_timeout,2,1.3,21,10,8,0,False,1,0
676.62,upi,bank_outage,2,0.1,10,13,14,0,True,0,1
2591.75,card,insufficient_funds,4,1.1,17,9,4,0,True,0,0
2342.91,upi,insufficient_funds,1,1.6,9,17,8,0,True,1,1
1295.62,card,bank_outage,1,0.3,28,9,1,3,False,0,1
965.93,upi,insufficient_funds,4,2.9,18,17,7,2,True,0,0
1897.76,upi,authentication_failed,2,0.2,9,11,2,0,False,0,1
1539.73,upi,card_expired,1,2.0,13,21,6,0,False,0,1
447.36,upi,insufficient_funds,2,7.7,4,9,5,0,True,1,0
3280.23,upi,card_expired,2,0.1,20,16,5,1,True,1,1
3465.27,upi,insufficient_funds,1,0.0,26,18,11,5,False,0,1
3537.63,card,insufficient_funds,1,0.8,11,14,4,0,False,0,1
3311.81,upi,insufficient_funds,1,1.5,6,18,21,0,True,0,1
1857.2,card,bank_outage,1,2.6,1,9,2,0,False,0,1
349.75,card,card_expired,2,5.6,30,11,2,0,False,0,1
5963.4,subscription_mandate,authentication_failed,1,4.5,31,12,11,0,True,1,1
946.91,card,authentication_failed,1,4.2,14,21,3,0,False,1,1
682.98,card,insufficient_funds,2,1.1,25,14,3,1,False,0,0
3783.75,upi,bank_outage,1,1.7,29,12,8,0,True,1,1
1333.28,card,bank_outage,2,3.6,26,15,11,0,True,0,1
573.02,subscription_mandate,bank_outage,2,0.7,9,10,17,1,True,1,1
3444.4,upi,authentication_failed,1,0.1,8,0,8,0,True,1,1
3709.35,upi,card_expired,2,0.5,25,20,9,0,True,1,1
898.57,card,insufficient_funds,2,8.3,13,7,8,3,True,0,0
3575.67,subscription_mandate,network_timeout,3,5.4,8,9,5,0,False,1,1
3496.15,card,insufficient_funds,1,7.1,25,15,3,4,False,0,0
1343.28,card,card_expired,1,1.4,27,11,6,0,True,0,0
7260.56,card,insufficient_funds,4,0.2,18,8,7,2,True,0,0
1803.15,card,card_expired,3,0.5,25,18,5,1,False,1,0
383.23,card,insufficient_funds,1,0.4,24,21,8,1,True,0,1
2870.53,card,authentication_failed,1,0.5,26,10,0,0,False,0,1
1374.02,subscription_mandate,card_expired,1,0.3,19,3,6,0,False,1,0
2635.36,card,card_expired,2,1.0,24,12,7,2,False,0,0
404.63,netbanking,insufficient_funds,1,3.2,31,9,4,1,False,0,1
233.91,upi,network_timeout,1,1.5,20,4,7,0,True,0,1
548.67,upi,network_timeout,3,0.5,27,10,9,1,True,0,1
9778.21,card,insufficient_funds,1,0.8,26,11,9,0,False,1,1
2421.54,upi,insufficient_funds,1,3.3,17,3,6,0,True,1,1
1152.69,card,card_expired,2,0.8,14,22,17,1,False,0,1
7514.09,upi,bank_outage,1,2.5,3,8,15,0,False,0,1
7679.21,card,insufficient_funds,1,2.1,25,10,14,0,True,0,1
2144.61,card,card_expired,1,0.3,4,13,6,1,False,0,1
516.65,card,network_timeout,3,2.2,30,5,4,0,True,1,1
4409.18,upi,insufficient_funds,4,0.1,12,12,4,0,True,0,0
3062.29,upi,network_timeout,1,0.7,8,19,3,1,False,0,0
2280.39,upi,authentication_failed,3,2.7,23,14,5,1,True,0,1
2342.27,upi,bank_outage,1,4.1,18,18,4,1,True,1,1
3236.87,card,insufficient_funds,1,0.9,13,10,19,3,False,0,0
558.5,card,authentication_failed,1,1.9,16,11,3,0,False,0,1
6592.69,subscription_mandate,insufficient_funds,2,6.9,30,16,3,1,False,1,1
7158.81,card,network_timeout,1,1.8,31,20,2,1,False,1,1
12158.7,card,high_risk_fraud,1,2.0,2,9,6,0,True,0,0
9743.39,netbanking,bank_outage,1,1.0,14,10,6,0,True,0,1
4555.27,subscription_mandate,bank_outage,1,4.9,11,19,18,0,True,1,1
2473.68,card,network_timeout,3,1.1,25,9,11,1,True,0,1
5491.11,card,network_timeout,1,2.5,3,8,7,1,True,0,1
1583.67,card,card_expired,1,2.2,24,9,12,2,True,0,1
3471.67,subscription_mandate,insufficient_funds,1,0.4,20,6,9,0,False,1,1
1529.21,card,authentication_failed,3,1.3,10,11,1,0,False,0,0
5014.56,upi,bank_outage,1,1.1,20,23,15,1,True,0,1
1974.38,upi,network_timeout,1,1.0,18,14,9,2,False,0,1
1821.21,upi,bank_outage,1,2.3,7,8,6,1,True,0,1
1090.9,upi,authentication_failed,2,2.5,5,10,2,2,False,0,1
2396.39,card,card_expired,1,6.5,13,11,0,0,False,0,0
1503.05,card,network_timeout,1,0.5,2,18,2,0,False,0,1
5825.39,card,bank_outage,2,2.3,11,0,19,1,False,0,1
429.31,card,card_expired,1,0.2,11,15,3,1,False,0,1
3012.63,card,bank_outage,1,0.3,30,14,7,2,True,0,1
5411.72,upi,insufficient_funds,1,6.4,13,10,6,0,True,1,1
1607.35,upi,insufficient_funds,4,7.1,18,16,5,1,True,0,0
2473.99,card,network_timeout,1,1.8,9,8,4,0,True,0,1
2715.5,card,insufficient_funds,1,4.5,5,11,4,0,True,0,1
5104.08,upi,authentication_failed,1,0.1,20,7,6,0,True,0,1
1858.95,card,card_expired,1,3.1,2,13,7,0,False,0,0
3661.09,card,card_expired,2,0.8,14,16,18,2,True,1,1
14785.79,subscription_mandate,network_timeout,2,2.3,29,12,17,1,True,1,0
3208.0,upi,authentication_failed,1,1.8,31,18,7,2,True,0,1
1121.5,upi,bank_outage,2,0.1,3,15,11,1,True,0,1
6969.99,upi,card_expired,1,0.8,26,16,6,0,True,1,0
3317.77,card,card_expired,1,0.7,13,20,1,0,False,1,1
5499.68,subscription_mandate,network_timeout,1,0.6,13,18,5,2,True,1,1
3127.94,upi,card_expired,3,14.0,31,4,0,1,False,1,0
1407.54,card,card_expired,1,1.0,27,18,14,1,True,0,0
6260.47,card,card_expired,3,4.3,10,11,7,1,True,0,0
3123.47,upi,insufficient_funds,2,0.1,22,19,5,0,True,0,0
8349.28,upi,network_timeout,1,1.6,31,17,5,0,True,1,1
2828.48,card,bank_outage,1,4.5,11,7,8,1,True,0,1
520.72,netbanking,bank_outage,1,2.9,24,17,4,2,True,1,1
6106.8,card,network_timeout,1,12.5,23,20,6,0,True,0,0
1040.97,card,authentication_failed,1,0.2,31,18,6,0,False,0,1
1949.59,card,insufficient_funds,1,3.1,28,7,8,0,True,0,1
1216.21,upi,insufficient_funds,2,1.0,30,18,2,0,False,0,1
992.72,upi,network_timeout,1,8.4,20,7,9,1,False,0,1
698.88,upi,network_timeout,1,3.9,22,18,5,1,True,0,0
1952.93,subscription_mandate,insufficient_funds,4,6.5,2,6,2,1,False,1,0
3387.01,card,card_expired,3,0.7,5,22,11,0,True,1,1
898.04,card,bank_outage,1,2.8,5,9,4,1,True,0,1
568.61,upi,insufficient_funds,1,1.7,4,21,5,1,True,0,1
5145.49,subscription_mandate,network_timeout,1,1.1,18,13,8,2,False,1,1
1405.71,upi,insufficient_funds,2,0.5,17,7,0,1,False,0,1
1280.02,upi,insufficient_funds,1,0.5,4,18,9,1,True,0,1
2063.66,upi,insufficient_funds,1,2.8,19,11,3,1,False,1,1
949.58,card,bank_outage,1,1.5,16,6,6,1,True,0,1
2258.0,netbanking,bank_outage,2,11.2,4,18,8,0,True,0,1
6147.7,upi,bank_outage,2,0.2,9,14,12,1,True,1,1
7726.79,upi,insufficient_funds,3,0.1,10,19,10,0,True,0,1
3463.08,card,card_expired,2,1.2,28,8,9,1,True,0,1
1523.27,card,high_risk_fraud,2,3.1,18,17,1,2,False,1,0
1011.77,upi,high_risk_fraud,2,0.6,8,18,3,2,False,1,0
782.93,upi,bank_outage,1,1.0,14,6,7,1,True,0,1
1436.42,card,insufficient_funds,2,0.3,25,10,6,0,False,1,1
564.71,card,network_timeout,1,1.9,23,12,5,2,False,0,1
6548.87,netbanking,authentication_failed,1,11.2,5,14,3,1,False,0,1
881.35,upi,high_risk_fraud,2,4.0,27,19,7,2,True,0,0
3989.12,upi,network_timeout,1,1.1,16,11,11,0,True,0,1
889.75,upi,insufficient_funds,1,6.7,28,9,4,0,True,0,1
1741.57,card,insufficient_funds,1,0.4,3,18,2,1,False,0,1
1538.14,card,insufficient_funds,1,3.5,17,20,3,0,False,0,1
656.23,card,card_expired,1,3.0,10,19,5,1,True,0,1
5448.92,card,card_expired,1,1.3,31,10,4,1,True,0,1
1250.41,subscription_mandate,card_expired,2,1.9,12,9,4,0,False,1,0
27735.49,card,high_risk_fraud,2,7.4,17,16,6,4,True,0,0
4366.48,card,insufficient_funds,1,4.7,26,18,4,1,False,0,0
2183.93,upi,card_expired,2,2.9,14,9,1,1,False,0,0
5282.6,card,high_risk_fraud,1,1.4,9,10,15,1,False,0,1
3251.61,netbanking,card_expired,3,2.5,24,15,6,0,False,0,1
3094.54,card,insufficient_funds,1,2.9,11,3,8,0,False,0,1
2013.09,card,bank_outage,1,0.5,15,18,7,2,True,0,1
2640.88,card,insufficient_funds,3,1.3,18,10,1,2,False,0,0
7935.2,card,network_timeout,1,6.6,28,20,16,1,True,0,1
875.35,upi,bank_outage,1,2.7,25,11,10,0,False,0,1
3521.4,card,bank_outage,2,0.3,4,22,1,0,False,0,1
647.19,upi,card_expired,2,4.7,21,15,8,3,True,0,0
5397.5,card,card_expired,4,1.1,21,0,12,1,True,0,1
7659.33,card,card_expired,3,0.5,8,17,1,3,False,0,0
1550.95,upi,insufficient_funds,1,0.8,20,11,8,0,True,0,1
2135.42,netbanking,card_expired,3,0.5,23,12,6,0,True,1,0
9765.63,card,card_expired,1,2.5,4,13,7,1,False,0,1
12007.67,upi,bank_outage,1,1.5,15,21,5,0,True,0,1
1026.04,upi,insufficient_funds,1,8.7,16,15,23,0,True,0,1
5544.28,upi,network_timeout,1,0.1,13,16,3,2,False,0,1
802.37,subscription_mandate,bank_outage,1,2.1,2,13,1,1,False,1,1
2251.65,card,bank_outage,2,1.6,22,12,6,0,True,0,0
2247.52,card,network_timeout,2,0.8,29,17,13,0,False,0,0
1878.97,card,insufficient_funds,1,2.7,20,21,9,1,True,0,1
816.46,netbanking,card_expired,1,3.2,2,19,13,0,False,1,1
2444.44,subscription_mandate,insufficient_funds,1,3.4,25,18,8,1,True,1,1
3735.04,card,insufficient_funds,3,1.9,29,19,15,0,True,0,1
2132.01,upi,card_expired,1,0.1,26,11,11,0,True,1,1
9599.55,upi,authentication_failed,1,2.4,1,17,3,1,False,0,0
6356.07,upi,network_timeout,2,2.7,21,9,7,3,True,1,1
1193.34,upi,insufficient_funds,1,4.8,16,19,5,3,False,0,1
1011.96,card,insufficient_funds,1,3.9,23,5,9,1,True,0,1
1753.74,upi,authentication_failed,1,9.9,6,14,4,2,False,0,1
1940.86,upi,network_timeout,1,2.9,23,11,14,0,False,0,1
4511.91,upi,insufficient_funds,1,0.0,17,15,5,0,True,0,1
1604.44,card,authentication_failed,1,0.1,19,8,9,0,True,1,1
3180.9,upi,authentication_failed,1,0.6,29,11,4,0,False,0,1
1124.5,upi,high_risk_fraud,1,0.1,1,15,11,0,True,0,0
4169.86,upi,authentication_failed,1,1.4,11,20,6,1,True,0,1
3917.72,subscription_mandate,bank_outage,1,2.4,6,17,13,1,False,1,1
1934.11,card,insufficient_funds,2,10.4,27,18,7,1,False,0,1
648.39,upi,card_expired,1,2.0,4,20,10,0,True,0,1
773.52,netbanking,card_expired,1,0.5,31,12,3,0,False,0,1
9673.67,card,authentication_failed,1,3.8,21,18,8,0,True,1,1
6731.83,card,authentication_failed,1,6.0,30,9,1,0,False,0,1
2832.57,upi,card_expired,1,3.9,24,11,4,1,True,0,1
897.03,upi,insufficient_funds,1,0.4,22,20,9,0,False,1,1
2544.34,upi,network_timeout,2,3.7,11,14,2,1,False,1,1
1359.96,card,network_timeout,3,1.4,12,10,6,0,False,1,1
7315.16,card,insufficient_funds,2,1.6,8,14,10,0,True,1,0
4860.11,upi,network_timeout,1,1.6,6,8,18,1,True,0,1
4895.89,card,network_timeout,1,2.5,26,12,0,0,False,1,1
795.84,upi,insufficient_funds,2,5.5,31,14,3,0,False,0,1
2131.99,card,card_expired,2,4.7,14,12,3,0,False,0,0
4991.2,card,insufficient_funds,1,0.3,9,18,2,1,False,0,1
911.3,subscription_mandate,card_expired,2,2.7,30,9,11,1,True,1,0
3565.68,card,insufficient_funds,2,1.1,3,21,11,1,True,0,1
2268.77,subscription_mandate,card_expired,1,0.5,29,11,0,0,False,1,0
2424.05,card,card_expired,2,0.0,16,10,3,0,False,0,0
657.0,card,card_expired,1,0.9,19,12,20,5,True,0,1
3499.01,card,bank_outage,1,2.9,22,12,5,0,False,0,1
1072.8,netbanking,bank_outage,1,0.2,23,18,13,1,False,0,1
2169.29,upi,card_expired,1,2.2,7,22,9,0,True,1,1
911.38,upi,card_expired,2,0.4,29,16,27,0,True,1,1
650.99,card,network_timeout,1,1.3,3,16,4,1,True,1,0
8841.65,card,bank_outage,2,10.6,20,16,21,0,True,1,0
3028.07,card,insufficient_funds,1,1.2,25,14,7,2,False,0,0
6949.55,card,bank_outage,1,2.3,8,18,8,0,True,1,1
1134.2,card,network_timeout,1,1.0,26,16,8,0,True,0,1
1549.85,upi,insufficient_funds,2,6.6,29,8,9,1,False,0,1
662.78,card,insufficient_funds,1,0.5,15,15,8,0,True,0,1
2264.9,card,card_expired,4,3.9,30,20,6,2,True,0,0
5523.32,card,insufficient_funds,1,1.8,20,10,16,1,False,1,1
2292.72,card,card_expired,1,1.7,17,12,3,1,False,1,0
411.69,card,high_risk_fraud,1,1.0,13,14,4,0,False,0,0
2161.94,card,insufficient_funds,2,8.2,28,11,15,0,True,0,0
4094.45,subscription_mandate,insufficient_funds,2,8.8,27,18,8,0,False,1,1
2441.65,upi,bank_outage,1,6.1,23,15,9,0,True,0,1
2446.14,upi,card_expired,2,1.2,11,12,8,0,True,0,1
5440.92,card,insufficient_funds,1,1.7,12,13,8,0,True,0,1
14140.43,card,network_timeout,1,2.1,7,9,3,0,False,0,1
3199.51,netbanking,insufficient_funds,1,0.1,30,14,15,1,True,0,1
4980.2,card,insufficient_funds,1,4.7,3,12,9,1,False,0,1
269.6,upi,card_expired,2,0.1,16,10,0,4,False,0,0
5776.66,card,insufficient_funds,1,0.3,29,9,19,0,True,0,1
3061.27,upi,bank_outage,2,1.8,8,12,3,2,False,0,1
7180.44,card,authentication_failed,3,0.4,14,1,4,0,True,0,1
2526.01,upi,authentication_failed,2,2.8,7,12,4,2,True,0,1
493.26,upi,insufficient_funds,2,2.7,19,0,5,0,False,0,1
3060.35,card,card_expired,2,3.5,28,21,4,2,False,0,0
1909.09,card,high_risk_fraud,1,4.9,18,6,7,2,True,0,0
1858.54,card,insufficient_funds,2,3.9,31,19,5,0,False,1,0
1154.6,upi,network_timeout,1,0.7,9,11,10,1,True,0,1
6074.33,subscription_mandate,high_risk_fraud,1,0.2,2,17,2,0,False,1,0
7419.55,subscription_mandate,card_expired,4,5.7,18,10,8,0,True,1,0
956.87,upi,insufficient_funds,1,8.6,23,11,3,0,False,1,1
3388.13,upi,network_timeout,5,0.9,22,20,3,0,False,1,0
4772.68,card,insufficient_funds,1,0.7,16,10,7,2,True,0,1
1530.79,card,authentication_failed,2,4.8,22,18,7,2,False,0,1
10385.19,upi,bank_outage,1,1.3,1,12,3,1,False,0,1
518.25,card,insufficient_funds,1,0.3,27,19,7,3,True,0,0
2460.28,card,bank_outage,2,2.4,26,11,9,0,True,0,1
4181.6,upi,network_timeout,2,4.2,25,18,2,1,False,0,1
4582.01,card,network_timeout,1,0.9,13,20,5,0,False,0,0
616.13,upi,authentication_failed,2,0.3,3,11,7,0,True,0,1
347.37,card,bank_outage,1,0.3,16,10,4,0,True,0,1
2379.04,netbanking,card_expired,1,2.7,29,14,3,2,False,1,1
6266.87,upi,authentication_failed,1,2.8,7,9,13,0,False,0,1
1490.28,card,insufficient_funds,1,2.5,3,7,2,0,False,0,1
3342.39,card,insufficient_funds,4,0.7,4,19,10,1,True,0,1
2336.14,upi,insufficient_funds,4,0.6,22,14,6,1,True,0,0
1380.33,netbanking,card_expired,1,2.3,10,23,6,0,True,0,1
2297.12,subscription_mandate,bank_outage,2,1.5,8,14,14,1,True,1,1
1555.16,subscription_mandate,authentication_failed,3,0.7,6,17,13,1,True,1,1
1777.33,upi,bank_outage,4,1.9,22,10,26,1,False,1,1
1513.39,upi,insufficient_funds,1,0.8,7,23,2,1,False,0,0
8700.65,card,network_timeout,2,2.2,26,13,13,2,False,0,0
4962.99,upi,authentication_failed,1,0.2,31,17,1,0,False,0,1
390.57,card,card_expired,1,3.7,3,9,6,0,True,0,1
2556.47,upi,card_expired,2,4.9,29,4,3,1,False,1,0
8434.49,card,insufficient_funds,1,14.0,15,19,6,1,False,0,0
5410.45,card,insufficient_funds,1,2.2,13,13,10,1,True,0,0
8519.57,upi,card_expired,1,7.2,14,15,7,1,False,0,1
2727.11,card,high_risk_fraud,2,2.6,26,10,9,3,True,0,0
1871.74,card,card_expired,2,0.7,31,12,3,1,False,1,0
4834.52,netbanking,network_timeout,1,1.3,22,15,17,0,True,0,1
6341.56,upi,card_expired,1,2.7,20,10,10,1,True,0,1
16666.15,upi,card_expired,2,0.8,1,7,3,0,False,1,1
2731.24,card,authentication_failed,4,3.6,25,18,7,0,False,1,0
4047.05,subscription_mandate,insufficient_funds,1,3.1,7,17,13,0,True,1,1
499.84,subscription_mandate,insufficient_funds,1,1.7,27,22,12,0,True,1,1
3998.87,card,insufficient_funds,2,6.9,3,19,6,0,True,1,1
12104.72,upi,card_expired,1,2.7,21,20,5,0,True,0,1
2667.83,upi,insufficient_funds,1,0.6,10,12,4,0,True,1,1
1141.27,subscription_mandate,bank_outage,2,0.1,1,9,15,1,False,1,1
8018.83,upi,authentication_failed,2,1.7,20,5,9,0,True,0,1
3122.44,upi,insufficient_funds,2,0.0,24,17,5,3,True,1,1
1610.88,card,authentication_failed,2,0.3,3,18,8,0,True,0,1
737.13,upi,bank_outage,3,4.4,4,12,7,1,True,0,1
3660.73,netbanking,card_expired,1,1.2,16,12,0,2,False,0,0
766.11,card,insufficient_funds,2,0.3,17,15,2,1,False,0,1
5791.26,netbanking,insufficient_funds,2,0.7,25,4,3,1,False,0,0
3830.05,card,network_timeout,2,6.1,27,20,7,0,False,0,1
2204.2,subscription_mandate,insufficient_funds,1,0.5,12,17,10,0,False,1,1
4391.97,card,high_risk_fraud,3,4.8,10,1,4,1,True,0,1
6861.36,subscription_mandate,card_expired,1,0.4,20,8,2,0,False,1,1
1029.24,card,network_timeout,4,5.9,10,20,9,1,True,0,1
2551.44,upi,network_timeout,2,2.2,4,11,3,0,False,0,1
910.37,upi,insufficient_funds,1,2.4,18,23,2,0,False,1,1
1540.06,netbanking,network_timeout,1,0.2,21,19,17,0,True,0,1
826.04,netbanking,card_expired,2,0.3,8,9,5,1,False,0,1
1559.93,upi,card_expired,3,3.1,22,14,5,1,True,0,0
949.94,card,card_expired,3,1.2,21,18,8,1,True,0,0
16137.65,netbanking,network_timeout,1,0.1,5,21,1,0,False,0,1
4549.8,upi,authentication_failed,2,0.8,24,17,4,1,False,0,1
4023.73,netbanking,authentication_failed,1,2.5,31,9,6,2,False,0,1
1815.81,card,insufficient_funds,1,0.9,25,16,6,0,True,0,1
2269.76,upi,insufficient_funds,1,1.4,30,6,4,1,False,1,1
2655.2,upi,network_timeout,1,0.6,21,15,9,0,True,0,1
7135.55,subscription_mandate,network_timeout,1,0.3,25,17,12,1,True,1,1
5567.09,card,authentication_failed,1,0.3,24,13,17,0,False,1,0
2635.55,subscription_mandate,insufficient_funds,1,6.3,31,9,2,0,False,1,1
1467.64,card,high_risk_fraud,2,0.8,9,10,4,1,True,0,0
340.98,upi,insufficient_funds,2,0.3,10,8,10,0,True,0,1
3172.09,subscription_mandate,insufficient_funds,1,0.8,28,16,11,1,True,1,1
1382.17,upi,card_expired,1,3.9,6,15,21,1,True,0,1
1549.11,subscription_mandate,insufficient_funds,1,2.0,29,14,9,0,True,1,1
239.02,netbanking,bank_outage,2,0.9,7,8,1,2,False,0,1
16091.95,subscription_mandate,insufficient_funds,1,0.3,17,18,3,0,False,1,1
3024.46,card,authentication_failed,2,0.6,20,21,6,3,False,0,0
3064.74,upi,insufficient_funds,2,3.1,29,21,4,1,True,0,1
4319.09,upi,network_timeout,1,0.8,1,18,1,1,False,1,1
4706.18,upi,insufficient_funds,1,0.9,31,14,3,0,False,0,1
3063.87,upi,insufficient_funds,1,0.0,2,3,7,1,True,1,1
6030.47,upi,insufficient_funds,2,0.8,24,8,3,2,False,1,1
3055.26,card,network_timeout,1,1.8,4,5,13,2,True,1,1
1012.12,card,card_expired,1,0.9,19,12,16,0,False,1,0
818.09,upi,card_expired,1,3.0,27,16,2,0,False,0,1
2040.14,upi,insufficient_funds,1,2.0,16,18,6,1,False,0,0
910.62,upi,authentication_failed,1,9.3,20,22,5,2,True,0,1
8594.96,netbanking,insufficient_funds,1,1.7,22,21,8,0,False,1,0
7089.66,upi,card_expired,1,0.4,19,17,5,0,True,0,1
1551.85,card,insufficient_funds,2,0.5,6,19,9,1,True,1,1
2338.34,card,authentication_failed,1,2.4,14,13,7,1,False,1,1
6981.84,card,insufficient_funds,1,0.1,4,3,13,0,False,0,1
7511.96,upi,card_expired,1,3.5,17,19,4,0,True,0,1
1656.48,upi,insufficient_funds,1,2.0,18,10,2,0,False,0,0
10355.69,upi,insufficient_funds,1,0.3,19,18,2,0,False,0,1
2946.36,card,card_expired,1,8.7,15,14,12,2,True,0,1
7848.48,card,insufficient_funds,1,0.0,12,18,1,0,False,0,1
808.88,card,insufficient_funds,1,2.8,29,18,14,0,True,0,1
10237.62,upi,card_expired,1,1.8,3,9,4,0,True,1,0
1295.45,upi,network_timeout,1,0.6,5,12,1,2,False,0,1
4472.94,netbanking,bank_outage,2,0.9,13,15,4,0,True,0,1
11832.32,subscription_mandate,network_timeout,1,0.6,6,9,3,2,False,1,0
1347.78,card,network_timeout,1,6.9,10,15,6,1,False,0,1
2212.1,upi,insufficient_funds,3,0.6,9,10,2,0,False,0,0
5792.67,card,card_expired,4,0.6,24,10,4,0,False,0,0
1619.0,upi,network_timeout,2,1.8,18,2,8,1,True,0,0
2209.77,card,authentication_failed,4,1.0,4,23,6,0,False,0,1
5118.35,upi,insufficient_funds,3,0.7,4,11,4,1,False,1,1
1007.99,upi,card_expired,1,0.8,15,17,6,0,False,0,0
1854.53,card,bank_outage,2,5.9,13,20,7,1,True,0,1
1869.7,netbanking,authentication_failed,4,1.4,15,19,1,0,False,1,0
2183.41,card,insufficient_funds,1,5.9,23,18,15,2,True,0,0
1746.53,card,insufficient_funds,1,0.5,29,20,7,1,True,1,1
4977.63,card,insufficient_funds,1,7.4,23,13,8,1,True,0,1
4944.72,card,card_expired,1,0.5,7,6,4,1,True,1,1
8685.66,netbanking,card_expired,2,8.1,16,21,5,0,True,0,0
1929.85,card,high_risk_fraud,2,1.2,29,0,0,2,False,0,0
2549.36,card,authentication_failed,2,5.2,25,17,4,0,True,0,1
1264.46,card,insufficient_funds,1,6.2,1,11,4,2,True,0,0
1125.05,card,authentication_failed,1,3.4,4,16,7,1,False,0,0
641.3,upi,card_expired,1,1.9,15,19,10,0,False,1,1
600.41,upi,insufficient_funds,1,7.4,2,10,4,3,True,0,1
2127.02,card,card_expired,2,4.2,3,19,6,0,True,0,0
2506.6,card,insufficient_funds,1,3.0,25,10,1,2,False,0,1
7311.77,upi,authentication_failed,1,4.0,2,13,6,0,True,0,1
428.93,card,card_expired,1,0.2,30,11,6,2,True,1,0
1143.61,card,card_expired,1,5.7,28,4,1,0,False,0,1
2425.16,card,insufficient_funds,1,5.4,3,1,3,3,False,0,1
1188.0,card,insufficient_funds,1,3.2,2,20,2,0,False,0,1
4215.47,card,card_expired,1,4.1,20,9,5,0,True,1,0
5629.07,card,card_expired,4,0.6,4,7,3,1,False,0,0
4730.85,card,network_timeout,2,3.8,11,7,14,4,True,0,1
1904.34,netbanking,insufficient_funds,1,0.4,10,0,17,0,True,0,1
1679.99,card,high_risk_fraud,1,0.0,29,11,11,2,False,0,0
6102.06,upi,card_expired,3,1.8,4,20,3,0,False,0,1
5003.6,card,insufficient_funds,2,2.8,15,7,5,0,True,0,1
1616.13,card,insufficient_funds,3,8.5,7,15,1,0,False,0,0
1987.22,card,authentication_failed,1,0.1,12,19,3,1,False,1,1
1358.58,card,authentication_failed,2,3.5,15,12,3,0,False,0,1
312.02,netbanking,card_expired,1,0.6,12,17,2,0,False,0,1
1851.19,card,insufficient_funds,1,1.7,15,16,12,1,True,0,1
4610.35,card,insufficient_funds,2,4.2,19,13,7,1,False,1,1
5430.5,card,insufficient_funds,2,0.8,22,15,4,3,True,0,1
8533.71,upi,insufficient_funds,1,2.1,24,11,2,1,False,0,1
1492.16,upi,bank_outage,3,1.7,14,14,11,3,False,0,1
769.42,subscription_mandate,card_expired,3,1.7,13,3,2,0,False,1,0
805.07,subscription_mandate,card_expired,1,2.0,27,11,26,1,True,1,0
3643.34,upi,bank_outage,1,1.0,20,15,2,1,False,0,1
1477.08,card,insufficient_funds,4,1.4,23,7,3,2,False,0,1
16747.32,card,network_timeout,1,0.3,18,9,3,1,False,0,1
786.18,upi,card_expired,1,0.5,23,3,5,0,False,0,1
8968.45,subscription_mandate,insufficient_funds,1,1.7,28,19,12,2,True,1,1
2838.98,subscription_mandate,authentication_failed,1,2.2,20,14,1,0,False,1,1
1281.7,upi,network_timeout,1,1.1,18,13,0,0,False,0,0
1965.28,card,insufficient_funds,2,0.4,19,13,3,2,False,0,1
2866.15,card,bank_outage,1,0.8,3,7,2,0,False,0,1
2597.2,card,bank_outage,3,5.8,12,16,6,3,True,1,0
15476.8,subscription_mandate,insufficient_funds,1,1.0,25,18,3,2,False,1,1
9495.95,upi,bank_outage,2,0.5,13,12,3,2,False,0,1
1703.76,netbanking,authentication_failed,1,3.8,18,13,14,2,False,0,0
885.59,upi,card_expired,1,2.0,15,7,9,2,False,1,0
2643.27,card,insufficient_funds,1,0.2,23,14,1,0,False,0,1
5975.17,card,card_expired,3,0.7,9,16,6,1,True,0,0
3711.41,netbanking,insufficient_funds,2,5.3,8,7,2,1,False,0,1
480.79,card,insufficient_funds,2,1.8,18,18,16,0,False,1,1
3235.12,card,card_expired,1,0.1,1,6,14,0,True,1,1
2614.8,upi,insufficient_funds,2,1.1,27,7,10,0,True,0,1
7219.59,card,network_timeout,1,0.4,23,13,8,1,True,1,1
3073.39,upi,card_expired,1,3.7,14,6,1,0,False,0,1
14499.93,card,card_expired,1,1.7,1,13,1,0,False,1,1
3370.97,card,insufficient_funds,1,3.5,24,12,9,1,True,0,1
4508.68,netbanking,insufficient_funds,2,0.3,17,9,3,2,False,0,1
2115.69,subscription_mandate,card_expired,3,0.5,15,12,12,0,True,1,1
4536.94,card,authentication_failed,2,2.0,2,10,7,0,True,1,1
1995.51,upi,bank_outage,1,3.0,18,15,8,1,True,0,1
5153.65,card,insufficient_funds,3,4.7,21,16,5,1,True,0,1
3390.25,upi,bank_outage,2,5.3,20,21,6,0,True,0,1
640.03,netbanking,bank_outage,2,0.0,4,10,4,1,True,0,1
1156.91,subscription_mandate,network_timeout,1,4.6,8,19,10,2,True,1,1
4846.49,card,high_risk_fraud,1,2.4,22,18,7,0,False,0,0
1181.55,card,bank_outage,3,3.4,12,11,8,2,True,1,1
2340.88,card,card_expired,1,3.9,15,9,10,0,False,0,1
7140.39,upi,insufficient_funds,4,2.5,8,14,7,1,True,1,1
715.63,upi,authentication_failed,2,0.9,2,12,13,1,False,0,1
2175.48,card,network_timeout,2,1.1,4,10,8,0,True,0,1
2078.52,card,card_expired,1,1.6,12,16,8,0,True,0,1
6674.28,card,authentication_failed,1,5.2,24,15,7,2,False,0,1
522.58,upi,bank_outage,2,0.1,25,23,13,2,True,0,1
2225.42,card,insufficient_funds,2,2.0,28,18,9,1,True,0,1
1010.81,subscription_mandate,insufficient_funds,3,8.6,26,9,9,0,True,1,1
673.84,upi,network_timeout,2,3.2,20,10,1,1,False,0,1
1415.0,card,network_timeout,1,1.1,22,19,0,3,False,1,0
662.62,subscription_mandate,high_risk_fraud,1,5.7,2,17,3,2,False,1,1
3670.39,card,network_timeout,1,0.1,7,12,16,3,True,0,1
935.46,subscription_mandate,insufficient_funds,1,6.9,18,15,3,0,False,1,1
1683.17,upi,bank_outage,1,0.1,1,14,11,1,True,0,1
4493.43,card,high_risk_fraud,1,0.2,9,15,1,1,False,0,0
1382.3,upi,authentication_failed,1,0.4,10,12,9,0,False,1,1
4858.26,card,bank_outage,1,8.8,30,16,19,0,True,0,1
1496.51,upi,authentication_failed,1,0.4,2,9,0,0,False,0,1
5781.05,card,insufficient_funds,2,3.6,13,11,1,1,False,1,0
1314.51,card,network_timeout,1,1.7,2,0,7,1,True,0,1
4481.95,upi,card_expired,2,10.4,11,16,1,0,False,0,0
1222.2,card,card_expired,2,1.2,18,8,8,0,False,0,0
896.14,card,authentication_failed,1,9.3,14,14,14,0,True,0,1
2493.91,upi,card_expired,2,3.2,24,11,7,0,False,0,0
1258.34,card,card_expired,1,2.2,25,17,3,0,False,1,1
2020.1,card,authentication_failed,2,0.1,2,20,2,1,False,0,0
7010.17,upi,authentication_failed,1,1.3,21,16,6,2,True,1,1
2716.82,subscription_mandate,insufficient_funds,1,6.4,10,12,2,1,False,1,1
2440.97,upi,network_timeout,1,5.0,2,14,4,1,True,0,1
1246.93,subscription_mandate,card_expired,1,0.3,18,10,8,1,True,1,1
3665.58,subscription_mandate,authentication_failed,1,1.7,31,17,2,1,False,1,1
2527.72,netbanking,card_expired,1,2.7,21,13,5,3,True,1,1
5992.81,upi,authentication_failed,2,0.3,8,10,4,0,True,0,1
4750.91,upi,insufficient_funds,1,2.2,27,11,2,2,False,0,1
6740.47,netbanking,insufficient_funds,1,0.6,16,5,6,0,False,0,0
677.86,netbanking,network_timeout,1,1.5,23,14,5,0,True,1,1
837.54,upi,insufficient_funds,1,5.0,11,16,2,1,False,0,1
6565.97,upi,authentication_failed,1,1.0,28,18,6,0,False,1,1
348.73,upi,card_expired,1,1.7,3,20,6,1,False,0,1
1758.46,card,bank_outage,4,0.1,2,18,2,1,False,0,1
7439.57,upi,high_risk_fraud,3,2.7,1,22,4,0,True,0,0
1160.06,upi,card_expired,1,1.0,28,11,2,2,False,0,0
1869.77,netbanking,insufficient_funds,3,0.8,21,19,5,1,True,0,0
360.53,card,insufficient_funds,1,6.7,17,4,13,2,True,1,0
3450.17,card,insufficient_funds,4,2.7,5,13,12,1,False,0,1
4630.21,upi,bank_outage,2,0.2,19,7,9,0,True,0,1
4123.74,card,insufficient_funds,3,0.6,26,18,5,3,True,0,0
1599.15,upi,insufficient_funds,1,0.8,23,11,1,3,False,1,0
3761.41,upi,card_expired,1,2.6,25,15,12,0,True,1,1
1435.31,card,insufficient_funds,4,3.3,30,14,14,0,True,0,0
1156.0,upi,bank_outage,1,0.4,25,19,3,2,False,0,1
5681.8,card,insufficient_funds,4,3.2,13,19,0,0,False,1,0
2661.66,upi,bank_outage,2,0.3,21,12,3,1,False,0,1
606.5,upi,bank_outage,1,9.5,15,21,7,0,False,0,1
3007.51,upi,card_expired,1,0.2,20,11,2,0,False,1,1
2893.26,card,bank_outage,1,4.1,30,17,4,0,True,0,1
6554.5,subscription_mandate,authentication_failed,1,0.4,28,13,3,0,False,1,0
1615.2,card,card_expired,1,1.5,19,21,2,0,False,0,0
689.62,subscription_mandate,insufficient_funds,1,0.5,28,16,3,0,False,1,1
238.03,upi,network_timeout,1,0.3,8,10,4,0,True,0,1
797.23,upi,insufficient_funds,1,1.4,18,14,3,2,False,0,1
1361.94,upi,insufficient_funds,1,1.8,18,20,2,1,False,0,1
7449.53,card,bank_outage,1,0.9,16,13,11,1,False,1,1
1768.89,card,insufficient_funds,3,0.1,11,12,4,2,False,0,1
5212.92,card,insufficient_funds,1,8.7,29,22,1,0,False,0,1
3626.12,card,bank_outage,2,7.2,17,20,12,4,True,0,0
10110.85,netbanking,insufficient_funds,1,0.6,4,17,4,0,True,0,1
3410.88,subscription_mandate,card_expired,3,0.3,8,17,4,0,True,1,0
5174.2,subscription_mandate,network_timeout,3,2.8,22,13,3,2,False,1,1
2168.73,card,card_expired,1,4.7,17,13,11,1,False,1,1
1280.55,netbanking,card_expired,1,0.8,31,16,2,1,False,0,0
475.75,card,authentication_failed,2,0.0,14,8,4,0,False,0,1
4422.52,netbanking,network_timeout,2,1.5,7,8,6,1,True,0,0
5011.51,upi,network_timeout,2,3.0,7,17,1,0,False,1,0
4764.29,card,insufficient_funds,2,1.6,14,11,12,0,False,0,1
7073.9,card,bank_outage,2,0.7,22,16,6,1,False,0,1
3147.95,card,insufficient_funds,3,2.3,13,16,5,0,True,0,0
481.58,upi,insufficient_funds,1,0.0,12,18,16,2,True,0,1
724.04,card,authentication_failed,2,7.5,20,8,12,2,True,1,1
5174.7,upi,insufficient_funds,1,1.0,28,13,4,1,False,0,1
865.82,card,bank_outage,2,2.4,2,12,6,0,True,0,1
897.41,card,insufficient_funds,2,0.2,29,11,1,0,False,0,1
1815.91,upi,bank_outage,1,1.8,11,13,2,3,False,0,1
3515.94,subscription_mandate,bank_outage,2,0.4,14,11,2,0,False,1,1
11983.8,card,card_expired,1,1.8,10,10,9,1,True,0,1
1852.26,subscription_mandate,network_timeout,2,2.9,31,14,2,1,False,1,1
22033.53,subscription_mandate,network_timeout,3,3.5,6,14,3,2,False,1,0
12259.52,upi,insufficient_funds,1,0.1,3,16,12,0,True,1,1
1081.33,card,bank_outage,1,1.0,20,19,10,0,False,1,1
719.38,card,insufficient_funds,2,0.0,18,17,3,0,False,0,1
1479.22,card,insufficient_funds,2,2.1,22,19,2,0,False,0,0
358.82,card,insufficient_funds,1,1.6,24,11,23,0,False,1,1
1060.35,netbanking,authentication_failed,2,3.1,10,17,15,2,True,0,1
6735.69,subscription_mandate,authentication_failed,2,0.2,23,13,13,1,False,1,1
3523.78,subscription_mandate,bank_outage,1,0.7,24,10,1,0,False,1,1
2088.89,upi,bank_outage,2,2.2,11,9,6,0,True,1,1
2197.82,upi,insufficient_funds,1,1.9,3,10,3,2,False,0,1
3608.27,card,insufficient_funds,2,12.0,14,7,10,1,False,0,0
3134.4,upi,bank_outage,1,1.4,14,14,4,2,True,0,1
1091.09,upi,card_expired,1,2.4,7,14,1,0,False,0,1
2583.65,upi,card_expired,1,2.3,15,19,5,1,False,1,1
2270.42,card,card_expired,2,0.1,28,12,8,0,True,0,1
12191.99,card,high_risk_fraud,3,6.4,15,20,5,2,True,1,0
1018.98,card,bank_outage,1,0.9,17,14,3,1,False,0,1
2886.03,upi,network_timeout,3,0.6,10,10,8,1,True,0,0
1987.16,card,insufficient_funds,2,1.6,17,11,8,2,True,1,1
317.48,subscription_mandate,bank_outage,1,0.6,4,18,11,1,False,1,1
1960.61,card,network_timeout,1,2.5,18,12,8,0,False,0,1
9548.17,netbanking,network_timeout,1,1.4,12,19,5,1,True,0,1
3137.43,card,card_expired,1,1.3,30,10,1,2,False,0,0
3409.89,card,bank_outage,1,0.3,2,8,12,0,False,0,1
9937.99,card,insufficient_funds,3,7.2,17,17,5,1,True,0,0
3891.94,subscription_mandate,insufficient_funds,2,2.5,26,18,0,3,False,1,0
1332.04,upi,insufficient_funds,2,4.9,29,16,3,0,False,0,1
6934.03,card,card_expired,1,1.6,11,12,7,0,True,0,0
2422.29,upi,card_expired,2,0.1,20,10,10,1,True,0,0
6244.15,upi,card_expired,1,1.0,13,19,8,0,False,0,0
896.96,upi,authentication_failed,2,9.1,15,18,9,1,True,0,1
1557.07,upi,network_timeout,1,5.5,18,11,6,2,True,1,1
7285.94,card,card_expired,1,2.2,13,22,4,0,False,0,1
8800.32,upi,insufficient_funds,3,7.7,23,11,11,0,True,0,1
1930.63,card,insufficient_funds,2,0.9,16,16,8,1,True,0,1
946.08,upi,insufficient_funds,1,4.6,16,11,8,1,True,0,1
1187.3,card,high_risk_fraud,1,0.7,3,23,8,1,False,0,1
4270.1,card,insufficient_funds,1,1.3,3,8,4,2,True,0,0
1970.78,card,network_timeout,2,1.0,21,14,4,2,True,0,1
1452.24,netbanking,authentication_failed,1,2.2,26,11,13,3,True,0,1
3981.86,upi,insufficient_funds,1,0.2,4,8,9,0,False,0,1
1940.5,card,bank_outage,1,2.4,14,9,4,1,False,0,1
8355.88,upi,insufficient_funds,1,1.6,29,17,4,1,True,0,1
3854.51,upi,insufficient_funds,2,0.5,15,21,2,0,False,0,1
1668.46,upi,authentication_failed,1,0.9,21,13,3,2,False,1,1
5467.69,card,insufficient_funds,1,0.6,12,7,4,2,True,1,0
11804.7,card,card_expired,2,1.3,12,8,6,0,True,0,0
1422.05,card,insufficient_funds,2,0.3,18,11,4,0,False,0,1
8561.8,card,network_timeout,1,2.0,30,19,13,2,False,1,1
2349.88,upi,insufficient_funds,1,4.1,13,15,3,2,False,0,1
2033.82,upi,network_timeout,2,6.2,31,15,0,0,False,0,0
3462.72,card,insufficient_funds,1,3.0,22,16,6,0,False,0,1
5371.24,card,insufficient_funds,2,0.9,14,12,12,1,False,0,0
349.82,card,high_risk_fraud,1,5.9,2,16,5,0,False,1,1
1850.51,subscription_mandate,bank_outage,1,1.1,31,23,10,1,False,1,1
868.58,card,bank_outage,2,1.6,22,10,2,1,False,0,0
4067.4,upi,card_expired,1,1.6,28,14,5,0,False,1,0
583.03,upi,insufficient_funds,3,0.2,9,8,7,1,False,0,1
4409.12,upi,network_timeout,2,1.2,11,9,9,0,True,1,1
99.0,upi,insufficient_funds,1,0.7,26,11,7,0,False,0,1
1346.81,card,insufficient_funds,1,5.0,4,12,21,0,False,0,1
1529.43,card,bank_outage,3,1.7,8,12,8,0,True,1,1
8674.1,card,network_timeout,3,8.4,5,20,3,0,False,0,1
2653.53,upi,network_timeout,1,3.1,15,11,9,0,True,0,1
537.05,upi,authentication_failed,3,2.2,28,7,4,0,True,0,1
5060.18,card,insufficient_funds,2,0.4,25,21,9,0,True,1,0
1743.08,card,card_expired,1,0.2,17,9,14,0,True,0,1
4270.02,subscription_mandate,insufficient_funds,1,4.3,29,17,1,2,False,1,1
2403.61,subscription_mandate,bank_outage,3,4.0,24,17,3,0,False,1,0
2451.18,upi,insufficient_funds,2,0.1,14,11,19,1,True,0,1
3358.5,upi,high_risk_fraud,4,6.0,13,17,9,1,True,0,0
5546.44,card,authentication_failed,1,1.8,19,4,15,1,True,0,1
2801.78,upi,card_expired,2,0.2,8,15,8,1,False,1,1
1385.39,card,card_expired,3,1.4,28,17,8,0,True,1,1
2365.81,upi,network_timeout,3,1.2,24,13,10,0,False,0,1
893.19,upi,insufficient_funds,1,9.0,20,7,6,0,True,0,1
543.14,card,card_expired,1,3.3,14,14,3,3,False,1,0
1008.21,upi,card_expired,2,8.9,25,19,7,0,True,0,0
3954.46,card,authentication_failed,1,7.2,26,15,4,1,True,0,1
2340.49,card,insufficient_funds,1,2.5,21,16,7,1,True,0,1
874.69,card,insufficient_funds,2,1.2,3,18,4,0,True,0,1
2352.35,upi,bank_outage,1,3.9,6,19,0,2,False,0,1
2207.64,upi,authentication_failed,4,2.8,20,18,4,1,False,0,1
1210.72,card,bank_outage,1,0.1,1,11,1,0,False,1,1
6615.22,upi,insufficient_funds,2,4.6,7,11,15,0,True,1,1
10250.36,card,high_risk_fraud,1,4.0,14,17,13,1,True,0,0
616.1,card,card_expired,2,2.9,30,9,1,2,False,0,0
1859.18,card,network_timeout,2,2.8,7,8,8,0,True,0,1
15007.43,card,bank_outage,1,0.3,16,11,9,0,True,0,1
3468.48,card,authentication_failed,1,1.4,28,13,8,0,True,0,0
5935.8,upi,card_expired,1,2.8,28,19,11,1,True,1,1
5176.67,card,card_expired,4,1.6,28,13,6,1,False,0,0
1631.49,subscription_mandate,insufficient_funds,1,2.4,10,17,2,2,False,1,0
2340.08,subscription_mandate,insufficient_funds,1,1.6,31,13,10,3,True,1,1
5046.37,upi,card_expired,1,0.8,27,11,3,0,False,0,1
13862.48,card,insufficient_funds,1,0.6,5,10,4,2,False,0,1
2573.33,card,insufficient_funds,1,1.2,8,13,3,0,False,1,1
2378.45,netbanking,insufficient_funds,4,2.4,2,18,5,0,False,0,0
823.06,upi,authentication_failed,2,1.4,5,18,8,0,True,0,0
3414.6,upi,card_expired,1,0.3,25,13,5,0,True,1,1
2326.78,card,network_timeout,2,0.8,16,14,8,1,False,0,1
380.93,subscription_mandate,insufficient_funds,3,0.1,24,22,11,1,True,1,1
834.44,card,card_expired,2,2.8,12,19,2,1,False,0,1
2142.11,card,authentication_failed,1,0.8,24,13,7,2,True,0,1
2866.82,upi,insufficient_funds,1,0.2,7,8,12,1,True,0,1
4218.01,netbanking,insufficient_funds,1,0.5,19,21,3,1,False,0,1
4711.56,upi,card_expired,3,2.6,30,12,6,1,False,1,0
5078.68,card,authentication_failed,1,5.0,28,9,7,1,False,0,0
5160.8,subscription_mandate,bank_outage,1,2.8,22,5,6,0,True,1,1
3655.66,subscription_mandate,network_timeout,2,3.3,6,12,11,1,False,1,1
3718.78,upi,authentication_failed,2,1.5,22,12,15,1,True,1,1
719.84,card,card_expired,1,0.3,31,11,11,0,True,1,1
1702.89,card,insufficient_funds,2,5.8,13,18,1,2,False,0,1
8563.95,upi,network_timeout,1,0.7,29,10,4,1,True,0,1
1994.67,upi,authentication_failed,1,1.9,16,2,15,0,True,0,1
3318.61,card,insufficient_funds,1,3.8,14,18,1,1,False,0,1
2584.73,netbanking,insufficient_funds,1,3.2,27,17,9,0,True,0,1
3596.93,card,card_expired,1,2.1,15,20,6,0,False,1,0
485.84,upi,insufficient_funds,2,7.4,7,14,3,1,False,0,1
719.61,card,bank_outage,3,0.2,12,14,6,1,False,0,0
575.16,card,authentication_failed,5,1.3,20,16,7,0,True,0,1
1293.03,upi,network_timeout,1,2.5,3,1,4,2,True,0,1
1413.63,card,authentication_failed,1,0.3,7,13,3,1,False,0,1
5081.73,card,insufficient_funds,1,4.0,17,19,9,0,False,0,1
662.18,card,bank_outage,1,0.1,12,11,5,0,True,0,1
5225.74,card,card_expired,2,3.3,24,14,11,1,True,0,0
501.53,upi,insufficient_funds,1,0.5,29,15,9,1,True,0,1
7875.93,upi,network_timeout,1,3.6,4,5,17,1,True,0,1
1628.7,card,card_expired,1,3.9,18,2,16,1,True,1,0
917.11,upi,bank_outage,2,0.0,28,12,5,0,True,1,1
3890.02,card,bank_outage,1,1.9,1,11,18,2,True,0,1
14031.85,upi,authentication_failed,1,1.4,31,1,5,1,True,0,1
1223.05,card,bank_outage,2,3.4,11,13,5,1,True,1,1
5043.66,card,insufficient_funds,2,4.3,10,8,10,1,True,0,0
8247.72,card,insufficient_funds,3,2.9,6,16,6,1,True,1,0
1588.03,upi,insufficient_funds,1,0.9,8,16,14,3,True,0,1
2472.32,netbanking,insufficient_funds,1,1.0,15,10,7,0,True,1,0
8910.2,upi,insufficient_funds,1,2.9,4,4,3,0,False,1,1
3439.45,upi,card_expired,1,1.1,14,12,15,0,True,1,1
10374.48,netbanking,card_expired,1,3.6,19,11,13,0,True,0,1
921.25,card,bank_outage,1,0.3,17,11,14,2,False,0,1
6075.67,upi,insufficient_funds,3,0.9,27,10,4,0,False,0,1
5195.82,card,network_timeout,2,2.0,7,13,1,0,False,0,1
3677.42,upi,authentication_failed,2,3.4,15,10,1,0,False,1,1
940.73,card,insufficient_funds,2,0.7,14,8,7,0,True,0,1
5753.5,subscription_mandate,card_expired,4,0.9,16,9,9,1,True,1,0
1533.27,upi,insufficient_funds,1,3.3,7,18,17,0,True,0,1
2374.54,card,insufficient_funds,3,3.0,31,22,9,0,True,1,1
477.3,card,network_timeout,2,8.6,18,20,3,0,False,0,0
884.98,subscription_mandate,insufficient_funds,1,1.9,22,10,7,1,True,1,1
1857.62,upi,network_timeout,1,0.8,14,17,7,1,False,0,1
235.87,card,network_timeout,1,1.3,29,14,3,1,False,1,1
2020.79,upi,high_risk_fraud,1,0.8,17,13,1,2,False,1,0
2274.47,upi,insufficient_funds,1,1.4,13,6,3,0,False,0,1
2047.96,subscription_mandate,insufficient_funds,4,1.8,11,17,4,1,True,1,0
830.74,card,card_expired,2,0.9,15,10,6,0,True,0,0
2367.26,card,card_expired,1,7.9,15,23,4,1,False,1,1
819.05,upi,authentication_failed,1,0.7,5,19,5,0,True,0,1
14414.83,upi,insufficient_funds,1,14.0,7,11,3,1,False,0,1
3963.52,card,network_timeout,2,1.1,31,9,7,0,True,0,1
3859.78,card,authentication_failed,1,2.1,22,14,3,2,False,0,1
1769.49,card,card_expired,3,2.1,9,19,7,0,True,0,0
1817.72,upi,authentication_failed,1,0.5,1,18,3,0,False,0,1
982.88,subscription_mandate,authentication_failed,2,2.3,1,23,17,1,False,1,1
4029.23,subscription_mandate,card_expired,1,5.8,27,10,6,0,True,1,1
1679.9,upi,insufficient_funds,1,1.9,30,12,11,0,False,0,1
2726.69,card,high_risk_fraud,1,9.2,24,0,12,0,True,0,0
8242.6,card,bank_outage,2,5.4,23,9,11,0,True,0,1
8438.78,netbanking,network_timeout,1,1.2,29,18,23,0,False,0,1
6624.39,card,authentication_failed,3,0.9,9,15,2,1,False,0,1
5512.7,card,insufficient_funds,1,3.4,23,10,10,1,True,0,1
1206.95,upi,authentication_failed,1,3.5,2,11,7,0,True,0,1
1725.99,card,insufficient_funds,1,1.7,5,10,13,0,True,1,1
4338.33,upi,authentication_failed,1,1.5,10,7,3,0,False,1,1
1048.95,upi,card_expired,1,3.0,9,18,4,0,False,0,0
3210.04,subscription_mandate,authentication_failed,2,0.4,4,7,8,1,True,1,0
6154.53,upi,insufficient_funds,1,1.8,14,10,2,1,False,0,1
1174.94,card,insufficient_funds,1,2.7,3,16,7,2,True,0,1
2690.11,card,bank_outage,1,0.8,17,13,17,3,False,0,1
157.48,upi,insufficient_funds,1,0.2,26,9,4,0,False,0,1
1988.41,upi,insufficient_funds,1,1.0,23,17,3,2,False,0,1
1763.29,subscription_mandate,authentication_failed,2,4.8,29,17,9,1,True,1,1
4289.92,netbanking,network_timeout,3,5.1,17,21,14,1,True,0,1
2896.52,card,card_expired,3,1.6,20,17,2,0,False,0,0
1087.0,upi,authentication_failed,1,1.0,13,3,4,1,True,0,1
4024.31,card,insufficient_funds,2,0.2,28,14,6,0,True,0,1
103.01,upi,network_timeout,1,8.5,20,5,7,0,True,0,0
1240.64,upi,insufficient_funds,1,2.4,23,10,2,0,False,0,0
2271.58,card,insufficient_funds,5,0.1,13,16,10,1,False,0,0
2182.36,upi,bank_outage,3,1.3,27,17,11,1,False,0,1
1394.86,upi,insufficient_funds,2,3.2,17,3,3,1,False,0,1
6972.72,subscription_mandate,bank_outage,1,4.1,5,20,0,0,False,1,1
819.79,upi,card_expired,1,3.7,13,8,4,2,True,0,1
771.8,card,card_expired,1,2.1,25,14,5,1,True,0,0
5237.22,upi,bank_outage,1,3.6,27,20,7,0,False,0,1
2237.61,card,network_timeout,2,0.1,28,19,4,0,True,1,0
2343.01,upi,network_timeout,2,7.1,26,9,11,1,True,0,0
4826.96,card,card_expired,4,0.4,14,11,3,3,False,0,0
2396.52,card,card_expired,1,1.0,19,10,3,0,False,0,0
3189.8,card,bank_outage,2,0.6,11,9,5,1,False,0,1
754.58,subscription_mandate,bank_outage,2,0.0,13,10,9,0,True,1,1
2723.02,upi,insufficient_funds,3,0.1,29,13,17,1,True,0,1
3550.24,card,card_expired,2,0.0,1,11,7,2,True,0,0
7115.86,card,high_risk_fraud,2,9.7,6,7,3,1,False,0,0
2540.42,card,bank_outage,1,4.3,14,8,18,1,False,0,1
3296.32,card,card_expired,5,3.1,25,22,5,1,True,1,0
572.38,card,bank_outage,1,1.7,21,20,0,1,False,0,1
1513.78,card,card_expired,1,0.5,10,9,7,0,False,0,1
1594.24,upi,authentication_failed,4,2.6,8,7,9,3,True,0,0
1395.09,upi,authentication_failed,1,6.5,10,17,7,0,False,1,1
3182.3,upi,bank_outage,1,5.1,9,10,10,0,True,1,1
1817.16,netbanking,network_timeout,1,1.3,23,17,8,2,False,0,1
2848.55,netbanking,bank_outage,3,2.8,8,16,9,0,False,1,1
750.76,card,authentication_failed,1,6.0,26,18,8,2,True,0,1
3570.86,upi,insufficient_funds,1,2.6,12,18,3,0,False,0,1
481.92,upi,authentication_failed,3,2.0,9,18,1,1,False,0,1
1277.21,card,bank_outage,1,2.9,15,23,2,3,False,0,1
640.34,card,network_timeout,3,0.7,8,19,3,0,False,1,1
911.12,card,card_expired,2,2.2,10,19,4,2,True,0,0
3720.87,upi,authentication_failed,2,0.2,10,12,6,0,False,1,1
1471.05,card,network_timeout,1,0.8,10,18,19,0,False,0,1
956.98,subscription_mandate,bank_outage,2,0.8,10,14,14,1,True,1,1
1951.76,card,card_expired,1,1.4,6,12,5,0,False,0,0
1025.02,upi,authentication_failed,1,9.3,3,12,1,3,False,0,1
3290.91,upi,card_expired,2,6.1,23,14,6,2,False,0,0
3816.82,card,high_risk_fraud,3,0.2,12,14,3,2,False,0,0
3923.4,upi,card_expired,2,0.0,8,17,2,1,False,1,1
1363.98,subscription_mandate,insufficient_funds,1,1.7,23,12,20,1,False,1,1
1818.33,card,insufficient_funds,1,1.1,21,15,8,2,True,0,1
9958.03,upi,network_timeout,1,2.4,18,19,15,1,True,0,1
1027.37,upi,bank_outage,1,0.7,17,11,4,0,False,0,1
1604.39,card,insufficient_funds,2,2.0,10,11,12,0,True,0,1
1646.92,upi,network_timeout,2,6.9,15,11,13,0,True,1,1
4240.32,upi,insufficient_funds,1,2.4,26,7,13,1,True,1,1
21049.83,card,insufficient_funds,2,1.8,23,2,13,0,False,1,1
1242.08,upi,card_expired,2,1.2,9,11,13,2,True,1,1
298.02,upi,card_expired,2,0.5,9,12,11,2,True,1,1
7681.44,upi,insufficient_funds,3,1.0,3,18,5,1,True,1,1
560.38,netbanking,network_timeout,1,4.8,7,12,5,2,True,0,0
4295.13,netbanking,insufficient_funds,1,4.8,27,19,21,0,True,1,1
861.73,card,network_timeout,2,0.4,29,10,22,1,False,0,1
17664.55,upi,authentication_failed,1,1.1,9,9,2,0,False,1,1
1814.79,upi,bank_outage,1,0.2,22,5,11,1,False,0,1
5146.72,netbanking,card_expired,4,2.7,25,18,2,2,False,0,0
2876.29,card,card_expired,2,0.2,4,21,6,0,True,0,1
2928.03,card,bank_outage,2,7.6,1,12,6,1,False,0,1
4360.3,subscription_mandate,authentication_failed,1,0.4,25,12,8,0,False,1,1
4909.32,card,card_expired,2,2.0,11,18,3,1,False,1,1
1379.86,card,authentication_failed,1,0.3,13,10,6,3,True,1,0
1660.17,card,insufficient_funds,2,1.0,4,7,6,0,False,1,0
2540.8,upi,insufficient_funds,1,0.2,16,11,10,1,True,0,1
1929.78,netbanking,card_expired,2,1.7,8,17,3,0,False,0,0
1866.78,upi,insufficient_funds,2,3.7,28,10,3,0,False,0,1
714.97,upi,insufficient_funds,1,0.1,18,11,0,1,False,0,1
2994.39,subscription_mandate,network_timeout,1,2.7,1,11,2,3,False,1,1
3876.55,upi,insufficient_funds,3,0.4,22,17,10,1,True,1,1
3175.97,card,network_timeout,2,0.8,3,11,7,2,True,0,1
649.74,upi,insufficient_funds,1,1.3,3,19,14,0,False,1,1
3010.89,card,bank_outage,3,3.2,15,12,16,1,False,1,0
8220.11,upi,bank_outage,4,3.3,14,10,6,2,True,0,1
812.22,card,card_expired,2,1.0,9,16,4,0,True,0,1
2986.82,subscription_mandate,insufficient_funds,1,2.3,4,17,3,1,False,1,1
2548.61,subscription_mandate,network_timeout,1,0.2,31,12,4,1,True,1,1
6212.16,card,insufficient_funds,1,2.1,4,14,16,0,True,0,1
2534.96,upi,bank_outage,1,1.3,20,10,2,0,False,0,1
1988.17,upi,insufficient_funds,1,3.5,13,4,3,0,False,0,1
6821.02,card,bank_outage,3,1.4,10,10,12,0,True,0,1
2334.99,card,authentication_failed,3,0.5,7,17,5,1,False,1,0
2141.94,upi,insufficient_funds,2,2.6,26,8,11,0,True,0,0
362.43,subscription_mandate,network_timeout,1,2.7,25,17,7,2,False,1,1
1915.04,upi,bank_outage,2,0.9,11,17,12,0,True,0,1
1100.51,upi,insufficient_funds,2,0.4,14,10,3,2,False,0,1
1655.55,subscription_mandate,bank_outage,2,2.6,2,21,0,1,False,1,0
949.13,card,insufficient_funds,2,1.6,5,13,5,1,True,0,1
4102.27,upi,insufficient_funds,1,0.4,2,18,3,1,False,0,1
16272.21,subscription_mandate,bank_outage,3,2.2,25,0,4,1,True,1,1
2820.39,netbanking,bank_outage,2,2.7,29,17,5,0,True,0,1
1027.63,netbanking,high_risk_fraud,2,3.1,29,12,1,1,False,0,0
275.84,card,insufficient_funds,1,0.0,10,2,8,1,False,1,0
1335.07,upi,network_timeout,1,0.3,10,17,4,3,True,0,0
2752.84,upi,card_expired,2,0.5,5,10,10,1,True,1,1
3966.46,subscription_mandate,card_expired,3,0.1,22,17,15,3,True,1,0
6389.52,card,bank_outage,1,6.6,28,9,5,1,True,1,1
8757.44,card,insufficient_funds,1,1.9,5,10,2,1,False,0,1
1342.62,card,insufficient_funds,1,3.5,3,20,6,0,False,0,0
1000.46,upi,insufficient_funds,1,2.8,12,0,5,3,True,0,0
3740.11,upi,bank_outage,1,4.9,15,16,6,0,False,0,1
1172.77,subscription_mandate,insufficient_funds,1,3.7,18,21,3,4,False,1,1
4405.39,upi,insufficient_funds,1,0.2,14,11,13,0,False,0,1
5656.8,card,card_expired,1,0.3,10,10,0,0,False,1,1
15264.66,card,insufficient_funds,1,10.8,27,12,8,0,False,0,0
12826.39,upi,authentication_failed,1,0.8,13,23,10,2,True,0,1
1986.6,card,bank_outage,2,1.5,2,19,8,0,False,0,1
7636.39,upi,insufficient_funds,1,3.6,2,13,6,0,True,0,1
1871.19,upi,card_expired,1,5.1,3,12,8,1,True,1,0
782.86,upi,authentication_failed,1,1.3,4,20,6,0,True,0,1
2768.71,subscription_mandate,authentication_failed,2,1.4,23,11,12,0,False,1,1
2472.16,netbanking,network_timeout,1,0.8,24,10,8,0,True,1,1
932.68,card,insufficient_funds,1,0.4,4,20,11,0,False,0,1
6003.55,card,card_expired,2,1.5,14,14,5,0,True,0,0
3504.31,card,bank_outage,1,1.7,4,2,9,1,False,0,1
2944.23,card,network_timeout,4,0.8,10,1,5,2,False,0,1
7721.02,netbanking,authentication_failed,3,4.1,21,15,5,1,False,0,1
2338.68,card,bank_outage,2,1.7,7,9,5,0,True,1,1
2685.56,upi,card_expired,2,3.6,23,9,6,1,True,0,1
5658.35,card,insufficient_funds,1,0.3,27,10,5,1,True,0,1
888.74,card,insufficient_funds,1,8.4,13,11,2,3,False,1,1
6673.59,upi,network_timeout,3,1.9,6,14,6,3,False,0,0
4817.59,card,card_expired,3,0.8,9,15,2,0,False,0,0
1974.34,netbanking,card_expired,4,0.5,23,12,10,2,False,0,0
9079.65,upi,insufficient_funds,1,0.2,7,11,0,1,False,0,1
579.08,card,insufficient_funds,1,0.6,9,10,10,0,False,0,1
8218.43,subscription_mandate,insufficient_funds,1,0.7,30,9,3,0,False,1,1
2491.11,upi,insufficient_funds,2,0.9,4,11,9,2,False,0,1
1530.34,upi,network_timeout,1,3.0,14,18,0,1,False,0,1
6016.04,card,insufficient_funds,2,0.2,23,17,8,0,True,0,1
2107.38,upi,authentication_failed,3,0.1,29,18,3,1,False,0,0
667.95,subscription_mandate,high_risk_fraud,1,2.8,22,19,2,1,False,1,0
1430.02,card,insufficient_funds,3,2.2,25,17,7,0,True,0,1
1460.7,upi,card_expired,2,0.6,28,8,12,1,True,0,0
8157.48,card,insufficient_funds,2,0.7,12,10,0,0,False,0,1
1985.94,card,insufficient_funds,1,4.3,21,10,3,1,False,0,0
991.96,upi,authentication_failed,2,0.8,3,9,7,0,True,0,0
344.81,upi,card_expired,2,4.3,29,14,1,4,False,1,0
1085.69,subscription_mandate,insufficient_funds,1,2.3,6,6,5,0,True,1,0
6634.33,card,bank_outage,2,0.4,30,11,9,1,True,0,1
1787.77,upi,bank_outage,2,0.5,30,13,5,3,False,0,1
4148.73,card,authentication_failed,1,5.6,27,19,4,0,False,0,1
1935.8,upi,bank_outage,2,1.4,25,13,10,1,True,0,1
2691.07,netbanking,card_expired,1,3.9,30,9,7,1,False,0,0
4779.83,upi,card_expired,3,0.2,14,10,5,2,True,0,1
519.03,card,insufficient_funds,2,0.2,14,16,18,2,True,0,0
1367.51,card,insufficient_funds,1,0.4,20,6,8,1,True,1,1
1774.78,netbanking,insufficient_funds,1,0.8,18,8,8,2,True,0,1
1210.66,netbanking,card_expired,1,5.3,27,6,9,1,True,0,0
3545.55,card,insufficient_funds,1,1.4,11,16,13,1,True,0,1
1461.45,card,insufficient_funds,1,3.5,1,8,6,1,False,0,1
3882.55,card,bank_outage,2,9.4,9,12,20,0,True,0,1
922.13,upi,high_risk_fraud,3,0.5,1,13,3,2,False,0,0
1734.88,upi,bank_outage,1,1.5,22,11,6,2,False,0,1
608.89,card,insufficient_funds,1,6.4,27,2,1,1,False,1,1
1723.43,upi,insufficient_funds,2,9.5,20,18,4,1,True,0,1
840.44,upi,authentication_failed,1,2.5,4,5,6,2,True,0,1
3745.98,upi,card_expired,3,0.3,2,10,15,0,True,1,1
3263.73,card,card_expired,3,2.0,23,21,5,2,True,0,0
1278.22,card,insufficient_funds,1,0.0,23,11,2,0,False,1,1
7150.21,netbanking,insufficient_funds,2,0.9,24,11,4,1,True,0,1
1888.14,upi,network_timeout,1,6.2,31,23,10,0,False,0,1
987.29,upi,insufficient_funds,1,1.5,8,18,18,0,True,1,1
1272.21,card,high_risk_fraud,1,1.5,26,14,4,1,True,0,0
2494.88,upi,high_risk_fraud,1,0.9,4,19,7,0,False,1,0
7009.88,subscription_mandate,card_expired,2,0.9,31,19,3,2,False,1,0
1272.61,card,card_expired,4,3.6,15,9,2,1,False,0,0
840.01,card,insufficient_funds,2,0.8,9,20,4,0,True,0,1
9148.26,upi,network_timeout,3,0.4,29,18,17,2,True,0,1
4339.51,upi,insufficient_funds,1,0.7,7,13,7,0,False,1,1
1022.78,card,authentication_failed,1,1.4,4,0,14,0,True,0,0
3922.44,subscription_mandate,insufficient_funds,1,1.6,8,22,4,0,False,1,1
3821.79,subscription_mandate,bank_outage,2,1.3,24,14,14,4,True,1,1
4267.0,subscription_mandate,insufficient_funds,1,3.9,17,16,14,1,False,1,1
4083.76,card,insufficient_funds,1,0.1,17,16,11,0,False,0,1
2014.47,card,network_timeout,2,0.0,5,11,0,1,False,0,1
13986.76,upi,high_risk_fraud,1,1.8,27,17,5,0,False,1,0
3501.91,card,bank_outage,4,0.7,18,11,2,1,False,1,0
6202.42,upi,card_expired,1,2.3,5,20,8,1,False,0,0
2441.09,card,insufficient_funds,2,1.2,2,20,2,2,False,1,1
9147.9,card,insufficient_funds,2,2.4,3,13,6,1,False,0,1
1546.93,netbanking,authentication_failed,1,5.6,7,7,2,0,False,0,0
9670.14,card,insufficient_funds,1,0.0,22,17,3,0,False,1,1
1650.43,card,bank_outage,4,1.3,2,21,2,1,False,0,0
2425.61,card,card_expired,1,1.6,16,12,14,2,False,0,1
1324.14,card,bank_outage,2,6.4,28,7,6,0,False,0,1
1433.93,netbanking,card_expired,1,0.4,4,11,21,0,False,0,1
3395.19,card,bank_outage,3,0.1,2,16,11,0,False,0,1
513.76,upi,insufficient_funds,1,2.8,31,0,6,0,False,0,1
4708.93,card,insufficient_funds,1,4.0,17,11,18,1,True,0,1
2142.73,upi,bank_outage,1,0.7,10,10,3,2,False,0,1
4998.18,subscription_mandate,network_timeout,1,6.6,9,12,8,0,True,1,1
4376.83,card,insufficient_funds,1,0.4,8,11,4,0,True,0,1
1384.26,subscription_mandate,network_timeout,1,1.0,19,12,5,1,True,1,1
1089.25,upi,high_risk_fraud,1,5.0,28,17,6,1,False,0,0
3893.0,card,insufficient_funds,1,3.0,29,16,10,2,False,0,1
13670.84,card,insufficient_funds,2,1.5,18,17,16,2,True,1,1
2537.83,upi,card_expired,2,0.2,2,20,6,1,True,0,1
1426.67,upi,insufficient_funds,4,8.8,24,19,5,1,True,0,0
2837.27,netbanking,insufficient_funds,2,0.8,30,8,5,1,True,1,1
5489.03,card,card_expired,1,1.3,25,13,11,1,True,0,1
1861.63,card,network_timeout,1,0.9,28,9,4,0,False,1,1
1639.07,upi,bank_outage,1,1.6,24,13,4,1,True,0,1
1617.89,card,insufficient_funds,1,7.8,31,8,3,1,False,0,1
8359.32,card,authentication_failed,2,0.5,5,10,9,1,False,0,1
1985.85,card,card_expired,1,0.3,17,11,14,2,True,1,0
624.02,card,bank_outage,3,4.8,23,11,5,1,True,1,1
2037.38,card,authentication_failed,2,1.5,19,13,0,1,False,0,0
4087.55,subscription_mandate,bank_outage,1,0.8,26,8,4,1,False,1,1
2302.92,upi,insufficient_funds,1,3.2,17,15,2,0,False,0,0
8073.75,subscription_mandate,card_expired,1,0.4,23,22,0,2,False,1,0
3661.58,card,network_timeout,1,0.5,12,19,8,1,False,0,1
2566.45,upi,bank_outage,1,2.0,7,16,6,0,True,0,1
1742.94,upi,network_timeout,1,2.5,15,13,6,2,True,0,1
3652.53,netbanking,network_timeout,1,3.4,7,20,3,1,False,0,1
2882.83,subscription_mandate,network_timeout,2,0.4,28,10,6,1,False,1,1
3907.43,card,card_expired,2,1.6,13,7,9,0,False,0,0
1444.98,card,network_timeout,2,3.0,24,11,1,1,False,0,1
2805.15,card,insufficient_funds,2,0.5,28,15,2,1,False,0,1
4995.09,upi,network_timeout,3,11.6,3,14,10,1,False,0,0
4541.68,card,bank_outage,2,0.6,6,16,4,2,False,0,1
2791.42,upi,insufficient_funds,3,2.3,23,20,6,2,True,0,1
1304.33,card,bank_outage,2,1.6,3,14,12,1,True,0,1
2098.82,upi,insufficient_funds,2,0.7,15,22,2,0,False,0,0
1207.23,upi,card_expired,1,0.2,23,20,2,1,False,0,0
2028.91,card,high_risk_fraud,1,2.3,18,13,3,1,False,1,0
7740.7,netbanking,card_expired,1,0.1,22,0,11,4,False,0,0
1086.17,card,insufficient_funds,1,3.4,30,17,10,0,True,0,1
1431.89,subscription_mandate,insufficient_funds,1,3.2,20,19,10,1,True,1,0
1853.24,card,bank_outage,1,5.7,13,20,6,3,True,0,0
819.82,upi,bank_outage,1,0.1,21,1,5,2,False,0,1
10104.21,subscription_mandate,authentication_failed,1,0.9,8,6,9,2,False,1,1
1606.38,subscription_mandate,insufficient_funds,1,1.7,18,23,10,2,True,1,0
1223.77,card,authentication_failed,3,6.2,29,16,4,2,True,0,0
2604.29,card,insufficient_funds,1,0.5,27,18,9,1,True,0,1
690.43,card,card_expired,1,5.7,16,7,2,0,False,0,0
2778.18,upi,insufficient_funds,1,1.7,24,10,8,0,True,1,1
9918.8,upi,card_expired,1,5.2,15,8,2,0,False,0,0
1805.9,upi,authentication_failed,1,2.2,20,10,8,0,True,0,1
3551.55,upi,insufficient_funds,1,2.2,28,1,4,0,True,0,1
2822.46,card,insufficient_funds,1,2.6,26,15,5,0,True,0,1
4263.92,card,insufficient_funds,2,5.8,4,6,2,2,False,1,1
3715.07,card,card_expired,1,0.6,23,20,10,0,True,0,0
3305.27,card,card_expired,2,3.1,6,21,9,0,False,0,1
834.0,upi,insufficient_funds,4,1.6,8,21,13,0,False,0,0
1017.49,card,card_expired,1,1.6,7,12,3,1,False,0,0
532.59,card,authentication_failed,2,0.8,29,19,7,0,False,1,1
2258.49,card,card_expired,1,1.2,21,20,5,1,True,0,1
1652.39,upi,network_timeout,4,1.4,13,9,3,0,False,0,1
3719.01,netbanking,authentication_failed,2,0.2,30,17,5,2,False,0,1
2303.34,card,insufficient_funds,1,1.6,14,15,7,2,False,0,1
401.49,upi,card_expired,3,3.2,3,4,5,0,False,0,0
1670.81,subscription_mandate,high_risk_fraud,3,7.1,24,13,17,1,True,1,0
744.34,card,network_timeout,3,0.3,18,14,20,0,True,0,1
874.69,card,card_expired,1,1.0,4,14,10,0,True,0,1
2296.11,card,insufficient_funds,2,2.5,27,2,8,0,True,0,1
4717.39,upi,authentication_failed,1,1.8,11,13,1,1,False,0,0
974.56,upi,insufficient_funds,1,0.4,12,8,7,2,True,1,1
4591.6,netbanking,insufficient_funds,5,1.8,15,10,2,0,False,0,0
3562.68,card,insufficient_funds,1,0.2,14,8,11,0,True,0,1
4282.91,subscription_mandate,network_timeout,1,4.3,19,15,6,2,True,1,1
1680.96,subscription_mandate,network_timeout,3,6.3,9,17,1,0,False,1,0
787.09,upi,card_expired,1,0.1,19,10,13,0,True,1,0
2429.7,subscription_mandate,insufficient_funds,2,4.1,25,9,2,0,False,1,1
9026.39,netbanking,insufficient_funds,1,3.0,30,15,6,3,True,0,1
1448.07,upi,authentication_failed,1,3.1,7,13,9,1,True,1,1
2290.8,card,insufficient_funds,1,0.1,8,11,20,2,True,0,1
3375.29,card,high_risk_fraud,1,1.2,12,19,10,0,False,0,0
7023.04,card,insufficient_funds,2,2.3,14,9,8,0,True,0,0
9073.62,upi,network_timeout,2,2.7,25,14,6,2,True,0,1
1186.07,card,card_expired,1,1.5,22,21,4,4,False,0,0
2753.79,upi,authentication_failed,1,1.1,4,13,5,2,False,0,0
28411.88,upi,bank_outage,1,2.2,17,9,4,2,False,0,1
908.14,card,network_timeout,1,6.9,9,14,13,1,True,1,1
1795.18,card,card_expired,1,0.7,18,1,10,1,True,0,1
1096.86,subscription_mandate,card_expired,3,1.3,6,13,8,0,True,1,0
849.25,card,high_risk_fraud,1,4.2,22,11,2,0,False,0,0
503.1,card,insufficient_funds,2,5.1,14,9,7,1,True,0,1
704.93,upi,insufficient_funds,1,4.3,27,20,10,2,True,1,1
1176.03,card,insufficient_funds,3,0.6,18,6,5,2,True,0,1
6940.74,upi,insufficient_funds,2,1.2,22,11,9,2,True,1,1
1248.71,card,authentication_failed,1,2.6,4,15,13,0,False,0,1
292.7,subscription_mandate,authentication_failed,1,0.6,18,14,3,2,False,1,1
6556.52,card,insufficient_funds,2,0.3,11,13,3,1,False,0,1
821.73,card,network_timeout,1,0.9,17,22,3,2,False,0,1
735.15,netbanking,card_expired,1,4.0,4,1,3,0,False,0,0
2750.73,subscription_mandate,authentication_failed,1,2.0,22,11,6,0,True,1,1
4975.09,card,network_timeout,4,0.1,17,18,10,1,True,1,1
914.42,card,card_expired,3,2.3,9,13,7,0,True,0,0
9889.69,card,network_timeout,5,4.7,2,9,14,0,True,0,1
3372.82,card,insufficient_funds,1,0.1,1,13,6,2,True,0,1
441.38,card,bank_outage,1,4.3,28,0,13,2,True,0,1
3225.59,upi,network_timeout,2,4.1,2,1,5,1,False,0,0
7138.11,upi,insufficient_funds,2,4.4,19,8,4,0,False,1,0
10172.12,card,bank_outage,1,0.8,5,13,4,0,True,0,1
5453.46,card,authentication_failed,1,0.1,15,11,10,1,False,0,1
1538.15,card,card_expired,2,4.1,23,9,12,1,False,0,0
1819.88,card,insufficient_funds,1,1.3,13,7,11,1,False,0,1
1375.29,card,card_expired,1,0.3,15,21,6,2,True,0,1
2719.13,card,insufficient_funds,1,2.2,31,19,7,0,True,0,1
6039.95,upi,network_timeout,1,2.3,17,18,10,3,True,0,1
1292.44,upi,high_risk_fraud,3,0.9,10,15,7,1,True,1,1
1208.5,upi,high_risk_fraud,1,1.3,18,10,4,1,True,0,1
4561.19,upi,authentication_failed,1,0.8,27,16,20,3,True,1,1
693.49,upi,bank_outage,1,0.9,17,14,6,2,False,0,1
6284.5,card,bank_outage,2,3.6,29,14,5,0,True,1,1
1462.39,card,authentication_failed,1,1.1,29,17,8,0,True,0,1
1064.53,card,insufficient_funds,1,1.6,1,15,6,0,True,1,1
1283.18,card,card_expired,1,4.0,1,19,7,0,False,0,1
1953.08,upi,card_expired,3,0.9,23,9,4,0,True,0,0
454.77,card,authentication_failed,2,1.1,3,18,9,0,False,1,1
2187.01,card,bank_outage,1,5.4,5,11,3,1,False,0,1
21164.33,subscription_mandate,insufficient_funds,1,1.4,4,12,10,1,False,1,1
5304.31,upi,authentication_failed,1,0.3,30,9,4,0,True,1,1
5693.9,card,network_timeout,2,1.2,13,18,4,1,True,0,1
3243.55,card,network_timeout,2,2.5,28,12,11,2,True,0,1
2335.84,card,insufficient_funds,1,0.2,11,18,9,0,True,0,1
1187.69,card,network_timeout,1,6.0,30,11,6,2,True,0,0
4421.03,upi,card_expired,2,5.8,16,7,6,1,False,1,1
2627.97,subscription_mandate,bank_outage,1,4.3,28,14,17,3,False,1,1
7654.93,card,bank_outage,1,5.3,2,11,9,2,False,0,1
441.24,netbanking,insufficient_funds,1,3.3,18,0,9,0,True,0,1
19911.5,subscription_mandate,card_expired,1,0.6,21,15,2,0,False,1,0
748.14,card,card_expired,2,1.8,5,14,10,0,False,0,0
2146.65,upi,insufficient_funds,1,0.0,4,9,18,2,False,1,1
3143.72,card,network_timeout,2,1.5,31,12,3,0,False,0,1
10087.02,card,authentication_failed,1,0.8,4,7,3,2,False,1,1
8137.58,upi,insufficient_funds,1,0.1,23,13,5,0,True,0,1
1047.17,card,network_timeout,2,0.1,18,14,15,1,False,0,1
793.12,upi,insufficient_funds,2,2.2,23,9,5,0,True,0,0
1272.45,upi,card_expired,1,2.2,9,15,5,2,True,0,0
2839.46,upi,network_timeout,1,1.2,2,18,8,1,True,1,1
300.92,upi,card_expired,3,1.5,25,10,3,0,False,0,1
457.68,upi,network_timeout,1,1.2,13,3,3,1,False,0,1
4961.73,subscription_mandate,high_risk_fraud,1,2.1,29,21,3,0,False,1,0
1049.78,netbanking,insufficient_funds,2,2.0,9,18,29,0,True,0,1
6873.8,subscription_mandate,network_timeout,1,0.8,21,19,13,1,True,1,1
15461.32,upi,insufficient_funds,3,0.4,8,9,6,0,True,0,1
3029.06,upi,network_timeout,1,6.9,26,11,7,0,False,0,1
1302.1,netbanking,insufficient_funds,1,3.6,14,11,6,1,False,0,0
1338.73,card,insufficient_funds,1,0.2,10,18,11,0,True,0,1
790.67,subscription_mandate,insufficient_funds,1,0.5,31,18,5,2,True,1,1
1810.73,subscription_mandate,insufficient_funds,4,2.0,28,1,12,0,True,1,1
2986.02,upi,network_timeout,2,0.7,10,21,5,0,True,1,1
1911.14,upi,network_timeout,3,6.9,29,13,17,0,False,0,1
3133.93,netbanking,insufficient_funds,2,1.6,9,3,13,0,True,0,1
14621.53,upi,authentication_failed,1,0.2,29,16,1,0,False,0,0
1497.0,card,card_expired,3,14.0,31,16,17,0,True,1,0
1749.74,card,bank_outage,4,2.8,24,12,0,0,False,0,0
6289.84,subscription_mandate,network_timeout,2,0.7,1,16,8,0,True,1,1
1448.49,upi,authentication_failed,1,1.1,5,10,7,1,True,0,1
18484.49,subscription_mandate,bank_outage,1,0.6,11,12,7,0,True,1,1
6303.98,upi,bank_outage,4,1.7,26,16,19,2,False,0,1
2217.8,card,card_expired,3,3.1,23,11,9,3,True,0,0
3210.26,card,insufficient_funds,2,0.4,9,18,6,1,True,0,1
590.92,upi,network_timeout,2,4.4,23,15,3,0,False,0,1
4098.36,card,bank_outage,1,7.8,19,16,15,0,False,0,1
2148.37,card,network_timeout,2,4.0,29,18,9,3,False,0,1
1940.3,card,insufficient_funds,1,0.2,17,16,4,0,True,0,1
6327.8,upi,insufficient_funds,1,3.6,16,11,8,1,True,0,1
1187.47,card,insufficient_funds,2,4.1,24,13,5,2,True,0,0
353.57,subscription_mandate,card_expired,1,4.2,13,11,6,2,True,1,0
4821.96,upi,network_timeout,1,0.9,8,18,3,1,False,0,0
3031.87,card,bank_outage,1,5.2,23,10,3,1,False,0,1
230.29,card,high_risk_fraud,1,10.2,23,8,4,0,True,0,0
415.61,card,authentication_failed,2,0.3,2,14,7,0,False,0,1
1014.38,upi,insufficient_funds,2,3.8,12,18,5,2,True,0,1
3162.18,upi,bank_outage,1,4.3,2,11,1,1,False,0,1
1004.09,upi,insufficient_funds,2,3.8,26,12,10,0,False,0,1
4114.53,card,network_timeout,2,4.3,3,22,7,0,True,0,1
2211.8,card,network_timeout,1,2.8,22,18,0,0,False,0,0
1226.67,card,insufficient_funds,1,0.2,16,17,3,0,False,0,0
1290.79,card,insufficient_funds,2,0.8,13,10,15,1,False,0,1
248.2,upi,insufficient_funds,1,1.3,3,16,2,1,False,0,1
6476.28,card,network_timeout,1,1.3,8,14,3,1,False,0,1
1999.82,subscription_mandate,authentication_failed,4,2.0,7,17,8,1,True,1,0
1654.48,netbanking,authentication_failed,1,1.6,10,20,9,1,True,1,1
1515.44,upi,high_risk_fraud,3,4.7,20,14,11,0,True,0,0
1190.64,card,insufficient_funds,4,2.2,12,16,2,0,False,0,0
24682.67,card,network_timeout,1,0.4,6,11,15,1,True,0,1
804.75,card,authentication_failed,4,0.7,22,17,9,1,True,1,1
567.49,upi,network_timeout,1,0.0,14,6,4,2,False,1,1
5812.49,upi,high_risk_fraud,1,4.9,27,13,9,1,True,1,0
2200.76,card,network_timeout,1,0.9,30,14,5,3,False,1,1
1568.98,card,card_expired,1,0.6,23,11,14,0,True,0,1
6086.93,card,insufficient_funds,2,1.2,18,18,18,0,True,1,1
2992.78,netbanking,insufficient_funds,1,1.6,12,2,6,0,True,0,1
11311.61,card,insufficient_funds,1,2.2,2,14,9,1,True,0,0
3473.2,netbanking,insufficient_funds,2,0.6,18,19,4,1,True,1,0
871.05,upi,insufficient_funds,1,10.0,3,19,2,1,False,1,1
4578.44,card,insufficient_funds,4,4.6,12,10,0,0,False,0,0
1579.58,upi,insufficient_funds,1,2.4,26,2,14,1,True,0,1
2714.96,card,authentication_failed,1,2.1,6,10,9,0,True,0,1
4629.51,card,card_expired,1,0.5,17,17,4,2,True,0,0
1517.24,card,authentication_failed,2,5.5,4,18,5,2,False,0,0
4659.88,card,network_timeout,1,2.8,8,17,3,1,False,0,1
4123.79,subscription_mandate,network_timeout,1,1.7,25,7,12,1,True,1,0
3677.58,subscription_mandate,card_expired,1,2.8,13,21,2,2,False,1,1
2024.62,card,bank_outage,2,3.8,2,20,3,0,False,0,1
316.19,upi,card_expired,3,8.6,24,19,6,0,True,0,0
2820.37,card,high_risk_fraud,3,3.3,28,17,0,1,False,0,0
649.24,card,card_expired,1,0.5,27,14,5,0,True,0,0
1200.63,upi,insufficient_funds,3,1.5,17,8,5,2,False,0,1
2811.03,upi,insufficient_funds,2,1.3,11,18,4,2,True,0,1
602.36,card,insufficient_funds,1,6.5,13,17,19,0,True,0,1
227.26,upi,card_expired,2,0.3,2,16,12,2,True,1,1
2429.12,upi,bank_outage,1,2.0,11,11,5,0,True,1,1
3084.48,upi,insufficient_funds,1,2.7,26,12,9,0,True,0,1
1520.47,netbanking,card_expired,1,10.2,9,18,1,0,False,0,0
3976.69,card,insufficient_funds,2,1.2,5,6,1,0,False,1,1
381.9,netbanking,card_expired,1,0.3,22,4,2,1,False,0,1
1808.16,netbanking,high_risk_fraud,1,1.2,9,8,8,0,True,0,1
3314.53,card,card_expired,1,0.6,1,9,16,0,False,0,0
2622.18,card,network_timeout,3,5.4,15,16,10,1,False,1,1
2559.79,card,card_expired,1,0.7,18,13,7,1,True,1,1
3209.85,card,card_expired,1,2.2,14,12,5,1,True,0,1
2014.79,card,high_risk_fraud,1,0.2,12,10,6,2,True,0,0
3681.13,card,network_timeout,3,2.9,17,16,8,1,True,0,1
1256.34,card,insufficient_funds,2,0.5,26,14,10,0,False,0,1
3093.67,card,bank_outage,1,0.5,5,16,2,0,False,0,1
783.71,upi,bank_outage,3,5.0,26,17,5,0,False,0,0
8911.24,card,insufficient_funds,1,1.1,4,22,6,0,True,0,1
2098.51,card,bank_outage,1,0.4,21,18,4,1,False,0,0
2490.26,card,insufficient_funds,1,1.5,28,9,2,1,False,0,0
1531.71,upi,card_expired,1,4.0,16,9,5,2,False,0,0
1258.43,card,insufficient_funds,3,6.2,27,16,6,0,False,0,1
7678.43,netbanking,insufficient_funds,1,5.7,16,6,7,0,True,0,1
3293.28,upi,card_expired,1,5.7,9,19,1,0,False,0,0
2662.56,card,insufficient_funds,2,0.7,21,10,5,2,False,0,0
3271.28,card,insufficient_funds,2,0.3,20,15,8,0,True,1,1
12070.18,card,card_expired,2,3.3,18,16,6,0,True,0,0
3018.14,upi,bank_outage,1,5.7,6,8,20,2,False,1,1
1789.75,card,insufficient_funds,1,4.4,1,0,13,0,True,0,1
2905.35,card,insufficient_funds,2,3.8,10,19,20,0,True,0,1
5156.32,card,insufficient_funds,2,0.1,22,18,10,1,False,0,0
9805.15,upi,authentication_failed,2,6.1,19,10,4,1,False,0,1
6172.06,card,bank_outage,2,0.7,5,15,13,1,True,0,1
889.09,upi,network_timeout,1,3.0,21,19,4,0,False,0,1
1029.91,upi,authentication_failed,1,0.5,18,23,4,2,True,1,1
2224.19,upi,bank_outage,1,6.7,19,14,1,0,False,0,1
5026.76,upi,network_timeout,1,7.1,1,22,10,0,True,0,1
6269.26,card,insufficient_funds,1,0.7,18,13,7,1,True,0,1
7347.08,upi,card_expired,1,1.3,28,5,21,1,True,0,1
2122.01,subscription_mandate,card_expired,1,6.1,15,13,2,1,False,1,0
2061.78,card,network_timeout,1,2.0,1,8,6,0,True,0,1
1535.81,upi,high_risk_fraud,1,3.3,19,16,5,1,True,1,0
1204.5,card,authentication_failed,1,1.3,15,15,9,0,True,0,1
2330.25,card,bank_outage,4,3.1,30,13,4,0,True,0,1
641.54,card,authentication_failed,1,2.9,14,10,6,0,True,0,1
4463.24,card,authentication_failed,1,5.1,24,14,18,0,True,0,1
1742.03,upi,insufficient_funds,1,0.3,22,7,7,2,False,1,1
5801.58,card,bank_outage,2,1.1,19,1,11,0,False,1,1
866.94,upi,network_timeout,1,2.4,18,11,7,0,False,0,1
2298.4,netbanking,network_timeout,1,2.0,31,7,8,0,True,0,1
3382.38,upi,insufficient_funds,1,1.5,21,19,4,1,False,0,1
1167.69,upi,authentication_failed,3,1.7,23,4,9,0,True,1,1
4969.97,upi,insufficient_funds,3,0.3,24,11,7,0,True,0,1
5907.43,upi,bank_outage,2,4.5,20,17,3,1,False,0,1
974.98,upi,insufficient_funds,1,0.3,18,14,4,1,True,0,1
708.17,upi,bank_outage,1,2.0,26,13,3,1,False,1,1
2940.77,card,network_timeout,1,0.1,14,12,3,3,False,1,1
623.27,card,bank_outage,1,2.9,15,19,6,2,False,0,1
5555.44,upi,card_expired,2,2.4,24,7,12,2,True,1,1
3016.33,card,card_expired,1,0.2,18,9,3,2,False,0,0
5404.62,card,card_expired,1,1.8,23,11,8,2,False,0,0
1250.54,upi,card_expired,1,0.5,15,12,9,2,True,0,1
9042.79,upi,authentication_failed,2,0.6,18,19,7,0,False,0,1
887.06,upi,authentication_failed,1,1.7,17,12,6,0,False,1,1
5205.7,netbanking,bank_outage,1,0.4,20,15,13,1,True,0,1
2973.59,card,card_expired,1,1.2,8,14,4,0,True,0,1
1055.67,card,authentication_failed,3,1.8,7,11,9,3,True,0,0
3652.7,subscription_mandate,insufficient_funds,1,0.3,15,15,3,0,False,1,1
8075.81,subscription_mandate,network_timeout,1,0.9,13,9,5,1,False,1,1
1113.4,upi,network_timeout,1,2.3,15,20,5,1,False,0,1
3665.36,card,network_timeout,1,10.2,28,13,5,1,True,0,1
5921.73,upi,authentication_failed,1,1.1,1,15,12,0,False,0,1
2098.78,upi,insufficient_funds,1,1.3,17,20,7,2,False,0,1
1900.85,card,insufficient_funds,1,1.1,14,22,3,0,False,1,0
5188.46,card,insufficient_funds,4,4.7,22,8,7,2,True,0,0
4088.95,upi,insufficient_funds,3,0.6,3,16,4,0,False,0,1
2153.18,upi,network_timeout,1,1.4,6,14,5,1,True,0,1
2624.41,upi,insufficient_funds,1,1.4,26,21,10,1,False,1,1
2543.78,card,insufficient_funds,1,5.0,9,19,11,0,False,0,1
1378.81,card,insufficient_funds,1,3.0,19,16,3,2,False,0,0
1808.03,card,insufficient_funds,2,0.8,16,10,8,0,True,0,1
8009.3,card,insufficient_funds,2,4.2,15,3,10,0,True,0,1
2398.95,subscription_mandate,network_timeout,1,1.9,1,7,0,2,False,1,1
2466.78,upi,network_timeout,1,1.2,22,15,4,0,False,0,1
871.34,subscription_mandate,insufficient_funds,1,6.4,25,15,2,2,False,1,1
11199.91,upi,bank_outage,1,2.5,8,16,4,1,False,0,1
2159.68,card,insufficient_funds,3,0.9,21,9,5,2,True,1,1
2404.14,card,authentication_failed,1,0.6,15,9,7,0,True,0,0
418.79,upi,insufficient_funds,1,0.8,31,9,11,2,True,0,1
5815.81,card,authentication_failed,1,1.9,6,8,4,1,False,0,1
8426.05,upi,authentication_failed,1,1.0,8,18,9,1,True,0,0
1151.33,card,insufficient_funds,2,3.9,12,17,9,0,True,0,0
1779.98,subscription_mandate,card_expired,2,1.6,26,9,5,0,True,1,0
5774.52,card,card_expired,1,0.2,4,0,6,2,True,0,1
3918.47,card,insufficient_funds,1,0.4,28,17,1,1,False,1,1
1637.96,card,bank_outage,1,2.7,4,9,7,1,True,0,1
1378.95,upi,bank_outage,2,3.3,25,10,12,2,False,0,1
5687.69,upi,insufficient_funds,1,6.4,1,0,8,0,True,1,1
2091.17,card,insufficient_funds,1,2.2,4,16,6,1,False,1,1
4611.68,upi,authentication_failed,2,1.4,31,10,16,0,True,1,1
1320.59,card,card_expired,1,5.2,7,9,7,0,True,0,0
1950.7,card,card_expired,2,4.0,22,17,8,1,True,0,0
1573.15,upi,bank_outage,2,5.6,18,20,1,0,False,0,1
2605.1,card,insufficient_funds,1,0.9,17,8,22,1,True,1,1
581.73,card,insufficient_funds,2,3.2,30,10,6,0,True,1,1
764.78,card,card_expired,2,2.0,5,10,13,1,False,0,1
3746.08,card,insufficient_funds,1,3.9,12,15,9,0,True,0,1
2708.7,netbanking,network_timeout,1,3.3,27,14,6,0,False,0,1
1276.58,upi,bank_outage,3,7.1,1,18,7,2,False,0,1
1936.03,card,high_risk_fraud,1,6.9,14,8,4,3,True,0,0
2070.0,upi,insufficient_funds,2,0.9,30,14,5,1,True,0,1
1701.89,upi,high_risk_fraud,2,0.4,11,10,11,1,True,0,0
1010.91,card,network_timeout,2,0.4,8,20,13,0,True,1,1
9157.86,card,authentication_failed,3,2.8,16,3,5,2,True,0,0
4313.88,card,insufficient_funds,1,0.8,17,1,3,1,False,0,1
8973.13,card,card_expired,2,2.6,12,23,5,0,False,0,1
32362.8,card,bank_outage,3,0.6,2,17,10,0,True,1,1
1392.71,upi,bank_outage,1,2.3,18,12,4,0,False,0,1
6804.83,upi,insufficient_funds,3,3.4,27,20,15,1,False,1,1
5600.32,card,bank_outage,1,14.0,27,11,8,0,True,0,1
9133.55,card,network_timeout,1,0.7,18,10,7,1,False,0,1
12630.03,card,card_expired,1,0.4,8,17,9,1,True,1,1
47808.0,card,bank_outage,5,5.3,16,12,9,2,False,1,0
2043.75,card,card_expired,1,1.6,29,18,2,1,False,0,0
435.04,upi,card_expired,1,3.5,15,2,12,1,True,0,1
13371.31,upi,insufficient_funds,1,2.4,12,10,16,2,True,1,1
3975.32,card,network_timeout,2,2.4,10,17,7,0,True,0,1
3267.51,upi,bank_outage,3,1.1,5,23,3,0,False,1,1
1023.25,card,bank_outage,2,1.2,13,11,5,1,False,1,1
1087.23,upi,network_timeout,1,0.1,9,14,5,2,False,1,0
2312.39,upi,insufficient_funds,2,2.4,13,12,4,0,True,1,0
1419.06,subscription_mandate,bank_outage,1,3.1,27,17,7,0,True,1,1
8148.6,card,insufficient_funds,3,2.0,9,21,24,0,True,0,0
9631.5,card,card_expired,1,1.8,13,23,5,2,True,0,0
3323.08,card,insufficient_funds,4,12.2,27,15,3,1,False,0,1
614.04,upi,insufficient_funds,2,0.1,27,21,3,0,False,0,0
277.31,card,authentication_failed,1,2.9,26,17,10,2,True,0,0
4764.07,upi,high_risk_fraud,1,1.4,24,15,4,1,False,0,0
6769.66,upi,insufficient_funds,1,0.9,24,13,10,0,True,1,1
4229.87,netbanking,bank_outage,1,1.9,25,11,17,0,False,0,1
3352.08,card,authentication_failed,1,1.7,17,4,7,0,True,1,1
6272.4,card,authentication_failed,2,2.5,4,17,9,1,False,0,1
942.07,upi,card_expired,1,1.6,4,22,4,0,True,1,0
1451.38,upi,card_expired,2,2.2,11,3,14,1,True,0,1
1258.11,card,insufficient_funds,1,1.4,12,9,15,1,True,0,1
1327.93,subscription_mandate,insufficient_funds,1,11.8,2,22,5,1,True,1,1
1388.35,subscription_mandate,insufficient_funds,1,0.4,4,19,1,0,False,1,1
12134.03,netbanking,bank_outage,2,0.9,6,20,7,0,True,0,1
3936.87,subscription_mandate,bank_outage,2,1.2,21,10,8,0,True,1,1
3066.41,card,card_expired,2,2.8,11,0,2,2,False,0,0
630.39,subscription_mandate,insufficient_funds,1,2.0,22,12,6,3,True,1,1
433.02,card,network_timeout,1,0.5,15,18,14,1,False,1,1
1126.45,card,bank_outage,3,1.0,7,12,6,0,False,0,1
11167.93,card,insufficient_funds,2,7.1,9,16,5,4,True,0,0
8953.76,upi,bank_outage,1,1.5,16,11,7,0,True,0,1
6445.18,card,network_timeout,2,0.5,27,9,9,1,False,0,1
1256.55,card,network_timeout,1,1.1,30,13,2,1,False,0,1
8540.38,card,insufficient_funds,2,0.8,7,5,5,1,True,0,0
2900.63,upi,high_risk_fraud,4,12.1,22,15,3,1,False,1,0
11376.19,card,insufficient_funds,2,2.1,26,10,10,1,True,0,0
5864.54,card,insufficient_funds,1,6.7,10,13,4,0,True,0,0
1274.66,subscription_mandate,insufficient_funds,2,1.6,16,21,8,2,False,1,1
701.18,card,bank_outage,2,2.6,8,16,10,3,False,0,1
4740.15,upi,card_expired,1,0.9,14,5,1,1,False,0,0
825.23,subscription_mandate,insufficient_funds,1,1.7,12,6,17,1,False,1,1
2633.9,upi,insufficient_funds,1,0.1,7,15,8,1,True,0,1
5413.59,card,insufficient_funds,1,7.1,26,10,3,0,False,0,1
13799.71,upi,network_timeout,2,2.8,18,13,3,1,False,0,1
835.71,upi,card_expired,2,3.4,9,20,1,0,False,1,0
20516.13,subscription_mandate,card_expired,1,2.8,24,16,11,0,True,1,1
223.85,upi,card_expired,1,0.2,1,20,8,0,True,0,1
1028.89,upi,insufficient_funds,2,6.9,3,16,5,0,False,1,1
1218.22,subscription_mandate,bank_outage,3,1.0,25,11,5,0,False,1,1
918.79,card,network_timeout,1,13.7,31,18,7,3,True,0,1
351.85,card,bank_outage,1,0.2,8,23,1,0,False,0,1
867.95,upi,network_timeout,1,5.8,11,11,9,1,False,1,1
2836.74,card,card_expired,2,1.5,8,12,4,0,True,1,1
1942.23,card,authentication_failed,2,0.5,12,10,4,1,True,0,0
3751.66,card,card_expired,1,1.0,9,11,9,0,True,0,1
18143.53,card,high_risk_fraud,1,1.5,20,16,13,0,True,0,0
1658.89,card,insufficient_funds,2,1.7,24,16,3,4,False,1,0
990.03,netbanking,card_expired,1,3.3,21,13,5,1,True,0,1
1429.22,upi,card_expired,2,0.6,12,17,7,2,False,0,0
2668.23,upi,insufficient_funds,3,2.3,13,15,8,0,True,0,1
4083.12,card,network_timeout,2,2.3,30,17,3,0,False,1,1
3838.4,card,bank_outage,2,2.4,6,1,9,0,False,1,1
5959.79,subscription_mandate,insufficient_funds,2,0.5,17,9,2,1,False,1,1
5705.99,upi,card_expired,2,0.4,20,18,9,3,True,1,0
1789.52,netbanking,bank_outage,2,0.9,4,10,13,1,True,0,0
1774.29,card,card_expired,1,5.1,30,10,5,0,True,0,1
4015.89,subscription_mandate,high_risk_fraud,1,14.0,28,9,4,0,False,1,0
2085.32,upi,insufficient_funds,2,3.1,5,18,4,1,False,0,1
1597.13,subscription_mandate,insufficient_funds,2,11.1,13,18,9,1,False,1,1
1297.01,upi,authentication_failed,2,4.2,18,10,13,0,False,0,1
1973.36,upi,bank_outage,1,0.0,18,11,16,1,False,0,1
3375.36,netbanking,network_timeout,1,3.6,24,17,12,0,True,0,1
3974.05,upi,insufficient_funds,2,1.2,26,9,6,1,True,0,1
10155.05,upi,insufficient_funds,1,2.9,18,14,4,0,True,0,1
1277.54,card,card_expired,1,2.7,7,18,6,0,False,0,1
659.16,upi,authentication_failed,2,0.8,17,18,11,1,True,0,1
939.76,card,insufficient_funds,1,4.1,2,8,2,2,False,0,1
1465.02,card,card_expired,1,0.6,23,18,3,5,False,0,0
4159.94,subscription_mandate,insufficient_funds,1,1.8,28,11,12,0,True,1,1
1314.61,subscription_mandate,bank_outage,3,1.0,21,14,7,0,False,1,1
1340.12,upi,authentication_failed,1,1.5,30,0,6,0,True,1,1
3894.31,upi,card_expired,1,0.1,13,7,4,1,False,0,1
447.46,card,insufficient_funds,2,4.6,20,0,8,1,False,0,0
15846.32,upi,card_expired,1,5.3,17,12,15,0,False,0,0
2049.58,card,insufficient_funds,4,3.5,29,17,7,2,True,1,1
2654.5,upi,insufficient_funds,1,0.9,12,17,3,0,False,1,1
19242.02,card,bank_outage,1,1.4,6,21,2,0,False,0,1
1035.56,upi,insufficient_funds,1,0.2,14,15,14,2,False,0,1
4081.02,card,insufficient_funds,4,7.3,31,9,6,0,False,0,0
5586.12,card,insufficient_funds,1,2.9,1,20,10,2,False,1,0
6891.47,card,authentication_failed,1,3.4,22,12,4,0,True,0,1
1378.15,upi,insufficient_funds,2,1.9,8,9,6,2,True,0,0
6714.13,card,bank_outage,2,4.3,27,17,9,1,True,0,1
1610.85,upi,network_timeout,1,7.0,11,19,8,3,False,0,1
4565.27,card,insufficient_funds,4,0.3,15,11,5,0,True,0,0
1438.46,netbanking,insufficient_funds,2,1.8,30,20,12,1,True,1,1
1855.5,upi,high_risk_fraud,1,0.1,3,13,1,2,False,0,0
2505.7,upi,card_expired,2,1.6,19,9,11,1,True,1,1
9618.01,card,insufficient_funds,1,0.6,6,11,4,1,True,1,0
2944.22,subscription_mandate,network_timeout,2,1.7,1,16,7,1,True,1,1
3280.05,card,network_timeout,1,3.2,9,3,2,0,False,0,1
5053.23,upi,network_timeout,1,3.3,6,16,9,1,True,0,1
5321.31,card,insufficient_funds,2,2.0,28,10,7,0,False,1,1
1772.0,upi,bank_outage,2,7.2,26,18,6,2,False,0,0
5305.97,card,insufficient_funds,2,0.5,20,18,7,2,False,0,1
374.85,card,insufficient_funds,4,6.0,11,5,9,1,True,0,0
2270.68,upi,insufficient_funds,1,0.8,4,10,2,1,False,0,1
364.68,upi,authentication_failed,1,2.2,5,7,2,0,False,0,1
2961.96,card,authentication_failed,1,1.9,11,15,7,0,True,0,1
5506.06,card,insufficient_funds,1,8.5,7,6,2,1,False,0,1
4216.6,card,insufficient_funds,1,0.1,7,18,2,2,False,1,0
7154.21,upi,card_expired,1,1.7,13,12,6,0,False,0,1
4074.0,card,network_timeout,3,0.9,7,12,3,0,False,0,1
1291.82,card,authentication_failed,2,4.5,18,11,7,3,True,1,0
14050.3,card,network_timeout,2,0.0,21,15,6,1,True,0,1
3074.89,card,high_risk_fraud,1,0.1,10,19,10,1,False,0,0
3465.95,subscription_mandate,network_timeout,1,1.4,12,10,6,0,False,1,1
1983.54,upi,bank_outage,2,3.7,22,16,10,0,True,0,1
6124.67,card,authentication_failed,1,5.5,30,8,2,0,False,0,1
7858.51,upi,insufficient_funds,2,14.0,16,20,22,0,False,0,0
1808.54,card,authentication_failed,1,3.2,27,23,16,1,True,1,1
2020.3,card,insufficient_funds,3,0.4,7,15,11,1,True,0,0
1244.75,upi,card_expired,1,7.3,1,12,12,0,False,0,0
1971.71,upi,network_timeout,4,7.0,28,11,7,0,True,0,1
6941.86,card,insufficient_funds,3,6.4,28,7,5,1,True,0,1
837.88,subscription_mandate,bank_outage,1,0.6,19,17,1,1,False,1,1
2573.69,card,bank_outage,2,0.6,26,16,10,1,True,1,1
1664.84,card,authentication_failed,2,8.1,8,18,13,2,True,0,1
1932.65,upi,card_expired,1,0.9,5,9,7,0,True,0,1
1185.26,subscription_mandate,card_expired,2,2.2,9,20,4,0,True,1,1
1842.15,subscription_mandate,insufficient_funds,1,1.7,29,18,8,3,True,1,1
5456.03,subscription_mandate,network_timeout,1,4.9,1,8,7,3,True,1,0
2114.68,upi,authentication_failed,2,3.0,27,4,7,1,False,0,1
9261.44,subscription_mandate,bank_outage,1,1.0,4,12,5,1,False,1,1
2472.82,subscription_mandate,network_timeout,3,0.6,1,10,2,3,False,1,0
1355.69,card,high_risk_fraud,1,1.4,22,9,11,3,True,0,0
1226.91,card,insufficient_funds,4,4.1,13,18,3,2,False,1,1
1189.06,card,authentication_failed,1,0.6,28,10,4,2,True,1,1
2542.72,card,card_expired,2,0.2,20,1,20,1,True,1,0
19623.93,upi,insufficient_funds,2,4.9,26,15,8,1,False,0,1
2806.73,card,insufficient_funds,1,0.9,28,20,2,1,False,0,1
1361.19,upi,insufficient_funds,1,5.5,2,20,9,1,True,1,1
1991.7,card,network_timeout,1,1.2,13,0,6,4,True,1,1
6968.41,upi,authentication_failed,1,0.3,25,13,10,1,False,0,1
1093.74,upi,card_expired,1,0.9,1,13,2,2,False,0,0
6462.73,card,high_risk_fraud,1,2.3,13,9,4,0,True,0,0
2225.06,subscription_mandate,insufficient_funds,4,1.2,10,10,3,1,False,1,0
13542.15,upi,authentication_failed,2,0.5,30,20,5,0,False,0,1
1012.15,upi,authentication_failed,1,4.0,24,13,8,1,False,1,1
3506.83,card,card_expired,3,5.6,9,14,4,0,True,0,0
3558.29,upi,authentication_failed,1,2.4,22,17,6,0,False,0,0
257.94,netbanking,authentication_failed,2,0.1,22,8,6,0,False,0,1
1756.56,subscription_mandate,bank_outage,2,3.8,19,10,10,2,False,1,1
463.49,upi,card_expired,2,1.0,12,17,4,0,True,0,0
3075.3,upi,insufficient_funds,4,3.1,30,11,4,0,True,0,1
538.46,card,insufficient_funds,1,1.5,15,13,5,0,False,0,1
1163.84,upi,authentication_failed,2,0.8,19,9,4,2,True,0,1
886.68,card,authentication_failed,1,2.2,8,21,2,0,False,1,1
817.41,card,authentication_failed,2,0.9,20,10,4,1,True,0,1
1689.73,upi,card_expired,1,6.7,20,12,11,1,True,1,0
4647.17,card,bank_outage,3,0.2,13,12,9,3,True,0,1
9797.68,upi,bank_outage,1,2.1,5,17,10,1,True,0,1
2479.84,card,bank_outage,3,1.5,22,9,14,0,True,1,1
1483.69,card,card_expired,1,0.1,16,18,2,1,False,0,1
4309.75,upi,card_expired,2,0.6,3,20,12,1,False,0,0
759.23,upi,insufficient_funds,1,0.8,27,12,2,0,False,0,1
801.51,subscription_mandate,network_timeout,1,1.3,19,22,12,1,True,1,1
12929.73,upi,card_expired,1,2.6,28,11,15,2,True,1,1
4797.33,upi,network_timeout,3,0.8,2,15,9,1,True,0,1
13185.66,subscription_mandate,bank_outage,1,4.7,29,15,16,0,False,1,1
2268.73,card,network_timeout,1,3.1,18,10,6,0,True,0,1
1483.81,upi,insufficient_funds,2,1.0,29,12,6,1,True,0,1
2020.65,upi,insufficient_funds,3,1.5,14,7,0,4,False,0,0
2565.96,upi,bank_outage,1,0.0,1,22,18,0,False,0,1
1664.32,card,bank_outage,2,2.5,6,7,0,0,False,0,1
1672.11,upi,insufficient_funds,1,0.2,20,15,8,0,True,0,0
2262.91,card,card_expired,2,1.7,18,9,10,2,True,0,1
1521.23,upi,card_expired,1,1.1,20,7,3,0,False,0,1
4413.53,subscription_mandate,card_expired,1,3.5,18,13,8,0,False,1,1
445.63,upi,card_expired,1,3.2,4,9,13,1,False,0,1
1576.67,card,insufficient_funds,1,2.1,27,11,5,2,False,1,1
1677.85,card,insufficient_funds,1,0.1,14,14,1,0,False,0,1
2504.18,upi,card_expired,1,1.1,24,13,11,0,True,0,0
2833.82,card,network_timeout,1,2.4,15,1,11,1,False,1,0
3112.61,netbanking,card_expired,1,0.2,3,2,6,2,False,1,0
4348.18,upi,card_expired,1,1.8,2,20,10,0,False,0,1
1797.46,card,high_risk_fraud,2,4.6,11,11,3,0,False,0,0
2133.4,card,network_timeout,3,0.6,11,22,6,0,True,0,1
2121.04,card,insufficient_funds,2,7.3,13,19,8,0,True,0,1
18063.77,card,network_timeout,4,1.2,31,12,10,0,False,0,0
1234.05,upi,bank_outage,1,1.5,6,12,8,5,True,0,1
2035.03,card,insufficient_funds,1,0.4,1,13,6,1,True,0,1
3005.71,upi,bank_outage,2,4.2,30,10,20,3,False,0,1
9274.91,upi,network_timeout,3,1.6,1,13,1,1,False,0,1
4004.25,upi,insufficient_funds,2,0.2,21,21,17,1,False,0,0
2893.32,card,insufficient_funds,1,3.6,7,19,3,2,False,0,0
9671.87,card,insufficient_funds,1,1.7,28,18,14,0,True,0,1
4612.18,upi,bank_outage,1,1.4,19,17,9,0,True,0,1
16561.95,upi,high_risk_fraud,2,1.3,25,23,8,2,True,0,0
948.54,upi,insufficient_funds,2,0.1,22,13,4,0,True,0,1
3617.95,upi,insufficient_funds,2,0.9,2,12,3,3,False,0,1
6008.96,subscription_mandate,insufficient_funds,1,4.3,19,18,3,1,False,1,1
3195.21,upi,insufficient_funds,1,3.9,31,11,7,0,False,0,1
5221.97,upi,network_timeout,4,5.0,5,20,15,0,True,0,1
8500.42,card,authentication_failed,3,5.6,21,17,1,0,False,1,0
2299.0,upi,insufficient_funds,1,0.1,23,15,5,1,True,0,1
28112.4,netbanking,high_risk_fraud,1,0.7,20,7,11,1,False,0,0
761.26,card,authentication_failed,1,3.2,21,10,7,0,True,1,1
1409.98,card,network_timeout,3,8.5,15,16,5,2,True,1,1
709.38,card,card_expired,2,2.3,3,18,9,1,False,1,1
1506.7,upi,card_expired,2,3.8,3,12,5,1,True,0,1
640.16,netbanking,bank_outage,1,1.1,9,18,7,0,True,0,1
7008.17,subscription_mandate,high_risk_fraud,2,0.4,30,4,0,0,False,1,1
17061.2,netbanking,high_risk_fraud,2,1.1,8,8,10,3,True,0,0
3122.85,upi,card_expired,3,0.8,31,15,15,1,True,0,0
3415.1,card,bank_outage,2,4.8,21,21,3,1,False,0,1
886.37,netbanking,authentication_failed,1,3.1,3,9,8,2,True,1,1
989.29,upi,card_expired,1,3.8,17,13,13,0,False,0,1
3433.48,card,card_expired,2,0.9,17,20,2,0,False,0,0
3533.89,card,network_timeout,1,2.1,10,17,7,1,True,0,1
1116.9,subscription_mandate,insufficient_funds,2,1.5,23,5,6,1,True,1,1
4066.92,card,insufficient_funds,2,2.6,2,4,5,0,True,0,1
1024.66,upi,card_expired,2,2.9,13,8,3,2,False,1,1
9990.66,upi,bank_outage,1,1.4,8,11,10,1,True,0,1
2093.32,card,bank_outage,1,0.7,23,4,8,4,True,0,1
4183.99,upi,insufficient_funds,1,0.4,3,18,9,0,False,0,1
3017.12,card,bank_outage,1,1.5,19,20,5,1,True,0,1
1870.94,netbanking,card_expired,1,3.1,8,9,5,0,False,0,0
13455.2,card,card_expired,1,2.4,5,8,6,0,False,0,1
1660.25,upi,card_expired,1,0.1,11,17,4,0,False,0,1
1085.5,card,insufficient_funds,3,0.4,27,8,2,0,False,1,1
2533.68,upi,network_timeout,1,3.9,15,16,13,1,False,0,1
1666.15,upi,bank_outage,1,2.2,26,14,21,2,True,0,1
6020.4,subscription_mandate,insufficient_funds,2,3.2,17,10,4,1,True,1,1
12482.9,upi,insufficient_funds,1,3.2,14,21,7,3,True,0,1
3548.16,upi,network_timeout,1,4.8,9,11,19,0,True,0,1
1133.05,card,card_expired,2,6.9,14,17,11,0,True,0,0
2938.51,card,authentication_failed,1,2.1,16,8,22,2,False,1,1
3466.39,card,high_risk_fraud,2,0.2,20,21,15,0,True,0,0
4361.27,card,network_timeout,1,11.3,22,22,18,3,False,0,1
478.53,card,bank_outage,2,2.1,29,12,14,0,True,1,1
1530.23,upi,network_timeout,2,0.7,3,19,3,0,False,0,1
642.71,netbanking,bank_outage,1,1.0,24,18,10,1,False,0,1
570.41,subscription_mandate,insufficient_funds,1,2.2,8,20,3,2,False,1,1
886.44,card,insufficient_funds,2,3.6,4,15,3,0,False,1,1
1647.91,card,bank_outage,3,0.5,30,18,7,1,True,0,1
2005.71,card,card_expired,1,7.3,14,8,11,3,True,0,0
663.25,upi,insufficient_funds,1,0.4,6,20,9,2,True,0,1
2694.53,upi,network_timeout,2,2.1,5,15,8,0,False,0,1
1810.77,card,insufficient_funds,1,0.6,10,9,9,3,False,0,1
3972.78,upi,insufficient_funds,1,0.2,20,17,12,0,True,0,1
1353.31,card,network_timeout,1,1.9,8,9,7,0,False,0,0
2125.12,upi,network_timeout,1,0.7,8,2,6,4,True,1,1
5519.94,upi,insufficient_funds,1,7.6,26,10,3,3,False,0,1
3669.67,card,card_expired,1,0.7,16,12,7,0,False,0,1
10409.04,subscription_mandate,insufficient_funds,1,5.9,14,19,5,5,True,1,1
2504.35,card,bank_outage,3,0.3,18,9,3,2,False,0,1
1652.44,card,network_timeout,1,0.1,23,17,4,0,True,1,1
1094.62,card,authentication_failed,1,9.2,24,18,4,1,True,0,1
3737.08,card,network_timeout,1,1.7,3,17,8,0,True,1,1
16635.44,card,bank_outage,1,4.1,31,8,2,1,False,0,1
13574.62,card,insufficient_funds,1,0.0,22,14,3,1,False,1,1
7615.58,card,bank_outage,2,2.4,5,15,6,0,True,0,1
5348.96,card,insufficient_funds,1,0.8,31,12,9,2,True,0,1
8024.19,card,card_expired,1,1.1,11,15,1,1,False,1,1
3463.74,upi,insufficient_funds,1,0.2,17,19,3,0,False,0,0
3063.72,netbanking,network_timeout,3,4.7,13,11,6,1,True,1,1
15696.75,upi,insufficient_funds,2,0.1,4,10,8,1,True,1,1
8422.0,card,network_timeout,1,5.5,10,17,12,1,False,0,1
3036.91,card,authentication_failed,1,1.0,23,13,2,1,False,0,1
3720.76,subscription_mandate,insufficient_funds,2,2.9,17,20,3,0,False,1,1
3015.57,upi,network_timeout,1,1.7,25,17,6,1,True,1,1
2786.86,subscription_mandate,authentication_failed,1,3.5,21,13,16,3,False,1,0
7377.42,upi,card_expired,1,6.7,30,11,5,1,True,0,1
935.57,upi,network_timeout,4,2.2,30,10,11,1,False,0,1
2921.5,card,insufficient_funds,1,4.7,23,9,2,1,False,0,1
1148.2,card,insufficient_funds,1,0.7,25,18,15,0,True,0,1
332.07,upi,insufficient_funds,1,0.9,6,14,1,4,False,1,1
1813.03,netbanking,bank_outage,1,0.0,20,23,8,1,True,0,1
11613.63,subscription_mandate,card_expired,1,1.3,29,20,4,0,True,1,1
1841.8,card,authentication_failed,1,4.9,26,17,1,0,False,0,0
1801.45,card,authentication_failed,1,4.0,15,18,14,0,True,0,1
2374.77,subscription_mandate,card_expired,2,3.3,3,19,21,0,True,1,1
4777.53,card,bank_outage,1,6.6,27,18,9,0,True,0,1
3252.76,upi,authentication_failed,3,0.7,2,14,20,0,False,0,0
960.48,netbanking,insufficient_funds,2,2.8,4,14,3,4,False,0,1
3594.19,card,card_expired,1,4.1,18,12,4,1,False,0,0
1641.52,upi,card_expired,1,0.0,24,13,2,0,False,0,0
703.71,card,insufficient_funds,4,4.1,7,18,6,0,True,1,0
6803.65,card,insufficient_funds,2,2.7,3,9,14,1,True,0,1
13805.0,card,network_timeout,1,0.5,4,12,3,0,False,0,1
2330.91,card,network_timeout,1,4.1,30,9,10,0,False,0,1
1780.01,upi,card_expired,3,1.6,17,10,3,1,False,0,0
2399.99,upi,card_expired,3,0.6,18,13,10,0,False,0,0
2010.99,upi,network_timeout,1,0.9,25,11,7,1,True,0,1
2356.32,card,authentication_failed,3,2.9,4,13,15,2,False,0,1
843.14,card,bank_outage,3,1.0,30,11,2,1,False,0,1
1361.18,card,network_timeout,1,2.4,9,3,1,0,False,0,0
1916.94,card,insufficient_funds,3,1.2,22,16,11,0,True,0,0
2754.63,card,insufficient_funds,3,2.2,27,10,17,1,True,0,1
5094.05,card,high_risk_fraud,1,0.9,24,11,8,2,False,0,0
4634.88,netbanking,insufficient_funds,2,0.3,8,10,9,0,False,0,1
3863.59,netbanking,insufficient_funds,2,0.5,17,10,9,0,True,0,1
368.96,upi,network_timeout,1,0.1,1,12,3,0,False,1,1
9672.96,netbanking,insufficient_funds,1,0.7,28,3,2,1,False,0,1
626.71,card,insufficient_funds,2,0.6,31,12,11,1,True,0,1
1468.5,netbanking,insufficient_funds,1,0.4,28,2,6,0,False,0,1
701.53,upi,insufficient_funds,1,1.1,8,11,16,1,False,0,1
1908.2,upi,card_expired,1,0.4,9,22,23,1,True,0,0
6613.0,upi,bank_outage,2,3.0,25,12,13,0,False,0,1
17763.07,card,bank_outage,2,8.0,2,12,16,0,True,0,1
1563.7,netbanking,network_timeout,1,2.1,12,9,15,1,True,0,1
6129.04,card,insufficient_funds,1,1.9,14,12,10,0,True,0,1
4646.86,upi,bank_outage,2,1.6,8,22,6,1,True,0,0
3077.5,card,insufficient_funds,2,0.7,8,14,1,0,False,1,1
3518.0,upi,insufficient_funds,2,3.4,25,17,5,1,True,0,0
975.43,subscription_mandate,card_expired,1,0.2,24,19,4,0,True,1,1
669.71,upi,insufficient_funds,1,2.5,31,19,6,0,False,0,1
2278.53,upi,card_expired,1,0.1,30,21,15,0,False,0,1
1845.92,upi,authentication_failed,4,5.1,25,20,1,1,False,0,0
5801.74,upi,insufficient_funds,2,3.7,2,17,2,0,False,0,1
3681.43,upi,insufficient_funds,3,9.0,30,12,5,0,False,0,0
1519.11,card,high_risk_fraud,1,0.1,7,4,4,1,True,0,0
5404.91,card,bank_outage,1,3.7,8,21,7,0,False,0,1
4251.76,card,insufficient_funds,1,1.1,7,20,9,3,True,1,1
504.14,card,high_risk_fraud,1,6.5,21,17,4,2,True,0,0
2224.36,card,insufficient_funds,2,1.8,12,19,5,0,True,1,1
1660.24,netbanking,insufficient_funds,1,1.5,23,17,6,3,True,0,1
682.15,upi,insufficient_funds,2,6.2,15,12,3,1,False,0,1
6607.63,netbanking,authentication_failed,1,0.5,13,18,9,0,True,1,1
4988.46,card,insufficient_funds,3,2.1,22,21,2,3,False,0,0
2218.91,upi,insufficient_funds,1,0.1,26,9,7,1,True,1,1
2281.88,subscription_mandate,network_timeout,1,3.6,10,20,10,0,True,1,1
1257.94,netbanking,bank_outage,2,0.7,29,9,6,0,True,0,1
1038.07,card,authentication_failed,1,0.8,27,1,2,1,False,1,1
1213.78,card,insufficient_funds,3,7.9,12,12,3,0,False,0,1
4200.96,card,insufficient_funds,1,1.8,21,16,8,0,True,1,1
997.33,card,authentication_failed,1,2.7,16,16,4,0,False,1,1
2581.88,subscription_mandate,high_risk_fraud,1,0.7,19,21,9,0,True,1,1
729.39,subscription_mandate,network_timeout,3,2.5,4,8,10,2,True,1,1
4652.27,card,insufficient_funds,1,2.5,15,16,1,1,False,1,1
2864.66,subscription_mandate,bank_outage,2,4.5,9,13,8,0,False,1,1
1604.2,card,authentication_failed,1,5.4,22,16,7,0,True,1,1
2224.29,upi,card_expired,1,0.5,23,11,2,0,False,0,0
1272.69,card,insufficient_funds,1,2.1,14,13,10,2,True,1,1
3509.47,upi,insufficient_funds,2,2.6,11,6,6,1,True,1,0
1935.16,subscription_mandate,network_timeout,1,2.1,26,9,2,1,False,1,1
2172.69,upi,insufficient_funds,1,4.2,17,16,2,0,False,1,1
472.24,upi,network_timeout,1,1.0,1,21,6,0,False,0,1
8223.37,upi,insufficient_funds,2,0.7,8,10,12,1,True,0,1
4751.98,upi,insufficient_funds,1,3.5,15,14,4,1,False,1,1
3060.09,card,card_expired,5,0.9,27,13,3,2,False,0,0
431.57,card,network_timeout,2,6.9,24,22,3,2,False,1,1
8890.11,netbanking,card_expired,1,0.2,19,14,8,0,True,0,1
3535.73,upi,insufficient_funds,3,3.6,17,11,8,1,True,0,0
7409.83,upi,insufficient_funds,1,2.7,9,16,9,0,True,0,1
1891.22,upi,high_risk_fraud,1,1.8,1,19,8,0,True,1,0
4835.69,card,authentication_failed,1,1.9,16,9,9,1,True,1,1
4748.04,netbanking,card_expired,1,1.4,31,11,6,0,True,0,1
2540.33,upi,insufficient_funds,1,0.2,21,14,12,0,True,0,1
904.0,subscription_mandate,insufficient_funds,1,1.7,22,14,5,1,False,1,1
5984.31,upi,network_timeout,2,4.8,10,6,4,0,False,1,0
2527.26,card,card_expired,1,2.5,25,4,6,0,False,0,0
4238.4,upi,authentication_failed,1,4.0,7,21,6,1,False,1,1
9504.54,card,insufficient_funds,1,2.2,30,18,20,0,True,0,1
3220.38,card,card_expired,1,3.7,18,9,7,0,False,0,0
8564.64,upi,network_timeout,2,4.5,27,9,1,1,False,0,1
2075.5,card,network_timeout,1,2.6,31,6,9,1,True,0,0
3724.42,subscription_mandate,network_timeout,1,12.4,2,13,7,1,True,1,0
4991.37,card,bank_outage,1,1.5,27,7,2,2,False,1,1
3154.28,card,insufficient_funds,1,1.2,11,14,9,2,True,0,0
976.76,upi,card_expired,1,0.7,7,22,13,1,True,0,1
10886.96,card,network_timeout,3,5.1,25,6,9,1,False,0,1
3063.04,upi,insufficient_funds,1,0.2,16,20,3,1,False,0,1
5885.81,upi,insufficient_funds,1,1.8,26,22,7,1,True,0,1
12293.31,card,card_expired,3,3.3,6,16,4,1,True,0,0
1018.99,card,insufficient_funds,1,1.4,22,21,5,0,True,0,1
506.11,subscription_mandate,card_expired,3,3.0,26,15,4,1,False,1,0
2053.38,card,insufficient_funds,2,2.1,7,10,9,0,False,0,0
686.38,card,bank_outage,1,1.0,3,18,1,4,False,0,0
5882.44,card,insufficient_funds,1,0.5,17,5,1,3,False,0,1
3268.27,card,bank_outage,1,0.7,26,16,9,3,True,1,1
10140.71,netbanking,bank_outage,1,3.3,28,17,8,0,True,0,1
2607.63,card,authentication_failed,2,3.4,14,18,6,5,True,1,0
1414.49,upi,high_risk_fraud,1,0.4,27,12,3,1,False,0,0
8668.0,netbanking,insufficient_funds,2,1.4,17,16,8,1,True,0,1
10210.2,card,insufficient_funds,1,1.1,20,10,9,1,True,0,1
2297.52,upi,high_risk_fraud,1,2.8,9,10,2,0,False,1,0
17482.27,upi,card_expired,1,0.0,7,17,14,1,True,0,1
851.4,subscription_mandate,insufficient_funds,3,0.3,7,8,4,1,True,1,0
10103.94,card,insufficient_funds,2,1.4,21,8,5,0,True,0,1
5663.92,upi,insufficient_funds,1,3.6,10,18,10,0,False,0,1
4265.17,upi,insufficient_funds,1,3.2,10,9,4,0,False,0,1
1628.68,subscription_mandate,insufficient_funds,1,0.2,3,21,5,3,False,1,1
1904.66,card,authentication_failed,1,4.2,24,17,2,0,False,0,1
1704.56,upi,card_expired,1,1.3,28,16,4,0,False,1,1
8321.95,upi,network_timeout,1,1.7,23,9,3,1,False,1,0
2766.03,upi,insufficient_funds,3,1.6,7,19,2,1,False,0,0
8426.94,upi,insufficient_funds,1,4.2,6,14,7,0,True,0,1
2039.86,card,bank_outage,1,8.5,29,20,14,1,True,0,1
598.29,card,card_expired,1,3.1,26,12,6,3,True,0,1
2817.81,upi,authentication_failed,1,0.8,6,15,3,0,False,1,0
2333.4,card,card_expired,1,4.2,6,19,3,0,False,0,1
2499.59,card,authentication_failed,1,0.0,3,11,11,0,False,0,0
2416.33,card,authentication_failed,1,1.3,2,13,4,0,True,0,0
4202.49,upi,insufficient_funds,1,0.2,20,16,4,0,True,0,1
3377.31,card,insufficient_funds,1,0.2,8,11,5,0,False,0,1
1434.46,card,card_expired,1,2.3,25,9,21,1,True,1,0
3843.34,card,insufficient_funds,2,5.8,24,7,10,0,False,0,1
4333.18,netbanking,network_timeout,1,2.9,3,8,7,3,True,0,1
1813.4,upi,network_timeout,1,0.2,28,19,1,1,False,1,1
2451.26,card,insufficient_funds,1,2.2,13,14,13,0,True,0,1
8153.38,card,network_timeout,3,3.1,31,11,5,0,False,0,1
2463.26,upi,insufficient_funds,3,3.7,5,15,14,1,True,0,1
4439.52,upi,bank_outage,1,1.9,14,14,3,1,False,0,1
1415.86,card,high_risk_fraud,2,0.5,24,19,8,0,True,0,0
2711.11,upi,network_timeout,1,1.5,12,16,5,1,True,0,1
9643.34,subscription_mandate,card_expired,1,2.4,12,17,8,0,True,1,1
2231.3,card,authentication_failed,1,2.7,16,6,10,0,False,1,1
1339.09,upi,network_timeout,1,1.5,30,3,2,0,False,0,1
3433.94,card,card_expired,2,4.1,10,11,8,0,False,0,0
4861.04,subscription_mandate,insufficient_funds,1,0.2,9,6,14,3,False,1,0
2472.24,card,insufficient_funds,2,3.6,1,12,9,0,True,0,0
2696.26,upi,bank_outage,2,1.3,27,13,1,2,False,1,1
1194.33,upi,bank_outage,2,1.2,19,13,13,1,False,0,1
3488.04,upi,bank_outage,2,1.6,6,17,15,1,True,0,1
4180.57,upi,insufficient_funds,1,0.9,6,8,5,1,True,0,1
1711.13,upi,authentication_failed,1,0.2,5,17,2,0,False,1,1
4619.6,card,card_expired,1,6.1,19,22,17,2,True,0,1
275.96,card,card_expired,1,3.1,11,11,6,2,True,1,0
17662.72,card,bank_outage,1,4.5,14,11,16,1,False,1,1
1472.26,card,card_expired,1,0.7,25,20,10,0,False,0,0
2973.47,subscription_mandate,network_timeout,1,6.5,28,9,11,1,True,1,1
487.89,card,insufficient_funds,1,1.3,6,16,8,1,True,0,1
3670.42,subscription_mandate,card_expired,1,0.9,19,11,12,0,True,1,1
2101.28,subscription_mandate,high_risk_fraud,1,7.6,17,13,2,0,False,1,0
5451.37,subscription_mandate,insufficient_funds,2,2.0,8,21,2,0,False,1,1
1903.49,upi,high_risk_fraud,2,3.5,26,9,6,4,True,1,0
3971.73,card,network_timeout,2,3.1,8,13,2,1,False,0,1
5073.82,upi,insufficient_funds,1,3.1,25,15,6,1,True,1,1
823.33,upi,insufficient_funds,3,0.9,26,13,13,0,True,0,1
3350.7,upi,card_expired,2,0.7,24,16,0,2,False,0,1
1637.83,card,network_timeout,1,0.9,28,19,5,0,True,0,1
2391.38,card,network_timeout,1,4.7,29,11,8,0,True,0,1
2444.56,card,card_expired,1,5.1,6,16,0,0,False,0,0
3090.14,netbanking,bank_outage,1,2.0,17,2,7,2,False,0,1
821.01,netbanking,card_expired,4,2.9,18,19,6,0,False,0,0
1373.72,card,card_expired,1,1.9,20,10,19,2,False,0,1
1198.55,card,network_timeout,2,2.2,13,19,11,1,False,0,1
1900.16,card,insufficient_funds,3,1.5,1,13,3,1,False,0,1
1585.34,netbanking,insufficient_funds,1,1.1,25,12,4,0,True,1,1
1067.92,upi,authentication_failed,1,3.1,18,12,6,1,True,0,0
3781.34,netbanking,card_expired,1,3.4,16,13,6,0,False,0,1
1142.49,upi,network_timeout,3,0.8,4,18,11,0,True,1,1
2228.45,subscription_mandate,insufficient_funds,2,6.4,27,22,4,1,False,1,1
28003.89,upi,bank_outage,1,7.9,8,15,3,0,False,1,1
1189.41,card,card_expired,1,0.2,26,18,7,0,False,0,0
5557.73,card,bank_outage,1,0.2,4,14,4,0,False,0,1
1132.14,card,bank_outage,1,0.6,7,9,9,0,False,0,1
1591.5,subscription_mandate,network_timeout,2,0.4,30,13,3,0,False,1,1
806.47,card,insufficient_funds,1,1.6,26,14,13,1,True,0,1
900.49,card,card_expired,1,7.9,13,14,4,1,False,0,1
1748.12,card,card_expired,1,2.7,14,10,16,1,False,0,0
3149.46,card,card_expired,1,6.5,30,11,10,1,True,1,1
5839.13,upi,insufficient_funds,1,2.0,18,8,5,1,False,0,1
1216.01,upi,card_expired,1,0.8,9,0,0,3,False,0,0
5510.91,card,insufficient_funds,1,0.5,3,11,14,0,True,1,1
5158.89,upi,authentication_failed,1,2.5,1,11,6,0,False,1,1
2704.89,card,authentication_failed,1,2.4,18,14,4,0,False,0,1
1207.59,upi,bank_outage,1,1.3,6,9,9,0,True,0,1
9352.66,upi,insufficient_funds,1,1.2,13,10,8,1,False,0,1
4011.9,upi,bank_outage,2,2.4,24,14,10,2,True,0,1
11928.23,netbanking,authentication_failed,5,4.5,13,12,9,1,True,0,0
2335.39,card,network_timeout,2,0.0,23,16,3,0,False,0,0
1346.06,upi,card_expired,1,1.8,19,17,6,1,False,0,0
9867.58,card,network_timeout,1,0.2,13,14,11,2,True,0,1
2776.38,subscription_mandate,insufficient_funds,1,1.1,21,18,10,1,True,1,1
6037.34,card,network_timeout,2,7.2,20,11,8,0,False,0,1
1512.09,subscription_mandate,network_timeout,1,2.3,16,12,10,0,True,1,1
4233.62,card,insufficient_funds,1,1.1,16,9,4,0,False,1,1
1668.4,card,network_timeout,1,0.2,18,16,4,0,False,0,1
2396.69,card,authentication_failed,1,0.9,19,20,6,0,True,0,1
7769.38,card,network_timeout,1,5.8,31,22,2,2,False,0,1
3006.24,upi,insufficient_funds,2,1.1,26,13,22,1,True,0,1
1374.96,upi,bank_outage,1,2.0,13,15,13,1,True,0,1
4386.53,netbanking,insufficient_funds,3,4.2,27,15,1,1,False,0,0
9953.97,card,card_expired,1,0.9,20,10,12,1,True,0,1
4195.9,upi,insufficient_funds,1,7.4,31,17,1,1,False,0,1
8859.76,card,authentication_failed,2,5.3,2,13,6,1,False,0,0
3367.89,upi,network_timeout,1,1.3,15,17,0,1,False,0,1
2178.68,upi,insufficient_funds,2,5.0,31,12,2,0,False,0,1
3025.22,card,network_timeout,1,1.6,5,1,15,0,False,0,1
5222.86,upi,card_expired,1,0.7,13,12,3,1,False,0,1
1917.27,upi,bank_outage,2,0.3,28,5,4,1,True,0,1
2046.89,upi,network_timeout,2,4.0,5,10,5,2,True,0,1
629.24,card,insufficient_funds,3,3.0,22,20,8,0,True,1,1
7814.09,upi,insufficient_funds,1,0.5,20,20,14,1,True,0,1
2591.59,upi,network_timeout,1,6.3,9,17,5,2,False,1,0
2069.45,netbanking,bank_outage,2,2.0,16,9,12,0,False,0,1
1262.26,upi,network_timeout,1,0.8,3,10,6,2,True,0,1
2789.14,upi,network_timeout,1,0.0,1,9,5,1,True,0,1
3385.54,card,card_expired,1,5.3,16,13,5,0,True,0,0
1556.99,upi,bank_outage,2,0.3,28,15,3,0,False,0,1
2078.24,card,insufficient_funds,1,0.2,31,20,4,0,False,0,1
1351.02,upi,bank_outage,1,2.3,18,12,8,1,False,0,1
1029.81,card,card_expired,1,1.2,17,20,4,2,False,0,1
266.9,card,card_expired,1,1.1,7,15,3,0,False,0,1
2655.13,card,insufficient_funds,2,1.2,15,19,7,2,True,0,1
2852.84,upi,insufficient_funds,3,0.2,11,8,7,1,False,0,1
1621.96,upi,network_timeout,1,2.8,25,13,7,1,False,0,1
2117.74,netbanking,network_timeout,2,0.2,29,10,5,0,True,0,1
1199.45,upi,bank_outage,1,1.4,6,17,2,0,False,0,1
2184.13,card,insufficient_funds,1,4.2,22,9,16,0,False,1,0
1919.97,subscription_mandate,insufficient_funds,4,1.7,11,8,1,1,False,1,0
5456.79,upi,high_risk_fraud,1,0.8,2,19,1,3,False,0,0
1628.06,card,insufficient_funds,2,3.0,31,18,1,0,False,0,0
6686.84,upi,insufficient_funds,2,4.6,15,12,7,3,True,0,1
953.84,upi,network_timeout,1,1.8,27,11,9,0,True,0,1
5345.73,upi,insufficient_funds,4,2.3,19,17,7,1,True,0,1
2477.46,card,insufficient_funds,3,1.8,24,20,3,1,False,1,0
8471.96,subscription_mandate,card_expired,2,1.3,6,11,7,0,True,1,0
1812.63,upi,insufficient_funds,3,1.0,29,21,2,0,False,0,1
1571.83,card,network_timeout,1,0.6,4,15,6,0,False,1,1
8563.16,netbanking,insufficient_funds,1,10.3,6,17,7,1,False,0,1
3658.03,upi,card_expired,3,0.6,5,17,4,0,False,0,1
3005.48,card,authentication_failed,3,1.2,30,9,11,1,True,0,0
1564.19,card,card_expired,1,1.9,15,10,2,0,False,1,1
1787.09,card,insufficient_funds,1,1.9,6,19,1,0,False,1,1
1170.85,card,card_expired,2,4.2,15,0,7,0,True,1,1
1605.42,netbanking,authentication_failed,1,3.5,5,9,4,1,True,1,1
11159.75,card,insufficient_funds,1,2.7,18,11,3,2,False,0,1
586.56,upi,insufficient_funds,3,0.8,6,12,3,1,False,0,1
7650.22,subscription_mandate,insufficient_funds,1,4.7,6,9,5,0,True,1,1
4357.34,upi,insufficient_funds,2,3.0,21,13,9,1,False,0,1
3668.27,upi,network_timeout,3,0.4,3,12,12,0,True,1,1
3417.67,subscription_mandate,insufficient_funds,2,4.7,20,8,5,1,True,1,1
20961.48,upi,network_timeout,1,0.7,21,14,0,1,False,0,0
785.31,upi,card_expired,1,0.1,8,12,3,0,False,0,0
653.02,upi,authentication_failed,3,1.6,19,3,6,0,False,0,1
3790.06,upi,card_expired,1,4.8,28,22,12,1,False,1,1
1869.46,card,authentication_failed,2,3.2,27,12,6,0,True,0,1
1488.85,card,network_timeout,1,0.1,31,17,4,2,False,0,1
9337.73,upi,authentication_failed,1,2.2,26,13,0,0,False,0,1
22057.06,card,insufficient_funds,2,0.4,12,12,6,3,True,0,0
3071.84,upi,card_expired,1,2.0,10,0,5,3,True,0,0
3131.36,upi,insufficient_funds,2,0.2,18,17,8,0,True,0,0
2946.91,subscription_mandate,bank_outage,2,2.6,12,16,2,1,False,1,0
6074.44,card,insufficient_funds,2,2.6,1,18,1,0,False,0,1
1896.21,card,insufficient_funds,4,2.5,12,8,13,1,False,0,0
1879.6,netbanking,authentication_failed,2,4.3,23,15,2,1,False,0,0
1600.46,card,card_expired,1,0.2,31,14,2,1,False,0,1
1343.88,card,insufficient_funds,2,3.5,26,18,14,1,False,0,1
1200.37,upi,authentication_failed,2,3.1,11,20,8,1,True,1,1
3329.08,card,insufficient_funds,1,2.2,14,14,5,0,False,0,0
1910.28,card,authentication_failed,2,3.8,13,7,11,3,True,1,0
1163.77,card,card_expired,4,4.1,21,15,4,1,False,0,0
5828.19,subscription_mandate,card_expired,1,1.4,21,17,5,0,True,1,0
5408.62,upi,authentication_failed,2,0.6,13,20,9,0,True,0,1
511.32,upi,authentication_failed,1,1.1,9,20,7,1,True,0,1
2191.5,upi,insufficient_funds,2,6.0,5,14,6,0,False,1,1
2251.25,card,network_timeout,2,2.8,4,14,8,0,True,0,1
3507.61,card,insufficient_funds,2,5.2,28,12,3,1,False,1,1
1045.0,subscription_mandate,card_expired,4,0.1,12,8,2,0,False,1,0
2430.95,upi,insufficient_funds,4,1.9,3,11,6,1,True,1,1
1312.36,card,insufficient_funds,1,0.0,16,7,17,0,False,0,1
222.11,upi,authentication_failed,1,1.7,30,6,6,0,True,0,1
2521.22,subscription_mandate,insufficient_funds,1,4.5,4,15,3,3,False,1,1
4552.15,upi,card_expired,1,0.2,9,7,4,1,True,0,0
2199.39,card,bank_outage,3,2.4,21,15,2,3,False,1,1
915.83,subscription_mandate,card_expired,1,1.1,31,10,6,1,True,1,1
1448.18,upi,card_expired,1,1.0,27,12,8,1,True,1,1
1826.79,upi,bank_outage,3,4.7,17,19,5,1,True,0,1
980.76,card,card_expired,4,1.7,15,6,4,2,False,0,0
1801.73,card,insufficient_funds,2,1.0,17,9,6,0,True,0,1
1432.43,upi,network_timeout,1,6.5,10,18,3,1,False,0,1
1500.51,upi,card_expired,1,7.2,16,18,12,0,False,0,0
4876.47,upi,bank_outage,2,0.6,23,15,9,3,True,0,1
1009.58,card,bank_outage,1,1.5,2,11,2,0,False,1,1
2810.6,upi,network_timeout,1,1.4,21,15,6,3,True,0,1
12784.05,card,insufficient_funds,2,4.1,27,18,1,0,False,0,1
2968.83,subscription_mandate,authentication_failed,1,1.2,31,8,16,1,True,1,1
3220.43,upi,insufficient_funds,1,4.4,17,12,5,2,True,0,1
1555.95,upi,bank_outage,2,2.2,28,22,7,2,True,1,1
747.58,upi,bank_outage,1,0.9,27,12,16,1,True,1,1
3669.29,card,bank_outage,1,1.4,16,16,4,0,True,1,1
6930.73,card,insufficient_funds,1,4.7,21,9,12,1,True,0,1
2106.2,netbanking,insufficient_funds,2,3.3,1,18,14,1,True,0,1
3273.6,upi,network_timeout,3,0.2,26,20,7,2,True,0,1
3039.03,card,insufficient_funds,1,0.5,15,11,16,4,False,0,0
720.65,subscription_mandate,bank_outage,2,4.0,23,0,0,0,False,1,1
3123.9,card,card_expired,2,2.5,21,21,7,0,True,0,1
2830.28,card,bank_outage,2,2.3,18,19,1,0,False,1,1
1397.3,upi,card_expired,1,3.1,19,19,3,0,False,1,1
3311.51,upi,bank_outage,2,2.7,23,10,19,1,True,0,1
9380.46,netbanking,insufficient_funds,1,4.4,12,14,6,0,True,1,1
4593.13,upi,authentication_failed,1,0.3,28,10,1,1,False,0,1
3953.54,upi,insufficient_funds,1,2.0,13,9,1,0,False,1,0
4153.31,upi,network_timeout,3,1.2,11,21,2,0,False,1,0
4491.34,upi,network_timeout,1,2.9,15,9,8,1,False,0,1
2663.13,upi,bank_outage,2,1.7,6,11,14,0,True,0,1
454.23,card,card_expired,1,2.2,30,11,7,1,True,0,1
910.46,card,insufficient_funds,1,2.9,3,11,10,0,False,1,1
1711.38,card,bank_outage,1,1.5,17,13,3,0,False,0,1
4122.51,upi,high_risk_fraud,1,3.1,27,16,5,2,True,0,0
1825.34,card,network_timeout,1,0.1,23,20,0,1,False,0,1
1268.04,card,insufficient_funds,2,1.5,5,12,1,0,False,0,1
344.08,upi,insufficient_funds,2,0.9,22,13,3,1,False,0,1
5140.98,card,insufficient_funds,1,1.0,2,15,7,0,False,0,1
6556.04,upi,high_risk_fraud,1,1.7,29,12,1,0,False,0,0
3406.22,netbanking,card_expired,1,0.5,1,22,2,3,False,0,1
691.31,upi,insufficient_funds,1,3.2,18,19,10,1,True,0,1
1306.33,card,bank_outage,1,2.9,1,18,4,2,False,1,1
884.59,subscription_mandate,authentication_failed,5,5.9,5,16,4,1,True,1,0
3707.53,upi,network_timeout,1,5.3,27,4,4,1,True,0,1
4179.21,card,card_expired,1,3.7,11,12,0,1,False,1,1
560.01,card,insufficient_funds,2,0.4,24,13,13,0,True,1,1
1344.75,netbanking,card_expired,3,0.5,28,18,1,1,False,0,0
743.38,card,card_expired,1,3.1,16,11,9,2,False,0,1
624.08,card,insufficient_funds,1,2.0,28,19,16,2,False,0,1
1997.5,card,card_expired,2,0.3,12,20,16,1,True,1,1
2117.73,upi,network_timeout,2,0.7,21,10,7,0,False,0,0
5135.48,upi,network_timeout,1,1.7,17,11,5,1,False,0,1
2952.0,upi,card_expired,2,9.6,22,10,2,0,False,0,0
2374.07,card,insufficient_funds,3,1.2,10,19,4,0,True,0,0
9930.7,card,bank_outage,1,1.6,11,0,9,1,False,1,1
968.47,netbanking,insufficient_funds,1,2.1,24,19,3,1,False,1,0
1682.7,upi,insufficient_funds,1,0.6,17,15,4,1,True,1,1
2645.91,upi,insufficient_funds,1,6.7,21,17,4,0,True,0,1
1969.83,card,insufficient_funds,1,2.3,8,11,4,0,True,1,0
1761.49,card,insufficient_funds,1,1.6,10,14,2,0,False,1,1
3841.84,upi,insufficient_funds,3,2.6,28,9,7,1,False,0,0
2219.74,upi,insufficient_funds,2,2.3,9,10,6,1,True,0,1
3215.73,upi,network_timeout,2,4.5,9,7,4,2,False,0,1
3676.51,upi,insufficient_funds,2,2.8,15,13,4,0,True,0,1
1781.86,card,card_expired,2,2.4,18,16,4,0,True,0,0
1330.32,card,insufficient_funds,2,3.4,25,10,8,1,True,0,1
8611.98,card,insufficient_funds,2,0.2,9,12,11,0,True,0,1
1233.01,card,insufficient_funds,1,1.8,30,13,5,2,False,0,1
1865.85,card,insufficient_funds,1,3.0,20,19,4,2,False,0,1
1208.67,subscription_mandate,bank_outage,1,1.9,4,8,8,1,True,1,1
3016.04,subscription_mandate,insufficient_funds,3,2.7,6,18,5,0,True,1,0
2048.06,card,insufficient_funds,1,0.3,1,10,16,2,True,0,1
1577.28,upi,card_expired,5,0.5,27,12,3,2,False,0,0
2646.33,upi,insufficient_funds,1,3.2,7,22,13,1,True,0,1
1240.44,upi,card_expired,1,1.4,6,8,11,0,True,0,0
7119.51,upi,insufficient_funds,1,10.0,26,11,10,0,False,0,1
5041.26,upi,card_expired,1,2.5,6,5,1,1,False,0,1
1201.76,card,insufficient_funds,1,0.3,27,15,8,0,False,0,1
2648.41,upi,network_timeout,1,0.4,9,17,6,1,True,0,1
2759.09,card,insufficient_funds,2,10.0,20,0,24,0,True,0,0
1471.79,card,insufficient_funds,1,1.7,20,12,7,2,False,1,1
6103.18,card,insufficient_funds,3,4.8,2,18,5,0,True,0,1
1472.46,upi,bank_outage,3,1.4,30,17,2,1,False,0,1
909.87,upi,authentication_failed,1,4.2,22,9,21,0,True,0,1
16202.46,upi,network_timeout,1,3.4,13,10,12,0,True,0,1
3383.32,subscription_mandate,card_expired,1,3.7,31,19,10,3,False,1,1
5696.39,card,insufficient_funds,2,1.0,26,8,7,1,True,0,0
6796.54,netbanking,card_expired,1,8.9,14,19,14,2,False,0,1
2917.81,upi,insufficient_funds,1,0.6,27,17,11,2,False,0,1
10278.95,subscription_mandate,insufficient_funds,2,12.3,5,15,7,0,True,1,0
10132.71,upi,insufficient_funds,1,1.8,17,9,6,0,True,1,1
1264.08,card,network_timeout,2,0.8,11,18,11,2,True,0,1
1700.83,card,insufficient_funds,3,0.6,25,18,28,1,False,0,1
863.76,upi,insufficient_funds,2,0.9,7,16,3,1,False,0,1
5151.42,subscription_mandate,card_expired,1,0.5,21,21,3,3,False,1,1
6098.2,upi,insufficient_funds,1,2.5,26,15,3,1,False,0,1
2426.99,card,insufficient_funds,1,0.0,10,22,2,2,False,0,1
11210.08,netbanking,card_expired,2,10.8,2,20,8,1,False,1,0
2863.74,card,insufficient_funds,5,4.7,19,2,3,0,False,0,0
601.72,upi,card_expired,1,1.0,7,14,3,3,False,0,0
312.73,upi,insufficient_funds,2,11.4,7,9,3,0,False,0,1
1872.32,card,authentication_failed,2,9.0,15,11,4,1,False,1,1
1872.11,subscription_mandate,insufficient_funds,1,4.3,26,15,7,1,False,1,1
4079.78,card,bank_outage,1,0.8,15,10,5,1,True,1,1
5243.13,upi,insufficient_funds,1,2.4,17,10,13,1,False,0,1
4670.73,upi,bank_outage,1,0.2,8,9,6,1,True,0,1
1881.22,subscription_mandate,card_expired,1,1.0,18,15,13,0,True,1,1
1065.83,upi,bank_outage,2,5.0,23,11,13,2,True,1,1
1291.37,card,authentication_failed,2,0.7,9,17,7,1,True,0,0
3242.9,card,authentication_failed,1,2.7,30,12,24,0,True,1,1
3314.94,card,bank_outage,1,3.2,12,11,11,2,False,0,1
2900.82,card,card_expired,1,2.3,18,13,14,1,False,0,1
2741.37,card,insufficient_funds,1,6.1,28,9,7,0,True,0,1
3417.38,card,bank_outage,1,3.2,8,10,6,0,True,0,1
1752.06,card,insufficient_funds,1,14.0,14,16,17,0,True,0,1
4272.48,upi,network_timeout,1,0.5,8,15,6,1,True,0,1
6119.89,card,insufficient_funds,1,0.8,12,9,14,0,False,1,0
3553.41,card,high_risk_fraud,3,5.6,22,19,7,0,True,1,0
3554.14,card,network_timeout,1,1.6,15,20,9,0,True,0,1
1975.5,upi,bank_outage,2,0.4,6,17,8,1,True,0,1
15779.59,card,insufficient_funds,1,0.9,19,11,1,0,False,0,0
1645.88,upi,network_timeout,1,0.9,12,14,2,0,False,0,1
15486.95,card,network_timeout,3,0.4,9,13,6,0,True,0,1
4743.36,card,bank_outage,3,1.0,26,12,4,0,True,0,1
2099.62,card,bank_outage,1,0.4,26,9,5,0,True,0,1
6111.04,upi,network_timeout,1,1.3,6,21,7,2,True,1,1
1730.08,upi,card_expired,1,2.5,5,17,10,2,True,0,1
1526.3,netbanking,bank_outage,2,3.0,3,10,3,0,False,0,1
11289.15,card,card_expired,5,1.7,30,20,19,2,True,0,0
3780.7,upi,card_expired,4,1.3,23,12,9,0,False,0,0
5604.42,card,insufficient_funds,2,11.6,1,20,15,0,True,0,1
3576.03,card,insufficient_funds,3,1.2,7,21,3,0,False,1,0
3241.36,upi,authentication_failed,1,0.7,25,14,6,0,True,0,1
3019.48,upi,card_expired,4,3.7,1,18,3,0,False,0,0
1265.44,upi,insufficient_funds,1,6.7,29,19,21,0,True,1,1
3316.9,subscription_mandate,network_timeout,1,6.2,31,4,7,0,True,1,1
2051.05,upi,insufficient_funds,1,0.3,9,18,14,0,True,0,1
1815.24,upi,insufficient_funds,3,0.1,19,20,5,2,False,0,0
997.51,netbanking,card_expired,1,2.9,18,14,8,1,False,0,0
12303.87,netbanking,authentication_failed,4,5.9,21,9,6,1,True,1,1
1119.86,card,insufficient_funds,1,3.7,27,15,7,3,True,0,0
1452.23,card,insufficient_funds,2,1.2,26,21,2,0,False,1,1
2546.57,upi,high_risk_fraud,1,1.6,14,8,7,3,True,1,1
829.13,upi,insufficient_funds,1,0.5,4,10,1,0,False,0,1
4267.41,card,high_risk_fraud,2,2.0,4,15,11,2,True,1,0
2656.01,card,insufficient_funds,2,14.0,26,7,1,1,False,0,0
1757.74,netbanking,bank_outage,1,1.3,10,17,18,0,True,1,1
791.92,card,insufficient_funds,3,0.4,10,21,10,0,True,0,0
3144.7,upi,insufficient_funds,1,1.0,13,10,10,2,True,1,1
745.97,netbanking,high_risk_fraud,1,2.6,11,18,10,0,True,0,1
10656.79,subscription_mandate,insufficient_funds,2,0.4,20,17,5,1,True,1,1
1615.94,upi,card_expired,1,1.1,18,12,9,1,True,0,0
1951.51,card,card_expired,2,0.1,17,17,4,1,False,0,0
3780.05,netbanking,network_timeout,2,1.0,12,8,14,2,True,0,1
1526.01,card,insufficient_funds,2,0.3,20,5,5,0,True,0,1
6109.28,subscription_mandate,insufficient_funds,3,5.8,12,18,3,0,False,1,1
30821.25,upi,network_timeout,2,0.7,15,9,7,0,False,0,1
9762.64,upi,insufficient_funds,1,2.5,6,10,4,1,False,0,0
3009.49,card,insufficient_funds,1,4.0,29,7,8,1,False,0,1
4659.52,upi,insufficient_funds,2,2.1,30,1,3,0,False,0,1
1628.48,upi,card_expired,1,6.6,20,9,5,0,True,0,0
1327.04,upi,card_expired,2,0.7,17,21,4,1,True,0,1
2080.93,card,insufficient_funds,2,1.8,6,5,1,3,False,0,0
6312.74,card,card_expired,1,3.2,19,20,43,2,False,0,1
12546.28,card,network_timeout,2,3.1,21,0,3,0,False,0,1
9074.05,card,insufficient_funds,1,2.6,4,14,7,0,True,0,1
982.12,card,authentication_failed,1,2.3,9,16,5,0,True,0,1
619.25,card,card_expired,1,0.2,31,6,3,0,False,0,1
650.01,card,high_risk_fraud,1,0.1,6,13,4,1,True,0,1
390.62,card,insufficient_funds,1,2.2,17,19,9,2,True,0,0
1283.57,subscription_mandate,high_risk_fraud,1,5.3,18,13,2,0,False,1,0
3894.07,upi,insufficient_funds,2,0.3,30,13,7,1,False,0,1
2964.2,upi,bank_outage,1,0.6,30,19,6,2,True,0,1
13931.93,upi,insufficient_funds,1,0.7,10,3,21,1,True,0,1
442.47,subscription_mandate,insufficient_funds,2,2.5,18,13,9,0,False,1,1
5651.53,subscription_mandate,authentication_failed,3,0.7,30,18,10,1,False,1,1
463.76,card,card_expired,1,2.4,17,14,8,0,False,0,0
11173.62,upi,insufficient_funds,1,6.8,5,1,4,1,True,0,1
3502.62,card,network_timeout,1,1.5,11,8,2,1,False,0,0
3212.99,subscription_mandate,network_timeout,1,0.3,17,19,6,1,True,1,1
7599.99,card,card_expired,1,1.2,5,21,10,1,False,0,0
1338.79,card,insufficient_funds,2,2.0,18,13,7,3,False,0,1
5088.19,netbanking,bank_outage,1,0.6,22,19,11,0,True,0,1
689.21,upi,card_expired,1,9.4,29,15,19,1,True,0,1
1479.19,upi,network_timeout,1,0.2,15,13,5,0,False,1,1
5281.83,card,card_expired,1,0.8,25,9,2,0,False,0,1
965.43,subscription_mandate,insufficient_funds,1,10.3,30,18,3,2,False,1,1
4954.59,upi,network_timeout,3,0.3,6,7,6,1,True,1,1
2805.75,subscription_mandate,bank_outage,1,4.1,21,19,5,1,True,1,1
5991.83,upi,high_risk_fraud,2,2.3,15,15,5,0,False,1,0
1043.11,netbanking,network_timeout,1,1.7,1,10,3,1,False,0,1
4338.47,upi,insufficient_funds,3,1.3,29,8,9,0,True,0,1
844.02,card,insufficient_funds,1,5.2,3,9,5,0,False,0,1
2582.85,upi,bank_outage,2,3.1,19,7,7,1,True,0,0
1182.92,card,bank_outage,2,2.7,4,15,0,1,False,1,0
13926.65,card,bank_outage,2,4.6,21,10,6,1,True,1,0
3570.89,upi,card_expired,1,3.4,24,17,3,1,False,1,1
1760.18,upi,bank_outage,1,2.1,4,20,3,1,False,0,1
3454.72,upi,authentication_failed,1,0.5,9,19,11,0,False,0,1
1321.79,card,insufficient_funds,2,7.6,22,15,2,0,False,0,1
3128.43,card,bank_outage,1,3.1,5,14,7,2,True,0,1
938.0,card,network_timeout,2,5.9,22,8,12,3,True,0,1
524.07,subscription_mandate,insufficient_funds,3,2.7,23,13,11,0,False,1,0
6019.24,subscription_mandate,authentication_failed,1,3.1,2,11,16,0,False,1,1
771.27,netbanking,insufficient_funds,1,0.7,13,5,2,0,False,0,1
4599.08,card,bank_outage,1,0.4,7,15,3,1,False,1,1
3100.57,card,card_expired,1,1.4,18,1,5,1,True,0,0
3121.5,upi,insufficient_funds,3,5.0,8,11,9,3,True,1,0
1229.49,upi,card_expired,1,1.5,26,16,4,0,False,0,1
3396.84,upi,insufficient_funds,2,2.8,1,12,8,0,False,1,0
6082.5,subscription_mandate,network_timeout,1,11.3,17,15,4,2,True,1,1
2555.49,card,card_expired,1,0.4,30,15,5,1,True,0,0
23637.46,card,card_expired,1,0.6,8,9,9,0,False,1,0
3310.49,card,insufficient_funds,2,1.2,8,11,7,0,False,0,0
2443.35,netbanking,card_expired,1,4.4,19,15,7,1,True,0,0
3881.83,upi,network_timeout,2,0.6,1,10,8,0,False,0,0
1723.92,card,insufficient_funds,1,3.0,28,10,4,0,True,0,1
5828.15,upi,insufficient_funds,1,6.2,10,13,2,0,False,0,0
11261.45,subscription_mandate,insufficient_funds,2,2.4,21,20,15,0,True,1,1
881.14,card,card_expired,2,0.3,10,11,20,1,False,0,0
3239.06,upi,bank_outage,2,2.2,19,9,6,1,False,0,1
4586.79,card,authentication_failed,1,0.7,22,18,4,2,True,1,1
10677.95,card,insufficient_funds,1,2.2,16,10,5,2,True,1,1
967.5,upi,authentication_failed,1,0.0,27,13,6,1,True,0,1
2613.12,upi,insufficient_funds,1,0.3,18,16,15,2,True,0,1
2759.19,card,network_timeout,1,6.4,25,18,2,1,False,0,1
2482.77,upi,card_expired,3,5.2,28,19,2,0,False,0,0
681.34,subscription_mandate,insufficient_funds,1,7.2,22,15,2,0,False,1,0
613.63,subscription_mandate,insufficient_funds,1,0.3,6,17,1,1,False,1,1
4419.06,card,authentication_failed,3,1.8,18,11,3,0,False,0,0
1544.07,upi,insufficient_funds,1,5.1,25,13,8,3,False,0,1
1716.13,card,network_timeout,1,0.4,9,9,7,0,True,0,1
220.74,card,high_risk_fraud,2,1.0,9,17,12,1,True,1,0
2134.18,card,authentication_failed,4,1.2,28,10,5,1,False,0,0
9484.65,upi,bank_outage,1,8.9,19,13,9,0,True,0,1
542.58,subscription_mandate,card_expired,2,3.1,1,13,8,0,True,1,1
1501.89,card,insufficient_funds,2,2.1,22,20,3,0,False,0,0
1396.75,card,bank_outage,1,0.6,6,17,11,0,True,0,1
4014.68,card,card_expired,3,2.9,21,11,13,0,False,1,0
884.41,upi,card_expired,1,7.3,28,14,3,0,False,1,0
2024.35,card,bank_outage,1,7.8,13,12,5,1,True,0,1
2819.19,card,bank_outage,1,2.9,15,13,7,1,True,0,1
4060.96,card,insufficient_funds,1,0.9,12,20,6,2,False,0,1
2631.67,subscription_mandate,bank_outage,1,10.1,15,8,21,0,False,1,1
900.17,card,high_risk_fraud,1,1.4,28,15,4,2,False,0,0
4507.51,card,authentication_failed,1,1.8,16,17,3,3,False,0,1
2421.04,card,insufficient_funds,3,4.9,7,21,9,1,True,0,0
2056.79,card,card_expired,1,0.6,27,16,16,3,True,1,0
1283.81,upi,card_expired,1,0.7,19,12,2,1,False,0,1
5715.94,card,network_timeout,1,1.5,13,16,2,1,False,1,1
3987.33,upi,card_expired,2,1.7,4,14,6,0,False,0,1
1320.78,card,network_timeout,1,4.4,26,15,3,0,False,0,1
821.39,subscription_mandate,bank_outage,1,0.2,22,11,2,3,False,1,1
1561.29,netbanking,high_risk_fraud,1,0.1,26,11,12,0,False,0,0
2379.6,card,bank_outage,1,0.3,28,16,10,0,True,0,1
4966.4,upi,insufficient_funds,2,0.2,12,8,8,1,True,0,1
2548.48,upi,bank_outage,1,3.5,22,13,4,0,True,0,1
3669.3,subscription_mandate,network_timeout,3,2.8,6,8,5,1,False,1,1
1900.29,upi,insufficient_funds,2,0.8,5,4,11,0,True,0,1
2565.89,card,insufficient_funds,1,0.4,8,18,10,2,False,0,1
12674.73,card,insufficient_funds,1,0.6,22,23,0,3,False,1,0
4627.58,upi,insufficient_funds,1,1.7,1,20,7,0,True,1,1
1980.84,card,insufficient_funds,4,2.0,7,1,3,0,False,0,0
11473.32,upi,network_timeout,1,0.4,6,7,6,1,True,0,1
752.55,upi,card_expired,1,8.5,31,19,10,1,False,0,1
4515.62,subscription_mandate,card_expired,1,2.0,30,20,19,0,False,1,1
5365.96,upi,insufficient_funds,2,5.3,1,9,8,0,False,0,1
1845.82,upi,bank_outage,1,6.8,24,18,17,3,True,1,1
2208.98,upi,card_expired,1,0.1,29,17,4,0,True,0,0
2385.94,upi,authentication_failed,2,0.4,2,19,2,1,False,0,1
2419.15,card,authentication_failed,1,1.9,12,15,17,0,True,1,1
1393.15,upi,insufficient_funds,2,0.8,24,3,19,0,True,1,1
4453.29,card,insufficient_funds,1,1.2,4,13,4,0,True,1,1
2101.46,upi,bank_outage,1,1.1,7,15,6,1,False,0,1
2348.98,card,network_timeout,3,6.8,1,19,1,1,False,0,0
1752.84,subscription_mandate,network_timeout,1,8.0,28,10,7,1,True,1,1
8889.84,upi,insufficient_funds,1,0.5,26,18,14,0,True,1,1
2271.48,upi,card_expired,2,0.6,2,15,5,0,False,0,1
250.58,card,authentication_failed,1,0.3,4,17,2,2,False,0,1
709.93,card,insufficient_funds,1,2.5,27,4,4,1,True,0,1
3438.17,card,network_timeout,1,4.6,26,11,7,1,True,0,1
952.27,card,authentication_failed,3,1.4,12,18,2,0,False,0,0
510.35,card,card_expired,1,5.8,25,14,4,0,True,0,1
1545.08,upi,card_expired,2,0.8,22,10,9,0,True,0,0
739.37,card,bank_outage,1,4.3,16,17,3,1,False,1,1
6921.81,upi,card_expired,2,0.6,25,13,13,0,True,0,1
866.3,upi,insufficient_funds,2,6.3,2,9,9,0,True,0,1
1714.74,card,card_expired,1,4.3,18,18,10,0,False,0,1
376.76,card,insufficient_funds,3,5.2,18,9,4,0,True,0,0
27110.87,upi,bank_outage,2,0.3,17,10,2,0,False,0,1
6436.15,card,card_expired,1,2.3,4,13,17,0,True,0,0
3589.84,upi,high_risk_fraud,1,1.4,9,18,5,2,True,0,0
5313.68,subscription_mandate,insufficient_funds,2,5.1,1,11,2,0,False,1,1
8636.1,card,high_risk_fraud,1,5.8,23,8,9,2,False,0,0
1955.8,card,card_expired,1,0.2,13,15,15,0,True,0,1
1855.64,upi,card_expired,1,4.1,15,9,16,3,True,0,1
9714.77,upi,bank_outage,1,5.8,5,1,4,0,False,0,0
851.86,card,network_timeout,1,0.8,27,10,4,2,True,1,1
440.53,card,insufficient_funds,1,4.9,3,12,5,0,True,0,0
2127.16,netbanking,insufficient_funds,2,0.2,26,9,5,0,True,1,1
1867.25,upi,bank_outage,1,1.8,4,15,6,3,False,0,1
4089.46,subscription_mandate,network_timeout,1,2.8,5,8,5,1,False,1,1
1070.98,upi,bank_outage,2,3.1,27,14,6,1,True,0,1
6951.97,upi,insufficient_funds,1,7.9,27,16,7,0,False,0,1
5435.7,upi,bank_outage,2,0.0,14,6,8,0,True,1,1
739.55,upi,bank_outage,1,2.1,15,12,5,1,True,0,1
4241.72,upi,insufficient_funds,1,1.4,11,9,16,1,True,1,1
732.66,subscription_mandate,network_timeout,1,0.3,30,8,4,0,True,1,1
2634.05,upi,bank_outage,1,0.1,17,16,0,0,False,0,1
2197.67,subscription_mandate,authentication_failed,1,5.9,1,7,13,2,True,1,1
270.69,subscription_mandate,bank_outage,1,3.8,30,17,10,2,False,1,1
9945.09,card,card_expired,1,3.4,15,20,3,1,False,1,1
2935.89,card,authentication_failed,2,7.8,25,18,3,3,False,0,1
3860.8,upi,card_expired,3,3.5,2,14,3,2,False,0,0
1273.03,upi,insufficient_funds,1,0.6,3,20,4,0,True,0,1
1802.42,card,authentication_failed,3,4.9,27,10,0,0,False,0,0
1514.22,card,network_timeout,3,3.0,24,13,11,0,False,0,0
497.63,card,insufficient_funds,2,0.9,29,15,9,0,False,1,1
23549.99,upi,authentication_failed,2,5.1,14,17,12,3,True,0,0
4030.91,card,card_expired,1,4.7,31,9,4,2,True,0,0
17719.18,subscription_mandate,insufficient_funds,1,0.1,5,13,1,0,False,1,1
1286.41,netbanking,card_expired,2,1.9,28,13,5,1,True,1,0
716.85,upi,card_expired,1,0.7,20,8,15,1,True,0,1
3779.68,card,bank_outage,2,5.1,2,18,10,2,True,0,1
2498.84,subscription_mandate,card_expired,2,0.4,11,18,5,1,True,1,0
3095.23,card,insufficient_funds,2,1.5,18,21,30,0,True,0,1
14408.77,subscription_mandate,insufficient_funds,1,3.1,24,18,5,0,True,1,1
1718.44,card,insufficient_funds,1,1.9,24,15,2,0,False,0,1
1646.06,card,insufficient_funds,2,0.7,1,10,3,0,False,1,1
1001.15,netbanking,bank_outage,2,3.6,25,12,6,2,True,0,1
2766.61,card,insufficient_funds,1,0.3,29,2,5,2,True,0,1
1363.41,subscription_mandate,insufficient_funds,1,2.5,29,21,8,1,True,1,1
5510.25,card,network_timeout,1,2.6,6,13,7,1,False,0,1
554.58,card,insufficient_funds,1,2.3,26,19,12,1,False,1,1
4492.75,upi,card_expired,1,4.7,27,14,12,0,True,0,0
1576.15,card,network_timeout,1,3.5,8,9,8,0,True,0,1
2002.61,card,card_expired,4,2.2,19,10,5,0,False,0,0
15439.35,card,card_expired,2,1.6,7,11,10,2,True,0,1
2517.66,card,high_risk_fraud,2,3.6,21,11,9,1,True,0,0
1170.92,card,authentication_failed,3,1.4,13,15,1,1,False,1,0
1909.11,card,network_timeout,2,2.0,27,11,6,1,True,0,1
4422.54,card,insufficient_funds,2,1.0,8,10,4,1,False,1,1
1629.42,card,authentication_failed,1,0.5,20,9,13,1,False,1,1
2041.57,card,bank_outage,1,9.8,3,14,12,1,True,0,1
4942.3,card,high_risk_fraud,2,1.3,27,8,1,0,False,0,0
6864.84,card,insufficient_funds,5,3.9,18,20,23,0,False,0,0
1096.92,card,insufficient_funds,1,10.0,5,1,9,1,True,0,1
468.09,card,bank_outage,1,0.8,11,20,16,0,True,0,1
1691.27,upi,insufficient_funds,1,2.1,31,7,2,1,False,0,1
1593.41,card,authentication_failed,2,2.2,26,13,1,0,False,0,1
6978.77,upi,card_expired,1,2.1,27,10,8,0,False,0,0
2945.46,card,bank_outage,2,5.8,19,15,6,0,True,0,1
2291.04,card,high_risk_fraud,4,2.9,28,4,7,2,False,0,0
1669.07,upi,card_expired,1,0.4,10,12,7,0,True,0,1
6933.92,netbanking,insufficient_funds,1,4.6,1,18,15,1,False,0,1
668.8,netbanking,card_expired,1,5.2,15,20,20,1,False,0,0
1429.66,upi,insufficient_funds,2,0.3,8,18,3,2,False,0,1
7270.34,netbanking,insufficient_funds,4,1.6,12,23,5,1,True,0,1
3237.03,upi,insufficient_funds,1,1.0,22,10,6,1,False,0,1
1624.61,upi,insufficient_funds,1,3.6,1,21,8,0,True,0,1
772.07,subscription_mandate,insufficient_funds,2,3.1,13,18,12,3,True,1,1
2772.76,upi,insufficient_funds,1,2.3,15,12,8,0,False,0,1
1369.78,subscription_mandate,authentication_failed,1,1.9,16,11,2,1,False,1,1
2945.41,card,authentication_failed,1,0.5,20,10,10,1,True,0,1
3361.49,subscription_mandate,card_expired,2,0.8,23,11,12,0,True,1,1
8193.27,card,insufficient_funds,1,4.7,1,2,10,2,True,1,0
2145.79,card,high_risk_fraud,2,2.7,14,11,4,2,True,1,0
8183.11,netbanking,insufficient_funds,2,0.8,24,16,8,0,True,1,1
6762.14,card,insufficient_funds,2,1.7,13,10,22,0,False,1,1
1263.8,netbanking,card_expired,3,4.5,2,21,5,2,True,0,0
3276.7,card,network_timeout,3,1.1,22,0,0,2,False,0,1
2640.8,card,network_timeout,1,1.3,29,10,5,1,False,0,1
2392.27,subscription_mandate,card_expired,1,3.7,10,9,6,0,True,1,0
2588.61,card,insufficient_funds,1,0.5,8,19,13,1,True,0,1
17116.88,card,insufficient_funds,1,1.7,28,15,1,0,False,0,1
1013.19,netbanking,network_timeout,1,4.3,28,10,5,0,False,1,1
3402.86,upi,insufficient_funds,4,1.8,13,18,7,2,True,0,1
2512.07,card,card_expired,2,1.7,21,12,11,0,False,0,0
4230.82,upi,network_timeout,1,0.3,11,15,5,0,False,0,1
6468.82,subscription_mandate,network_timeout,1,1.9,20,16,13,2,False,1,1
2323.87,upi,card_expired,1,5.4,22,19,10,0,False,0,1
3306.77,card,network_timeout,1,0.1,7,11,13,0,True,0,0
2662.18,subscription_mandate,high_risk_fraud,2,2.4,12,2,6,1,True,1,0
5101.54,upi,insufficient_funds,3,0.9,20,20,9,1,True,0,1
19009.04,upi,insufficient_funds,2,0.7,5,13,2,1,False,0,1
4009.92,upi,bank_outage,2,0.6,11,20,1,0,False,0,0
1902.35,card,bank_outage,1,2.1,26,18,6,0,False,0,1
7400.26,upi,insufficient_funds,1,3.9,8,19,4,1,True,0,1
2772.02,upi,insufficient_funds,1,0.4,26,13,0,1,False,0,1
597.2,upi,insufficient_funds,2,6.2,15,18,7,0,False,1,0
2753.34,upi,card_expired,1,1.8,29,11,10,2,True,1,1
843.63,card,card_expired,1,2.9,28,13,21,2,True,0,0
2468.75,card,bank_outage,1,0.4,3,20,5,1,True,0,1
7373.9,upi,card_expired,1,0.5,24,16,7,1,True,0,0
534.09,subscription_mandate,insufficient_funds,1,1.7,31,15,6,0,True,1,1
2359.71,upi,authentication_failed,1,0.3,9,22,8,0,True,1,1
2136.04,card,authentication_failed,2,1.6,20,3,12,1,False,0,1
566.98,card,authentication_failed,3,1.8,14,16,2,0,False,1,0
674.68,card,authentication_failed,2,0.4,2,20,5,1,True,1,1
1466.11,upi,insufficient_funds,1,6.5,6,20,9,0,False,0,1
5813.61,card,card_expired,1,1.7,24,11,10,0,True,0,1
1413.57,upi,card_expired,2,0.3,1,18,2,2,False,0,0
7334.82,card,insufficient_funds,2,0.2,14,18,14,1,True,0,1
924.97,card,card_expired,2,0.3,3,21,5,2,True,0,0
3789.26,card,high_risk_fraud,2,1.7,10,13,13,1,True,0,0
3489.85,upi,network_timeout,1,2.3,13,15,6,0,True,0,1
2426.65,subscription_mandate,insufficient_funds,3,5.8,24,13,1,1,False,1,0
5980.41,upi,bank_outage,1,3.2,18,11,14,1,True,1,1
433.11,card,network_timeout,1,8.0,9,10,4,0,True,0,1
3516.14,upi,high_risk_fraud,1,0.0,25,17,3,3,False,0,0
1641.67,card,network_timeout,3,1.7,29,8,5,0,False,0,0
468.73,upi,card_expired,1,2.3,10,11,7,1,False,0,0
1360.04,card,insufficient_funds,2,4.0,28,17,10,1,False,0,1
3860.96,upi,network_timeout,3,14.0,16,13,8,0,True,0,0
938.69,upi,bank_outage,1,7.5,1,18,12,0,True,1,1
9365.36,upi,card_expired,1,2.8,12,10,3,1,False,0,0
6789.82,subscription_mandate,authentication_failed,3,0.5,8,21,4,2,False,1,1
3268.1,upi,bank_outage,4,2.9,31,15,2,1,False,1,1
6004.79,netbanking,insufficient_funds,3,6.9,24,14,0,1,False,0,1
2343.73,upi,insufficient_funds,2,2.3,15,14,11,0,False,0,1
428.18,upi,insufficient_funds,1,2.2,31,10,5,1,False,0,1
4007.33,upi,bank_outage,1,5.4,12,15,8,0,True,0,1
5752.56,subscription_mandate,network_timeout,2,0.1,2,15,2,1,False,1,1
1954.08,card,insufficient_funds,2,3.5,9,13,12,0,True,0,1
1534.52,card,insufficient_funds,1,5.3,27,9,7,0,True,0,1
14858.96,card,insufficient_funds,1,1.3,10,10,0,0,False,1,1
1586.07,card,card_expired,1,4.8,23,18,7,1,True,0,0
5625.9,card,bank_outage,1,4.9,3,11,8,0,True,0,1
6556.78,card,authentication_failed,1,2.0,14,19,6,1,True,0,1
647.19,card,insufficient_funds,2,6.9,1,22,8,1,True,0,1
6296.67,card,bank_outage,4,0.8,2,10,9,2,True,0,1
3646.15,upi,insufficient_funds,3,1.6,11,0,10,2,True,0,1
2256.07,subscription_mandate,insufficient_funds,1,3.6,29,12,12,2,True,1,1
664.05,upi,insufficient_funds,1,0.2,1,11,14,1,True,0,1
3343.95,card,bank_outage,1,1.8,19,18,3,2,False,0,1
9856.53,netbanking,network_timeout,1,1.3,28,3,6,1,True,0,1
1498.33,card,authentication_failed,2,0.2,16,20,1,0,False,0,1
11208.29,upi,card_expired,3,8.1,15,21,2,0,False,0,0
2649.71,subscription_mandate,insufficient_funds,1,3.3,14,14,11,0,False,1,1
2797.94,subscription_mandate,network_timeout,2,2.7,6,16,7,0,False,1,1
2501.95,netbanking,bank_outage,1,5.9,22,8,13,1,True,0,1
8237.71,card,bank_outage,2,2.1,6,3,15,4,False,0,1
486.4,subscription_mandate,insufficient_funds,1,2.2,10,18,6,0,True,1,1
1069.27,upi,insufficient_funds,2,3.8,19,10,7,0,False,0,1
3726.86,card,network_timeout,1,5.5,10,13,9,1,True,1,1
2536.31,card,bank_outage,1,0.3,11,18,11,1,True,0,1
1923.91,card,network_timeout,1,3.1,31,20,10,1,True,1,1
3638.46,card,network_timeout,3,0.1,11,14,2,0,False,0,1
947.84,card,high_risk_fraud,1,1.3,8,9,6,0,True,0,1
13935.69,card,bank_outage,4,1.9,31,18,6,1,True,1,1
5530.9,upi,authentication_failed,1,2.8,29,17,10,2,True,0,1
6141.27,card,insufficient_funds,3,1.2,25,20,10,0,True,0,1
629.12,card,bank_outage,2,1.4,12,19,5,2,True,0,1
6811.32,netbanking,insufficient_funds,1,4.0,16,14,1,1,False,0,1
462.12,netbanking,insufficient_funds,2,1.6,28,21,11,0,False,0,1
871.09,upi,high_risk_fraud,3,4.9,30,7,4,2,True,0,0
1212.84,card,network_timeout,1,1.2,31,17,6,1,True,0,1
2649.21,card,authentication_failed,1,3.9,9,13,0,0,False,0,1
1225.13,card,bank_outage,3,11.9,6,11,9,2,False,0,0
1463.63,upi,card_expired,2,0.9,14,17,2,0,False,0,1
1498.01,upi,insufficient_funds,5,5.4,2,11,7,0,True,1,0
7234.53,card,network_timeout,1,0.0,16,3,4,1,False,1,0
3560.95,netbanking,network_timeout,2,0.4,7,12,11,0,True,0,1
963.67,card,authentication_failed,2,0.1,12,20,1,1,False,0,1
5129.12,card,insufficient_funds,1,0.1,21,21,4,0,True,0,0
4392.43,upi,card_expired,2,1.8,24,10,3,2,False,0,1
5070.38,card,network_timeout,1,4.5,25,19,6,0,True,0,1
2445.57,upi,card_expired,1,1.1,16,18,10,1,True,0,1
1909.37,upi,high_risk_fraud,1,4.1,19,22,9,1,False,0,0
1672.66,subscription_mandate,network_timeout,3,1.3,25,16,5,1,True,1,1
1985.25,netbanking,insufficient_funds,1,1.8,2,9,9,1,False,0,1
5571.79,upi,insufficient_funds,2,1.5,5,18,14,0,True,0,1
2752.43,card,network_timeout,1,2.3,6,21,6,1,False,0,1
3538.27,card,insufficient_funds,1,0.8,29,17,1,0,False,0,1
560.44,upi,card_expired,1,0.6,16,11,8,1,False,1,1
1686.16,card,card_expired,2,4.0,15,8,2,1,False,0,0
1634.11,netbanking,authentication_failed,1,0.5,15,17,4,0,True,1,1
16638.75,upi,insufficient_funds,1,4.7,24,18,2,0,False,0,1
1689.81,upi,insufficient_funds,1,7.0,25,18,8,2,True,1,0
1588.9,card,card_expired,1,6.2,20,0,4,0,False,0,1
5904.88,card,card_expired,1,0.8,19,12,5,1,False,1,1
1221.49,netbanking,card_expired,2,1.7,31,13,6,0,True,1,1
1397.87,subscription_mandate,insufficient_funds,2,2.7,19,14,5,0,True,1,1
3459.73,upi,bank_outage,1,3.8,14,10,3,0,False,1,1
1401.47,netbanking,card_expired,5,0.7,8,17,10,2,True,0,0
2434.77,upi,bank_outage,1,5.5,7,18,19,1,True,0,1
1119.76,card,network_timeout,1,5.7,30,12,5,1,True,0,1
7358.48,upi,high_risk_fraud,1,0.5,1,22,7,1,True,0,0
665.24,subscription_mandate,insufficient_funds,1,1.1,28,17,5,1,True,1,1
888.9,card,bank_outage,1,10.6,27,16,4,1,True,0,1
1336.83,card,bank_outage,1,3.7,14,18,13,1,True,0,1
4494.07,card,bank_outage,1,1.1,17,18,3,0,False,0,1
3017.72,card,card_expired,1,1.5,9,8,10,2,True,1,1
2920.43,upi,authentication_failed,1,3.4,5,17,2,0,False,0,1
5185.18,card,insufficient_funds,1,2.4,19,8,13,1,True,0,1
8151.62,subscription_mandate,card_expired,1,0.2,25,10,3,0,False,1,1
2674.65,card,insufficient_funds,1,3.9,4,12,6,3,True,0,0
1317.36,upi,network_timeout,1,1.3,24,10,7,1,True,0,1
4038.95,card,bank_outage,1,1.4,9,16,2,1,False,0,1
22580.15,subscription_mandate,card_expired,2,2.9,26,19,1,1,False,1,0
4309.28,card,high_risk_fraud,1,0.5,10,15,31,1,True,0,0
2665.76,card,insufficient_funds,1,0.0,30,11,19,2,True,1,1
459.88,subscription_mandate,network_timeout,2,1.6,28,13,5,1,True,1,1
2469.49,upi,bank_outage,1,2.9,10,20,12,1,True,0,1
8156.25,card,network_timeout,2,1.4,4,11,8,0,True,1,0
2168.68,upi,insufficient_funds,1,1.0,21,15,16,0,True,0,0
3366.03,card,bank_outage,1,0.4,20,19,18,0,True,0,1
6931.66,card,insufficient_funds,2,0.6,15,9,4,0,True,1,1
1396.76,subscription_mandate,bank_outage,1,0.7,27,11,1,0,False,1,1
6105.76,card,authentication_failed,1,0.8,18,10,19,1,True,0,1
2585.05,upi,card_expired,1,3.1,15,22,6,1,True,0,1
3508.88,card,card_expired,1,5.9,24,11,9,1,True,0,0
4966.61,card,insufficient_funds,3,2.4,11,10,8,0,True,0,0
1572.06,card,insufficient_funds,4,2.1,3,13,14,0,False,1,1
13836.03,upi,card_expired,2,6.2,16,20,4,0,True,0,0
787.49,card,authentication_failed,2,3.6,10,14,4,1,False,0,1
1422.43,upi,high_risk_fraud,2,8.6,2,11,13,0,True,1,0
1587.4,netbanking,network_timeout,1,6.1,11,14,4,0,False,1,1
7679.41,card,high_risk_fraud,1,2.5,1,5,4,1,True,0,0
2218.56,card,insufficient_funds,1,5.4,20,9,7,0,True,0,1
3230.65,card,authentication_failed,1,4.7,2,18,6,0,False,0,1
650.84,upi,high_risk_fraud,1,1.5,12,13,6,1,True,0,0
699.85,card,insufficient_funds,2,1.0,24,10,2,1,False,0,1
2106.03,upi,bank_outage,1,0.3,4,14,13,0,False,0,1
1120.45,card,insufficient_funds,4,0.5,24,12,10,0,True,1,1
2339.48,card,insufficient_funds,1,0.1,13,15,5,0,False,0,1
776.88,card,card_expired,1,1.1,15,10,5,1,True,0,1
959.73,upi,card_expired,3,0.2,23,7,5,1,True,0,1
3144.51,card,bank_outage,4,0.5,26,19,6,0,True,0,0
1496.07,upi,network_timeout,1,0.1,1,12,4,0,True,0,1
2331.32,netbanking,authentication_failed,1,7.1,17,20,7,0,False,0,1
8134.42,card,insufficient_funds,1,0.2,13,10,11,0,True,0,1
535.47,upi,authentication_failed,1,2.8,22,19,23,0,True,0,1
2427.92,upi,insufficient_funds,1,9.1,15,14,9,0,True,1,1
2613.51,netbanking,insufficient_funds,1,1.9,6,9,9,0,True,0,0
1432.92,card,network_timeout,2,5.2,6,20,8,0,True,0,1
418.46,card,bank_outage,3,3.5,27,16,12,0,False,0,1
1502.37,card,card_expired,4,2.1,24,20,17,1,True,1,0
755.2,card,insufficient_funds,1,0.1,12,13,5,0,True,1,1
7182.98,card,insufficient_funds,2,5.6,7,18,6,0,False,0,1
3529.23,upi,network_timeout,1,0.3,13,9,9,0,False,1,1
1580.19,card,insufficient_funds,2,4.2,29,17,9,4,True,1,1
5286.07,card,insufficient_funds,1,2.5,13,0,3,0,False,0,0
811.92,upi,insufficient_funds,2,0.3,29,12,3,2,False,1,1
2003.9,card,high_risk_fraud,1,0.3,31,17,3,3,False,0,0
10704.44,upi,authentication_failed,3,0.5,6,16,2,0,False,0,0
5513.58,upi,card_expired,1,0.0,4,5,2,0,False,1,0
2521.23,card,insufficient_funds,3,0.7,15,12,6,1,False,0,1
1378.54,upi,card_expired,1,0.2,26,8,7,1,True,0,0
3116.07,upi,insufficient_funds,1,2.0,10,12,3,1,False,0,1
2282.33,netbanking,insufficient_funds,1,1.5,13,9,3,0,False,0,1
2742.64,subscription_mandate,card_expired,1,0.3,16,11,14,3,False,1,1
1348.61,netbanking,bank_outage,1,6.8,31,18,14,4,True,0,1
3262.39,card,bank_outage,1,8.5,24,20,5,0,True,0,1
1123.68,upi,insufficient_funds,2,1.9,8,8,7,1,True,0,1
2023.66,upi,bank_outage,1,2.1,19,17,7,1,False,0,1
1177.26,subscription_mandate,network_timeout,1,5.8,28,9,0,1,False,1,1
2201.58,upi,insufficient_funds,3,1.4,18,21,13,0,False,0,1
1671.61,card,bank_outage,1,5.3,14,13,3,1,False,0,1
1502.1,upi,bank_outage,1,0.6,8,14,11,0,False,1,1
5752.4,upi,card_expired,1,0.9,2,10,2,1,False,0,1
2014.02,subscription_mandate,bank_outage,1,0.2,18,7,0,0,False,1,1
992.62,upi,insufficient_funds,4,0.7,31,11,4,0,False,0,1
2583.21,card,insufficient_funds,2,1.7,30,14,3,2,False,1,1
2271.85,card,authentication_failed,4,1.3,17,15,5,0,True,0,1
2032.36,upi,insufficient_funds,1,0.5,10,12,2,1,False,0,1
1425.7,subscription_mandate,card_expired,1,1.9,11,21,10,1,True,1,1
3676.63,netbanking,insufficient_funds,1,5.5,30,8,3,1,False,0,1
1714.16,card,card_expired,2,1.1,19,9,3,1,False,0,0
2341.34,card,card_expired,2,0.7,2,11,5,0,False,0,0
8910.95,upi,card_expired,1,4.8,7,10,7,2,True,0,1
1654.34,netbanking,card_expired,2,0.5,18,13,4,0,False,0,1
3967.43,card,insufficient_funds,1,1.8,10,11,9,2,False,0,1
5411.39,card,network_timeout,1,0.7,12,9,2,1,False,1,1
1452.18,card,authentication_failed,1,3.6,23,10,2,0,False,0,1
16008.68,upi,insufficient_funds,1,0.1,25,15,4,0,False,0,1
8210.41,card,authentication_failed,1,2.0,13,6,5,0,False,0,1
196.77,card,insufficient_funds,1,11.7,15,20,2,0,False,0,0
633.56,upi,bank_outage,1,2.8,3,8,3,0,False,0,1
241.68,card,insufficient_funds,5,2.9,12,4,8,0,False,1,1
2036.88,card,insufficient_funds,1,11.0,12,21,6,0,True,0,1
3061.7,upi,card_expired,1,0.8,8,17,0,1,False,0,0
2155.6,upi,high_risk_fraud,2,2.6,19,15,4,1,False,0,1
1006.78,upi,card_expired,2,5.1,17,18,8,0,False,0,1
14222.87,card,insufficient_funds,1,1.2,24,11,5,0,True,0,1
2209.19,upi,authentication_failed,1,0.6,5,22,8,0,True,1,1
15464.25,card,insufficient_funds,1,7.1,23,8,2,1,False,1,1
1021.24,subscription_mandate,bank_outage,1,5.2,24,8,9,1,True,1,1
897.79,card,insufficient_funds,2,0.5,25,18,3,2,False,0,0
1438.71,card,network_timeout,1,3.6,23,16,3,2,False,0,1
923.6,card,network_timeout,1,4.9,15,10,2,1,False,1,0
1554.3,card,insufficient_funds,1,1.1,8,13,16,0,True,0,1
361.95,upi,card_expired,1,0.8,1,16,3,0,False,0,0
1187.69,upi,insufficient_funds,4,0.0,19,6,14,0,True,0,1
1030.75,subscription_mandate,insufficient_funds,3,5.4,4,8,7,0,True,1,1
707.14,card,network_timeout,2,4.1,5,21,1,0,False,0,1
813.19,card,insufficient_funds,3,1.9,21,18,3,0,False,0,0
4169.87,card,insufficient_funds,2,0.2,9,17,7,1,False,0,0
1971.44,card,insufficient_funds,1,1.3,15,17,7,1,True,0,1
433.42,upi,card_expired,2,0.8,8,12,3,2,False,0,0
2026.13,subscription_mandate,bank_outage,1,1.8,14,14,3,0,False,1,1
1023.39,card,bank_outage,1,3.4,30,10,7,3,True,0,0
1603.83,card,insufficient_funds,2,0.4,22,14,6,1,True,0,1
1587.23,subscription_mandate,insufficient_funds,1,5.7,20,4,2,1,False,1,0
4967.82,card,bank_outage,2,1.8,12,10,5,1,True,0,1
1044.8,upi,network_timeout,1,2.5,6,19,11,2,True,0,1
2835.42,upi,insufficient_funds,1,3.5,19,18,13,0,True,0,0
2369.02,subscription_mandate,network_timeout,4,3.2,30,10,7,0,True,1,0
1134.32,netbanking,insufficient_funds,1,0.4,31,14,9,2,False,1,1
946.37,card,insufficient_funds,4,1.1,16,21,7,2,True,0,1
2514.06,upi,insufficient_funds,1,1.4,31,15,8,3,True,1,0
503.27,card,card_expired,2,1.0,29,14,13,0,True,0,1
1863.7,card,card_expired,1,1.4,5,7,4,1,True,0,1
1730.9,upi,card_expired,1,0.7,18,16,10,0,True,0,1
677.46,card,authentication_failed,1,0.1,5,11,9,2,True,0,1
1055.34,upi,insufficient_funds,1,1.1,25,18,0,1,False,0,0
2552.41,card,network_timeout,1,0.7,3,11,6,0,False,0,1
4226.21,upi,bank_outage,3,1.0,5,19,7,0,True,1,1
1290.16,upi,bank_outage,1,2.6,18,11,1,1,False,0,1
8174.37,card,bank_outage,1,0.6,23,8,6,0,False,0,1
2149.21,upi,insufficient_funds,5,0.3,6,13,5,0,False,0,0
1304.8,subscription_mandate,network_timeout,1,0.3,9,15,4,0,True,1,1
1526.87,card,insufficient_funds,2,6.4,12,9,2,0,False,1,1
6729.01,card,card_expired,2,0.4,14,17,10,0,False,0,0
3767.11,subscription_mandate,insufficient_funds,2,2.7,21,20,1,0,False,1,0
1157.97,subscription_mandate,authentication_failed,1,0.7,12,20,9,3,True,1,1
2924.54,card,bank_outage,1,2.7,24,19,6,1,False,0,1
3236.3,card,card_expired,1,1.9,30,11,14,3,True,0,0
2169.59,upi,bank_outage,1,2.4,1,2,7,1,True,1,1
2996.89,card,insufficient_funds,1,7.1,20,18,8,1,True,0,1
1931.1,card,high_risk_fraud,1,2.7,23,2,10,0,True,0,0
1341.36,upi,authentication_failed,3,2.8,30,18,2,0,False,0,0
275.62,upi,network_timeout,1,0.5,16,11,12,2,True,0,1
2102.55,card,card_expired,1,1.2,14,0,5,0,False,0,0
2036.77,upi,network_timeout,1,3.6,14,14,4,0,False,0,1
800.34,netbanking,insufficient_funds,1,12.4,30,8,15,0,True,1,1
2559.6,upi,bank_outage,1,4.9,2,13,8,0,False,1,1
2605.97,netbanking,insufficient_funds,2,0.9,14,3,11,1,False,1,1
5160.72,subscription_mandate,card_expired,1,2.4,2,21,15,4,True,1,0
2721.16,upi,card_expired,3,2.0,9,18,5,0,True,1,0
3568.27,upi,network_timeout,3,1.6,19,18,11,0,False,0,1
4707.81,card,bank_outage,1,7.7,13,16,1,0,False,0,0
4383.8,netbanking,insufficient_funds,1,2.0,17,7,11,0,True,0,0
4225.75,subscription_mandate,bank_outage,1,0.8,6,10,0,0,False,1,1
7038.31,subscription_mandate,network_timeout,2,3.2,21,15,1,1,False,1,1
7028.55,card,bank_outage,3,4.3,16,18,8,4,False,0,0
819.88,subscription_mandate,card_expired,3,8.5,8,7,10,0,True,1,0
6581.36,card,network_timeout,1,1.2,30,7,2,1,False,1,0
3678.09,card,insufficient_funds,1,1.9,12,20,8,1,True,0,0
1147.26,upi,authentication_failed,4,1.0,17,19,2,1,False,0,1
4983.46,netbanking,card_expired,2,1.1,20,10,5,0,True,1,0
1540.97,upi,network_timeout,2,0.1,24,9,5,0,False,0,1
3905.48,upi,insufficient_funds,1,1.6,13,14,14,1,True,0,0
3067.47,subscription_mandate,card_expired,4,2.0,6,9,1,1,False,1,0
3513.88,card,insufficient_funds,1,4.6,7,18,5,0,True,1,1
1995.9,card,network_timeout,2,0.2,12,10,4,2,True,0,1
2657.09,card,bank_outage,1,0.3,2,17,2,0,False,0,1
2253.8,upi,card_expired,1,3.2,7,18,6,0,True,0,1
4032.35,card,network_timeout,1,2.7,9,19,9,1,False,0,1
366.58,card,insufficient_funds,2,0.2,17,10,1,0,False,0,0
849.62,subscription_mandate,insufficient_funds,1,0.1,25,10,2,1,False,1,0
898.77,card,authentication_failed,1,5.1,25,0,6,0,False,0,1
1877.69,card,network_timeout,4,0.6,16,17,6,1,True,0,1
1414.63,card,insufficient_funds,1,0.1,20,17,9,0,True,0,1
667.42,subscription_mandate,insufficient_funds,1,0.5,30,19,11,2,True,1,1
431.8,upi,insufficient_funds,2,1.3,20,13,11,0,False,0,1
4169.04,card,insufficient_funds,1,1.5,9,17,6,0,True,1,1
1725.28,upi,network_timeout,2,1.3,24,17,11,1,True,1,1
8733.07,netbanking,insufficient_funds,1,1.1,2,13,19,1,True,0,1
3316.36,card,bank_outage,3,5.4,3,18,5,0,True,0,1
3113.68,card,insufficient_funds,1,0.1,9,11,9,2,True,0,1
2708.38,upi,card_expired,2,4.9,12,18,1,0,False,0,0
1339.27,card,authentication_failed,1,4.1,24,8,4,0,False,0,1
3022.35,card,insufficient_funds,1,3.2,10,22,7,1,True,0,1
15974.21,card,bank_outage,1,1.5,19,13,7,2,True,1,1
856.2,card,insufficient_funds,1,0.7,4,20,5,0,True,1,1
1948.8,upi,insufficient_funds,3,0.2,12,0,1,0,False,0,1
6363.85,upi,insufficient_funds,1,1.5,18,12,5,0,True,0,1
2515.66,subscription_mandate,card_expired,2,6.2,2,14,3,1,False,1,0
3165.96,card,authentication_failed,1,4.7,8,9,16,0,True,0,1
3227.46,card,card_expired,1,0.1,19,16,3,0,False,0,0
531.88,card,insufficient_funds,1,0.9,8,17,14,1,True,1,1
9025.21,card,insufficient_funds,1,0.6,31,10,7,0,True,1,1
3539.04,card,card_expired,1,0.7,23,11,13,2,True,0,1
546.85,upi,network_timeout,1,14.0,19,16,9,1,True,0,1
588.99,card,insufficient_funds,2,2.0,26,14,5,1,False,0,1
1823.71,card,insufficient_funds,2,1.1,11,10,12,1,True,0,1
295.01,card,insufficient_funds,1,1.1,9,10,4,1,False,0,1
3108.59,card,card_expired,2,4.5,14,15,5,0,False,1,0
2287.03,card,card_expired,1,1.5,14,2,6,2,True,0,1
6483.95,upi,insufficient_funds,3,3.3,30,4,2,0,False,1,1
1596.26,card,insufficient_funds,4,5.8,18,11,11,1,False,0,0
3934.53,netbanking,card_expired,1,1.4,25,15,3,4,False,0,0
13060.95,upi,insufficient_funds,1,1.4,30,14,5,1,False,1,1
16581.68,upi,insufficient_funds,1,1.4,7,17,1,0,False,0,1
1633.31,upi,card_expired,2,0.1,7,18,7,0,False,0,1
4760.31,card,network_timeout,2,2.2,15,19,6,0,True,1,1
2602.8,upi,network_timeout,5,1.4,13,19,15,0,False,0,0
1055.07,card,network_timeout,1,1.7,7,8,6,1,True,0,1
736.07,upi,bank_outage,1,12.1,14,19,6,0,False,0,1
3313.33,card,bank_outage,1,1.2,20,10,3,1,False,0,1
2754.23,card,insufficient_funds,1,1.8,15,12,12,0,False,1,1
1513.06,card,insufficient_funds,3,0.8,19,0,1,1,False,0,1
12353.69,subscription_mandate,insufficient_funds,1,12.7,25,17,3,0,False,1,1
2681.46,card,card_expired,1,1.2,7,21,4,0,True,0,0
7046.76,upi,card_expired,1,1.2,13,21,13,0,False,0,1
7520.77,card,card_expired,1,1.0,20,13,2,2,False,0,1
1210.72,subscription_mandate,insufficient_funds,4,0.4,24,7,13,2,False,1,0
1180.14,card,card_expired,1,2.1,1,15,1,1,False,0,1
10200.66,upi,bank_outage,1,3.9,2,20,4,0,False,0,1
6809.1,netbanking,bank_outage,4,0.7,9,11,13,1,True,0,1
1531.17,subscription_mandate,authentication_failed,1,1.7,13,16,13,0,True,1,1
1779.62,card,bank_outage,1,2.5,6,11,4,1,True,0,1
757.61,upi,high_risk_fraud,2,13.7,20,18,14,2,False,0,0
6809.07,card,network_timeout,1,2.9,29,11,0,0,False,0,1
3675.37,card,insufficient_funds,1,2.3,19,10,6,2,False,0,0
1454.34,card,card_expired,1,3.5,3,9,3,0,False,1,1
5633.85,upi,insufficient_funds,1,6.8,22,13,15,1,True,0,1
1934.16,upi,insufficient_funds,2,1.1,3,8,18,1,True,1,1
4049.75,card,network_timeout,1,0.7,18,9,15,1,True,0,1
3660.39,upi,network_timeout,1,0.6,28,12,1,0,False,0,1
1266.98,card,insufficient_funds,1,3.4,26,21,15,1,True,0,1
4147.35,upi,bank_outage,1,3.6,3,10,6,0,False,0,0
827.3,subscription_mandate,network_timeout,1,2.2,3,11,10,0,False,1,1
3868.92,upi,authentication_failed,1,1.0,30,10,9,0,True,0,1
480.24,upi,bank_outage,1,2.3,12,17,10,0,True,1,1
1194.82,card,card_expired,2,1.9,1,12,8,2,False,0,0
3325.03,subscription_mandate,card_expired,1,7.7,18,9,3,0,False,1,1
6003.74,upi,authentication_failed,3,4.2,23,19,6,3,True,0,0
1898.04,card,insufficient_funds,1,1.7,28,17,0,1,False,0,0
1940.67,netbanking,network_timeout,1,1.0,27,14,3,1,False,0,1
641.7,card,card_expired,1,12.8,3,20,6,2,False,0,0
733.8,card,insufficient_funds,2,0.2,22,13,4,0,True,0,1
5470.41,upi,bank_outage,1,0.5,26,15,0,1,False,0,0
1120.88,netbanking,bank_outage,2,0.4,22,7,5,0,False,0,1
7968.81,upi,network_timeout,1,2.4,23,6,8,2,True,0,1
3969.99,upi,card_expired,1,5.8,3,16,4,0,True,0,1
2011.35,card,card_expired,2,1.2,24,23,2,0,False,0,0
1963.61,card,insufficient_funds,1,2.6,3,15,5,2,True,0,1
2088.23,upi,insufficient_funds,4,0.6,28,16,8,1,True,1,1
1434.8,card,network_timeout,3,3.1,17,16,4,0,True,0,1
3960.91,card,network_timeout,3,2.9,24,5,6,1,True,0,1
1485.87,upi,network_timeout,1,2.1,1,5,4,1,True,0,1
7592.18,card,high_risk_fraud,2,2.1,7,15,4,0,True,0,0
1301.39,upi,bank_outage,2,1.3,24,12,8,0,False,0,1
1750.8,card,insufficient_funds,1,1.0,22,20,11,0,True,0,1
3216.48,card,card_expired,2,1.8,17,10,2,0,False,0,0
3304.86,card,insufficient_funds,1,1.5,31,9,4,1,False,1,1
1190.45,card,bank_outage,1,3.4,18,12,6,1,False,1,0
5625.0,card,authentication_failed,4,4.5,13,20,11,1,True,0,0
2410.82,card,card_expired,1,1.1,16,18,19,2,True,0,0
2507.44,card,bank_outage,1,5.2,19,20,5,2,False,0,1
3139.45,upi,card_expired,1,0.7,14,15,13,1,False,1,0
20369.29,upi,network_timeout,1,2.7,11,21,8,0,True,0,1
1870.48,upi,insufficient_funds,1,3.6,27,14,8,4,True,0,1
2356.69,subscription_mandate,bank_outage,2,1.5,21,11,22,1,True,1,1
1834.77,card,insufficient_funds,3,3.5,28,13,3,2,False,0,0
5438.85,upi,card_expired,1,1.0,3,8,8,0,False,0,0
5333.02,upi,high_risk_fraud,1,4.0,31,10,2,0,False,0,0
362.08,netbanking,authentication_failed,2,1.2,29,13,3,0,False,0,1
1640.44,upi,network_timeout,1,2.5,16,10,8,3,False,0,1
2860.8,upi,card_expired,1,5.0,15,17,6,2,True,0,1
3600.08,card,insufficient_funds,4,8.3,29,19,0,4,False,0,1
11141.86,card,card_expired,4,1.8,18,9,6,1,True,0,0
2294.38,card,bank_outage,1,5.7,23,19,12,1,True,0,1
1837.24,upi,bank_outage,1,1.5,8,2,3,2,False,0,1
3040.0,subscription_mandate,authentication_failed,2,0.6,15,10,6,3,False,1,0
881.35,subscription_mandate,network_timeout,1,3.9,5,10,12,0,True,1,1
2212.46,netbanking,card_expired,2,0.1,2,23,7,1,True,0,0
1004.32,upi,authentication_failed,1,3.8,26,16,9,0,False,0,1
2511.25,upi,high_risk_fraud,3,6.5,28,10,8,2,True,1,0
9631.51,card,authentication_failed,2,1.8,2,1,12,2,True,1,0
6683.66,netbanking,card_expired,1,2.9,30,8,12,0,False,1,0
738.82,upi,network_timeout,1,5.1,14,15,0,0,False,0,1
4410.92,card,authentication_failed,1,2.0,28,23,14,0,True,1,1
1199.16,upi,bank_outage,2,3.3,1,16,11,0,False,0,1
954.16,upi,card_expired,2,5.7,5,14,4,1,False,0,0
1736.98,netbanking,network_timeout,2,10.7,11,10,14,0,False,0,1
1405.6,upi,insufficient_funds,1,3.4,14,10,6,1,False,1,1
7815.93,upi,card_expired,2,1.3,23,12,17,0,False,0,1
1070.34,card,bank_outage,2,0.5,4,8,20,0,True,0,1
2765.8,upi,card_expired,1,1.8,10,20,2,1,False,0,1
518.81,upi,card_expired,3,0.5,13,17,10,0,False,0,0
2630.1,card,card_expired,1,1.3,12,3,4,1,True,0,1
1666.42,card,card_expired,3,4.1,2,18,6,2,True,1,1
929.51,subscription_mandate,insufficient_funds,1,13.6,14,20,4,0,True,1,1
2549.13,card,insufficient_funds,2,3.1,19,15,5,0,False,0,1
23530.33,card,insufficient_funds,2,1.4,24,13,5,1,True,1,1
641.64,subscription_mandate,bank_outage,2,0.1,2,4,4,1,False,1,1
362.84,card,network_timeout,3,0.5,21,22,11,1,True,1,1
3172.84,subscription_mandate,high_risk_fraud,1,1.0,20,14,9,0,False,1,0
3788.03,upi,bank_outage,1,0.4,25,13,9,2,True,0,1
6944.9,card,bank_outage,1,0.1,21,23,9,2,True,0,1
3048.84,upi,insufficient_funds,1,1.6,14,8,5,0,False,0,1
8944.46,subscription_mandate,card_expired,2,4.0,29,14,4,2,False,1,0
806.5,subscription_mandate,network_timeout,2,1.5,23,8,13,1,False,1,1
1582.16,upi,insufficient_funds,1,0.3,16,12,0,1,False,0,0
3949.19,upi,network_timeout,1,1.1,27,6,5,0,False,0,1
12537.17,upi,bank_outage,2,2.7,21,6,2,3,False,0,1
15335.13,upi,high_risk_fraud,4,3.6,29,18,9,0,True,0,0
6987.23,subscription_mandate,insufficient_funds,1,0.4,4,14,14,1,True,1,1
7476.78,card,insufficient_funds,2,4.7,14,11,5,1,False,0,0
2928.72,card,insufficient_funds,1,4.3,30,11,3,0,False,0,0
12251.06,upi,bank_outage,1,0.2,17,20,4,1,False,0,1
776.48,card,insufficient_funds,1,0.4,18,13,11,0,True,1,1
2764.02,card,card_expired,2,0.7,4,11,2,1,False,1,0
4779.87,upi,bank_outage,1,0.4,10,21,3,0,False,0,1
1207.79,card,network_timeout,1,3.4,19,10,5,0,True,1,1
2925.84,card,insufficient_funds,1,2.5,26,12,4,0,True,0,1
835.83,card,bank_outage,1,4.4,27,22,18,0,True,1,0
5647.97,card,network_timeout,3,0.3,29,17,18,0,True,0,1
5102.1,netbanking,network_timeout,2,4.7,6,7,6,1,True,0,1
856.14,upi,authentication_failed,1,1.4,28,19,5,0,True,0,1
1434.41,upi,card_expired,1,2.5,31,17,12,0,True,0,0
2709.37,card,insufficient_funds,3,2.3,10,5,15,1,False,0,0
8701.41,upi,network_timeout,1,3.8,4,8,8,2,False,0,1
4034.0,upi,insufficient_funds,4,4.5,3,19,9,2,False,0,0
19791.12,card,insufficient_funds,1,3.8,3,0,7,1,True,0,1
3423.46,upi,insufficient_funds,1,2.3,22,18,3,2,False,1,1
8600.69,netbanking,insufficient_funds,1,0.7,7,12,3,2,False,0,1
5421.75,upi,insufficient_funds,2,2.9,6,15,12,0,True,0,1
2535.33,upi,card_expired,1,1.9,29,1,7,1,False,0,0
1563.39,netbanking,network_timeout,1,4.6,19,17,8,0,True,0,1
4431.74,upi,high_risk_fraud,1,0.8,30,17,1,1,False,0,0
772.51,upi,authentication_failed,1,0.8,25,14,18,0,True,0,1
515.95,subscription_mandate,network_timeout,1,1.0,7,17,2,0,False,1,1
2017.27,card,network_timeout,2,0.7,19,6,5,0,True,0,0
2619.1,upi,card_expired,1,7.9,15,10,7,1,True,0,0
1382.11,card,insufficient_funds,1,6.7,30,10,14,1,False,0,1
7595.41,card,card_expired,1,2.7,8,14,6,0,True,1,1
5076.39,upi,insufficient_funds,1,1.4,29,14,9,0,True,1,1
7238.54,card,authentication_failed,1,5.1,5,6,5,0,False,0,0
935.82,card,insufficient_funds,2,3.3,23,17,1,0,False,0,1
6323.29,upi,bank_outage,1,3.9,14,13,4,0,True,0,1
1516.15,upi,insufficient_funds,3,2.4,27,9,2,0,False,1,1
1266.68,netbanking,bank_outage,1,0.2,27,10,17,3,False,1,0
698.9,card,network_timeout,2,0.6,9,13,8,1,True,1,1
1510.5,card,authentication_failed,1,4.6,1,15,3,0,False,1,1
10042.17,card,insufficient_funds,2,0.5,24,15,5,0,True,0,1
539.14,upi,card_expired,1,4.0,13,16,1,0,False,1,1
7061.89,subscription_mandate,insufficient_funds,1,0.8,31,21,5,0,True,1,1
3101.39,card,authentication_failed,1,9.3,31,19,6,1,True,1,1
1161.58,upi,insufficient_funds,2,5.7,9,20,5,0,True,0,0
1383.16,card,card_expired,3,2.2,15,20,6,2,False,0,0
26910.15,card,card_expired,1,2.7,18,18,4,1,True,1,1
2402.48,upi,insufficient_funds,1,0.6,20,17,5,1,False,0,1
373.57,upi,high_risk_fraud,2,5.3,2,8,13,2,True,0,0
2301.12,card,insufficient_funds,1,0.9,12,16,11,1,True,0,1
2536.35,card,insufficient_funds,4,1.3,10,18,5,2,True,0,0
1329.43,upi,insufficient_funds,2,4.4,4,8,7,0,True,1,1
2865.92,card,bank_outage,4,3.9,21,11,0,0,False,0,0
2415.94,card,network_timeout,2,4.6,13,7,24,0,True,1,1
3822.72,card,high_risk_fraud,2,3.9,21,9,10,1,True,1,0
878.1,card,card_expired,1,0.2,27,11,18,0,True,0,1
8592.05,card,card_expired,1,0.8,20,15,6,0,False,1,1
1798.23,upi,insufficient_funds,4,8.3,26,11,8,1,True,1,1
1076.92,upi,bank_outage,1,0.1,4,14,6,0,False,1,1
2445.37,netbanking,authentication_failed,1,2.4,13,20,0,0,False,0,1
3287.5,netbanking,insufficient_funds,1,2.5,13,19,10,0,False,0,1
1475.99,upi,network_timeout,1,0.0,9,10,5,1,False,0,1
4017.28,card,insufficient_funds,2,4.7,27,13,6,0,True,0,1
1361.39,upi,authentication_failed,2,0.4,5,10,5,1,False,0,0
1638.9,card,authentication_failed,4,3.0,7,18,15,0,True,0,0
338.68,card,insufficient_funds,1,0.4,28,7,7,0,True,0,1
1157.29,card,insufficient_funds,2,10.1,7,11,0,0,False,0,1
2287.27,card,insufficient_funds,1,0.1,27,20,6,1,True,0,0
898.36,card,insufficient_funds,2,3.3,6,15,8,0,True,1,1
397.31,card,bank_outage,1,0.1,10,13,8,0,False,0,1
1875.88,subscription_mandate,insufficient_funds,1,1.8,27,5,3,0,False,1,1
2857.66,upi,insufficient_funds,1,1.0,15,23,11,1,False,0,1
4454.87,card,card_expired,1,0.2,31,10,1,0,False,0,0
786.68,upi,insufficient_funds,4,10.5,28,13,16,0,False,1,0
2294.32,netbanking,authentication_failed,3,0.7,25,13,6,1,True,0,1
3154.61,card,network_timeout,1,1.2,5,21,2,1,False,0,1
2529.78,subscription_mandate,insufficient_funds,1,0.8,30,13,13,0,False,1,1
2887.51,upi,authentication_failed,1,2.5,17,15,10,0,True,1,1
803.38,upi,insufficient_funds,1,1.9,15,2,13,2,True,0,1
2291.96,upi,insufficient_funds,1,3.4,24,9,15,0,True,0,1
3707.06,upi,network_timeout,4,2.5,23,9,2,1,False,1,0
862.54,upi,insufficient_funds,1,0.3,6,20,10,1,False,0,1
3314.7,upi,card_expired,3,2.2,2,15,6,2,True,0,0
1324.85,card,insufficient_funds,2,2.6,28,20,6,0,False,0,1
9783.26,upi,high_risk_fraud,1,2.9,23,15,7,1,True,0,0
1056.21,upi,card_expired,1,2.0,29,6,5,1,True,0,0
6711.07,card,card_expired,2,1.9,19,9,1,3,False,0,0
955.0,card,insufficient_funds,1,0.9,3,4,16,1,False,1,1
3136.68,upi,high_risk_fraud,2,2.5,1,4,5,2,True,0,0
5328.59,upi,bank_outage,2,2.9,17,11,1,1,False,0,1
2463.6,card,insufficient_funds,2,3.6,30,16,0,2,False,0,1
526.39,upi,insufficient_funds,1,1.3,25,21,1,0,False,1,0
1562.54,card,insufficient_funds,1,0.3,13,20,10,0,True,0,1
777.72,card,card_expired,1,2.6,24,4,5,1,True,0,1
112.52,card,network_timeout,2,2.6,4,11,15,0,True,0,1
1951.04,upi,card_expired,1,0.8,29,23,6,0,False,1,1
2167.2,upi,bank_outage,1,3.5,7,10,17,0,True,0,1
1013.68,upi,authentication_failed,1,2.0,16,8,10,0,True,1,0
2236.29,upi,insufficient_funds,3,2.3,18,10,7,1,True,0,0
4415.07,card,card_expired,2,9.4,13,17,16,1,True,1,1
4284.0,upi,insufficient_funds,2,4.4,21,20,2,2,False,0,1
1449.58,upi,card_expired,2,5.2,10,15,3,0,False,0,0
1439.46,card,insufficient_funds,3,5.4,31,3,8,0,False,0,1
8666.4,card,authentication_failed,3,1.5,24,18,1,0,False,0,1
1413.8,subscription_mandate,insufficient_funds,1,0.6,22,16,3,0,False,1,1
4621.57,upi,card_expired,1,1.4,26,12,6,1,False,0,0
4504.29,card,bank_outage,1,1.8,20,13,22,2,False,0,1
8085.07,upi,card_expired,1,0.9,19,18,7,1,False,0,0
1575.26,upi,card_expired,1,2.6,26,13,15,1,False,1,1
4447.32,card,network_timeout,2,0.4,29,14,5,0,False,0,1
563.28,subscription_mandate,bank_outage,1,0.8,17,17,5,0,True,1,1
730.99,upi,authentication_failed,2,1.5,1,19,14,2,False,0,1
5856.18,card,card_expired,1,1.6,5,18,5,0,False,0,1
1987.02,upi,insufficient_funds,1,8.9,12,12,4,2,True,0,1
565.96,netbanking,high_risk_fraud,2,6.0,31,10,6,0,True,0,0
361.27,card,network_timeout,1,7.9,31,6,13,1,False,0,1
5325.84,upi,bank_outage,1,0.3,23,11,3,2,False,0,1
883.49,card,card_expired,2,9.4,17,11,1,2,False,1,0
2532.66,subscription_mandate,insufficient_funds,2,7.6,27,19,15,1,True,1,1
2333.92,netbanking,bank_outage,1,0.4,28,15,0,0,False,0,1
2400.85,upi,network_timeout,1,1.1,14,19,3,0,False,0,1
2623.34,card,card_expired,1,0.9,14,16,1,1,False,0,0
2684.13,upi,card_expired,1,6.3,6,11,5,1,True,1,0
7160.2,subscription_mandate,network_timeout,1,0.4,29,10,10,0,True,1,1
2315.62,card,bank_outage,1,0.7,12,15,14,0,True,0,1
2311.99,subscription_mandate,insufficient_funds,2,2.1,15,12,9,1,True,1,1
1357.42,upi,insufficient_funds,3,0.3,1,22,4,0,True,1,1
2170.13,card,network_timeout,4,2.3,4,11,5,2,False,0,1
2513.75,subscription_mandate,authentication_failed,1,6.2,14,17,4,1,False,1,1
1065.66,subscription_mandate,insufficient_funds,4,3.0,22,16,13,0,False,1,1
1874.4,upi,network_timeout,1,0.4,20,19,2,0,False,0,1
3763.25,card,insufficient_funds,2,0.2,21,4,3,0,False,0,1
2335.0,upi,bank_outage,1,0.9,12,13,6,0,True,0,1
2769.51,upi,network_timeout,2,3.8,29,13,10,3,False,0,1
43209.64,card,insufficient_funds,2,0.1,4,12,8,0,True,1,1
10582.57,card,high_risk_fraud,1,0.5,30,19,9,2,False,0,0
4094.13,upi,card_expired,1,3.0,28,18,6,1,False,1,1
666.93,subscription_mandate,authentication_failed,1,14.0,17,14,7,1,False,1,1
8469.38,card,authentication_failed,1,2.2,12,21,7,0,True,0,0
3627.05,upi,insufficient_funds,1,2.1,1,12,11,1,True,0,1
778.12,upi,insufficient_funds,2,0.8,30,12,8,0,False,0,1
4590.39,upi,bank_outage,2,5.2,26,18,7,0,True,0,1
1406.39,card,card_expired,1,5.7,1,17,4,0,True,0,0
3170.93,card,authentication_failed,2,0.4,17,18,6,0,False,0,1
5341.3,card,insufficient_funds,1,1.8,18,4,11,3,False,0,1
1421.64,card,insufficient_funds,1,0.4,23,8,8,2,True,0,1
435.05,subscription_mandate,insufficient_funds,3,4.6,30,12,3,1,False,1,1
13315.35,subscription_mandate,authentication_failed,2,0.3,7,8,1,1,False,1,1
1361.01,upi,bank_outage,3,2.6,21,10,7,1,False,0,0
1531.9,card,insufficient_funds,1,2.4,7,8,3,0,False,0,1
7774.04,card,network_timeout,1,1.2,7,11,3,2,False,0,0
1562.35,card,card_expired,1,4.6,22,15,6,0,True,0,1
1180.57,upi,network_timeout,1,5.0,16,14,7,2,True,0,1
1299.49,subscription_mandate,card_expired,3,0.2,18,16,7,0,True,1,0
6149.5,subscription_mandate,authentication_failed,1,0.0,5,10,4,0,False,1,1
2874.9,card,network_timeout,1,2.8,18,17,6,0,True,0,1
2178.1,card,insufficient_funds,2,1.1,10,15,7,1,True,0,1
10940.96,card,network_timeout,1,7.7,2,14,10,1,True,0,1
2211.92,upi,authentication_failed,1,5.2,8,9,6,1,False,0,1
295.96,card,insufficient_funds,1,2.5,29,16,4,1,True,1,1
934.21,subscription_mandate,authentication_failed,1,2.3,19,7,9,0,True,1,1
11951.45,card,insufficient_funds,3,5.7,20,20,1,0,False,0,0
2558.63,netbanking,network_timeout,1,0.3,30,22,8,0,True,0,1
5185.85,upi,insufficient_funds,1,0.6,30,7,6,0,False,0,1
655.57,subscription_mandate,insufficient_funds,1,5.1,7,20,9,1,True,1,1
3380.74,upi,bank_outage,1,5.4,29,11,7,0,False,0,1
5664.57,netbanking,card_expired,1,0.4,20,15,1,1,False,0,1
785.69,card,high_risk_fraud,1,2.3,22,8,16,3,True,0,0
4037.14,card,authentication_failed,2,0.5,17,17,2,0,False,1,1
6556.92,upi,card_expired,2,1.4,14,11,6,1,False,0,0
12650.77,upi,card_expired,1,4.9,3,8,9,2,False,0,1
3031.15,subscription_mandate,network_timeout,1,4.1,15,10,4,2,True,1,1
670.04,card,insufficient_funds,3,1.4,22,20,2,0,False,1,0
4259.66,card,network_timeout,2,2.8,5,18,3,1,False,1,1
6743.92,upi,card_expired,1,0.3,4,6,3,0,False,1,0
9958.39,subscription_mandate,bank_outage,1,0.2,2,9,25,1,True,1,1
932.13,card,bank_outage,1,2.7,12,9,4,0,False,0,1
7556.05,card,card_expired,1,0.8,20,12,6,1,True,0,1
2341.58,card,network_timeout,1,0.8,13,20,1,0,False,0,1
1072.88,card,authentication_failed,1,0.4,22,19,2,0,False,1,1
5941.35,card,insufficient_funds,1,4.5,15,16,4,1,True,0,1
223.78,card,card_expired,2,6.2,8,10,10,1,False,0,0
2526.57,upi,insufficient_funds,1,2.2,10,13,0,1,False,0,0
4352.74,card,insufficient_funds,3,2.2,17,11,10,0,True,0,0
1793.36,card,network_timeout,1,1.3,31,19,9,3,False,0,1
840.05,upi,network_timeout,1,9.1,11,8,14,1,True,1,1
3989.46,netbanking,insufficient_funds,1,2.1,23,8,5,0,True,0,1
5545.99,card,network_timeout,1,4.0,25,4,6,1,True,0,1
1124.86,upi,insufficient_funds,1,0.1,25,18,9,0,True,1,1
401.77,card,bank_outage,1,1.0,23,15,2,1,False,0,1
421.77,netbanking,bank_outage,4,3.1,16,21,4,1,True,0,1
7633.6,card,card_expired,3,2.9,27,17,11,1,True,0,0
7292.34,card,network_timeout,2,2.0,14,16,8,2,True,0,1
5947.86,card,insufficient_funds,1,0.2,19,20,3,0,False,0,0
3461.54,upi,insufficient_funds,1,4.2,25,11,2,0,False,0,0
2054.53,card,card_expired,1,4.6,21,10,4,2,True,0,1
2555.36,upi,insufficient_funds,2,2.8,14,20,6,0,False,0,1
3867.68,card,high_risk_fraud,1,3.2,23,13,3,0,False,1,0
1445.67,upi,high_risk_fraud,4,2.0,4,12,5,0,False,0,0
5444.13,card,network_timeout,5,0.7,19,22,3,0,False,1,1
5211.34,upi,insufficient_funds,3,0.0,17,19,8,1,True,0,0
2206.84,upi,insufficient_funds,4,1.4,30,21,13,1,True,0,1
759.58,card,bank_outage,1,4.1,23,5,2,0,False,0,1
7338.48,upi,high_risk_fraud,1,2.7,2,15,8,1,True,0,1
2761.36,upi,insufficient_funds,1,1.0,5,10,7,1,False,1,1
1571.8,upi,network_timeout,3,2.9,20,21,0,0,False,1,0
1540.24,card,high_risk_fraud,1,0.8,21,17,5,0,True,1,0
4707.62,netbanking,card_expired,2,0.5,25,16,10,0,False,0,0
2562.81,upi,network_timeout,1,1.7,30,1,7,2,True,1,1
3506.56,subscription_mandate,bank_outage,1,2.3,5,11,1,1,False,1,1
4941.67,card,card_expired,2,0.5,26,16,9,0,True,0,0
2677.09,card,insufficient_funds,3,0.0,11,11,10,0,True,1,1
986.72,subscription_mandate,high_risk_fraud,1,0.3,14,12,4,1,True,1,0
2373.18,upi,authentication_failed,2,1.9,21,12,12,1,True,0,1
3541.9,netbanking,insufficient_funds,2,3.1,22,10,12,0,True,0,1
2020.77,card,card_expired,1,2.2,22,4,6,0,False,1,1
2269.28,netbanking,insufficient_funds,1,0.4,1,11,6,0,True,0,1
1460.35,upi,bank_outage,4,2.3,30,11,3,1,False,0,1
2953.94,subscription_mandate,network_timeout,1,0.8,19,18,3,0,False,1,1
1879.61,card,card_expired,2,2.1,2,19,8,0,True,0,0
8109.22,card,insufficient_funds,1,1.6,31,2,13,1,True,0,1
1165.67,card,bank_outage,1,1.2,24,21,5,1,True,0,1
18229.02,upi,network_timeout,1,4.8,7,11,7,1,True,0,1
9955.81,card,card_expired,1,1.0,29,19,11,0,True,0,1
1024.8,upi,insufficient_funds,1,0.2,13,20,6,0,False,0,1
3117.1,upi,card_expired,1,0.2,17,21,2,0,False,0,1
1187.19,upi,authentication_failed,1,0.9,21,9,8,1,False,0,1
2102.39,card,bank_outage,1,2.1,15,11,5,1,True,0,1
1232.52,subscription_mandate,authentication_failed,3,1.4,21,17,16,0,True,1,1
670.62,upi,high_risk_fraud,2,0.0,27,8,4,2,False,0,0
3153.11,upi,bank_outage,2,1.1,15,14,6,2,True,0,1
1598.2,upi,high_risk_fraud,1,4.5,7,10,4,2,True,0,0
3519.57,upi,insufficient_funds,3,11.8,4,13,4,0,True,1,1
2069.26,card,network_timeout,1,2.2,3,22,10,0,True,0,1
2659.48,card,card_expired,1,3.2,22,9,3,0,False,0,1
1014.31,card,insufficient_funds,1,2.8,1,11,5,0,False,1,1
5098.24,card,network_timeout,3,4.3,7,17,0,1,False,0,0
3050.95,upi,bank_outage,1,0.6,19,12,3,0,False,0,1
4666.03,netbanking,bank_outage,3,2.6,10,10,4,0,True,1,1
5158.37,card,bank_outage,1,0.9,28,18,13,1,True,0,1
14327.98,card,authentication_failed,1,0.4,1,22,1,1,False,0,1
2804.27,upi,insufficient_funds,1,3.5,10,21,8,0,True,1,0
803.8,upi,insufficient_funds,1,2.9,12,16,10,1,False,0,1
5256.25,upi,authentication_failed,1,0.7,21,11,2,0,False,0,0
1324.58,upi,insufficient_funds,1,1.5,31,18,17,0,True,1,1
1063.72,card,authentication_failed,1,0.8,19,19,3,1,False,0,1
6264.87,card,card_expired,2,5.2,4,10,12,0,False,1,0
6416.94,card,bank_outage,1,0.9,31,21,10,0,False,0,1
1529.17,netbanking,network_timeout,1,4.6,17,11,8,0,True,0,1
3319.67,card,bank_outage,3,3.9,8,18,4,2,False,1,1
6106.11,netbanking,insufficient_funds,1,1.7,24,17,14,0,True,0,1
2658.54,card,card_expired,3,1.1,31,19,2,1,False,0,0
324.52,upi,card_expired,3,7.8,30,20,3,1,False,0,0
3593.41,netbanking,insufficient_funds,1,2.6,31,14,4,1,False,1,1
3745.44,card,insufficient_funds,1,2.1,16,15,5,2,False,0,0
1347.7,upi,bank_outage,1,2.8,25,11,1,0,False,0,1
2500.59,subscription_mandate,bank_outage,1,0.5,25,14,9,3,False,1,1
11139.4,upi,bank_outage,1,1.6,19,0,8,1,False,0,1
481.33,card,insufficient_funds,1,0.6,4,15,8,1,True,0,1
6010.59,card,high_risk_fraud,2,1.2,21,2,9,3,True,0,0
8879.38,upi,high_risk_fraud,1,0.3,2,10,3,2,False,0,0
1565.05,card,bank_outage,1,2.2,14,22,8,1,False,0,1
292.54,upi,card_expired,1,2.7,28,8,8,0,True,1,0
15077.38,upi,high_risk_fraud,1,1.7,4,14,9,1,True,1,0
32113.9,upi,network_timeout,2,0.5,8,10,9,0,False,1,0
2101.43,subscription_mandate,card_expired,1,2.6,3,11,5,1,True,1,1
38018.62,upi,high_risk_fraud,1,0.8,7,13,12,0,True,0,0
4354.18,upi,bank_outage,1,2.6,23,8,5,2,False,1,1
2436.45,subscription_mandate,card_expired,1,1.4,16,11,6,0,True,1,1
706.43,upi,card_expired,1,5.2,26,11,10,0,False,0,0
2816.87,card,authentication_failed,1,8.8,19,10,10,0,True,1,1
302.1,card,insufficient_funds,2,0.5,10,11,11,3,True,1,1
4189.13,subscription_mandate,network_timeout,2,0.6,19,23,8,0,True,1,1
414.11,subscription_mandate,bank_outage,1,11.8,30,18,10,0,False,1,1
3271.9,card,card_expired,1,1.9,29,14,12,1,True,0,1
1345.53,card,network_timeout,1,2.0,19,9,4,1,False,1,1
4286.13,card,insufficient_funds,1,2.9,31,10,16,1,True,0,1
1202.53,upi,network_timeout,3,2.3,28,14,4,1,True,0,1
2663.12,card,high_risk_fraud,3,2.9,13,10,10,0,False,0,0
925.61,card,card_expired,1,4.9,9,23,11,0,False,0,0
7997.65,card,high_risk_fraud,2,14.0,20,9,8,0,True,1,0
1504.92,card,insufficient_funds,3,3.6,15,8,2,0,False,0,1
2544.58,upi,authentication_failed,1,2.8,11,18,6,2,True,0,1
657.1,netbanking,insufficient_funds,1,3.8,29,14,1,2,False,0,1
3398.79,card,network_timeout,1,3.7,15,9,7,0,True,1,1
4311.51,card,card_expired,1,1.5,12,18,10,0,False,1,1
566.37,upi,high_risk_fraud,2,8.6,5,12,9,0,True,1,0
2751.54,upi,authentication_failed,1,2.1,4,4,6,1,True,0,1
3805.55,card,network_timeout,3,0.1,25,17,4,0,True,0,1
1027.36,upi,network_timeout,3,2.0,6,17,4,0,True,0,0
1017.73,subscription_mandate,bank_outage,1,2.2,22,8,16,0,True,1,1
7400.66,upi,insufficient_funds,2,7.4,14,11,12,1,False,1,1
6250.98,card,insufficient_funds,1,0.6,30,16,9,0,True,0,1
652.77,card,insufficient_funds,1,0.9,17,6,13,1,True,0,1
1757.56,card,insufficient_funds,4,3.7,31,9,14,2,False,0,1
6130.1,card,network_timeout,4,1.9,15,21,3,2,False,0,0
1691.36,upi,card_expired,1,2.8,20,21,7,0,False,0,0
6132.02,upi,card_expired,2,7.1,19,2,7,0,False,1,1
2126.07,upi,card_expired,2,0.2,23,21,3,0,False,1,0
2104.01,card,insufficient_funds,2,14.0,14,14,1,0,False,0,0
13502.39,netbanking,insufficient_funds,1,9.4,18,10,5,1,True,0,1
2499.54,upi,card_expired,1,1.8,10,12,7,2,True,0,1
2666.55,netbanking,high_risk_fraud,1,0.8,13,11,7,0,False,1,0
2180.78,subscription_mandate,insufficient_funds,1,3.5,26,12,18,0,True,1,1
1273.56,card,insufficient_funds,2,9.2,17,6,12,1,False,1,1
5441.62,upi,insufficient_funds,2,0.3,23,14,6,1,True,1,1
1375.57,upi,bank_outage,3,2.3,22,12,1,1,False,0,1
1787.81,subscription_mandate,insufficient_funds,1,0.4,20,15,3,1,False,1,0
2813.42,card,network_timeout,3,1.4,26,13,4,1,False,0,1
1154.33,card,network_timeout,2,5.8,12,10,10,1,True,1,1
272.94,upi,insufficient_funds,1,2.5,1,13,16,1,False,0,1
1304.66,subscription_mandate,authentication_failed,1,1.7,16,10,8,0,True,1,1
5852.18,upi,insufficient_funds,3,2.7,23,0,7,1,True,1,1
2471.04,card,insufficient_funds,3,0.8,2,16,8,2,False,0,1
6098.14,upi,insufficient_funds,2,1.9,10,16,7,1,True,0,0
35014.3,upi,insufficient_funds,1,3.8,15,15,7,2,True,0,1
4345.65,card,insufficient_funds,1,0.9,21,8,6,0,True,1,0
933.18,card,network_timeout,1,2.9,23,16,7,2,True,1,0
3124.76,subscription_mandate,insufficient_funds,1,4.0,23,15,4,0,True,1,1
1065.59,upi,insufficient_funds,1,8.7,16,13,3,4,False,0,1
2200.88,card,card_expired,2,0.8,23,17,9,0,False,1,1
1158.97,card,network_timeout,2,3.1,15,15,1,1,False,1,1
1762.3,card,card_expired,2,4.6,11,13,7,1,False,0,1
5854.39,card,insufficient_funds,2,0.7,19,11,16,1,True,0,1
3196.84,card,card_expired,5,3.1,26,13,1,1,False,1,0
1933.97,card,authentication_failed,2,0.4,20,17,13,0,False,0,1
5692.84,card,insufficient_funds,2,2.4,13,12,4,1,False,0,1
3846.16,upi,high_risk_fraud,1,1.3,3,9,3,2,False,0,0
3507.45,card,insufficient_funds,2,5.0,18,8,2,1,False,0,1
3011.01,upi,insufficient_funds,1,0.1,18,9,7,0,True,1,1
5307.35,card,card_expired,4,1.8,31,7,8,0,False,0,0
2400.41,netbanking,card_expired,2,2.4,17,22,18,0,True,0,0
991.52,card,high_risk_fraud,1,0.6,18,12,5,0,True,0,0
6569.61,upi,insufficient_funds,2,0.8,9,9,5,1,True,0,1
2395.63,card,card_expired,1,6.6,16,14,12,3,False,1,0
5597.78,card,card_expired,1,1.7,29,17,20,1,False,0,0
511.68,upi,bank_outage,1,5.7,28,9,0,1,False,0,0
1444.75,upi,card_expired,3,0.4,21,20,6,0,True,0,0
1882.08,card,insufficient_funds,1,0.0,25,15,4,2,True,0,1
1131.03,subscription_mandate,network_timeout,3,1.2,15,3,9,0,True,1,1
2398.43,card,bank_outage,1,2.0,4,16,3,1,False,0,1
3114.6,card,card_expired,1,11.4,6,10,8,0,True,0,0
1754.37,card,bank_outage,3,0.3,12,15,22,1,True,0,1
2623.74,subscription_mandate,network_timeout,1,1.7,1,20,0,1,False,1,1
750.76,upi,bank_outage,2,0.7,7,11,4,1,True,0,1
913.7,card,authentication_failed,1,1.4,20,13,3,0,False,0,1
4708.58,card,network_timeout,1,8.7,24,16,6,0,False,1,1
1043.56,card,bank_outage,4,0.3,23,17,6,1,False,0,1
3048.11,card,insufficient_funds,1,14.0,28,14,1,2,False,1,1
5006.14,netbanking,bank_outage,3,1.5,18,1,0,1,False,0,0
1842.59,card,insufficient_funds,2,0.6,24,11,2,0,False,0,0
17024.95,card,bank_outage,1,8.6,10,20,1,1,False,0,1
1711.8,card,network_timeout,2,7.4,15,12,6,0,False,1,0
508.64,upi,authentication_failed,2,0.2,30,3,2,0,False,1,1
531.97,subscription_mandate,network_timeout,1,3.5,16,12,5,1,False,1,1
3567.58,upi,card_expired,2,0.8,28,10,2,2,False,0,1
14615.97,upi,insufficient_funds,1,4.2,15,11,9,0,True,0,1
2509.55,netbanking,network_timeout,1,1.9,24,12,3,1,False,1,0
651.1,subscription_mandate,insufficient_funds,1,1.0,26,10,5,1,True,1,1
3513.21,card,card_expired,2,0.4,1,13,1,1,False,0,1
635.46,subscription_mandate,network_timeout,1,4.3,1,11,4,0,True,1,1
3799.81,card,insufficient_funds,1,1.8,17,15,8,0,False,0,1
3244.34,card,authentication_failed,3,1.2,25,10,6,0,False,0,0
9506.53,card,bank_outage,3,0.1,18,10,2,1,False,1,1
4969.67,subscription_mandate,insufficient_funds,3,3.1,17,2,6,1,True,1,0
1200.06,upi,insufficient_funds,4,4.4,24,13,11,0,True,0,0
1285.71,card,network_timeout,1,1.5,28,3,7,0,False,0,1
1442.17,upi,card_expired,2,4.0,21,18,1,0,False,0,0
4731.53,upi,insufficient_funds,4,7.1,25,18,9,0,False,1,0
669.22,card,insufficient_funds,3,2.7,8,16,18,1,True,0,0
2775.14,card,card_expired,1,3.5,1,10,1,0,False,1,1
1291.41,card,network_timeout,1,4.8,3,8,6,0,True,0,1
1818.62,upi,authentication_failed,1,4.3,30,11,9,2,False,1,1
1341.9,upi,network_timeout,1,0.1,15,18,13,0,False,0,1
2033.97,card,network_timeout,2,0.5,31,6,0,0,False,0,1
1038.6,subscription_mandate,network_timeout,1,3.6,7,18,4,0,True,1,1
1045.32,subscription_mandate,authentication_failed,1,0.5,9,11,5,0,True,1,1
4283.35,netbanking,authentication_failed,1,0.6,26,9,12,0,False,1,0
3779.46,card,authentication_failed,2,3.6,21,20,4,1,True,0,1
3977.11,netbanking,insufficient_funds,1,3.7,1,21,2,2,False,1,1
2504.43,upi,insufficient_funds,1,2.7,7,11,8,0,False,0,1
1589.86,subscription_mandate,insufficient_funds,1,2.6,6,21,3,1,False,1,1
2402.54,subscription_mandate,card_expired,3,6.5,12,21,9,0,True,1,1
5508.33,card,insufficient_funds,1,4.3,13,13,3,1,False,0,0
8496.73,card,bank_outage,2,5.1,19,14,0,0,False,0,0
1027.0,card,card_expired,1,6.3,17,19,15,0,True,0,1
2621.16,upi,insufficient_funds,2,0.7,12,17,3,1,False,0,1
6259.86,subscription_mandate,network_timeout,1,3.0,3,18,4,0,True,1,1
6834.15,upi,authentication_failed,2,0.3,24,8,1,0,False,1,1
1245.27,netbanking,network_timeout,2,11.2,24,21,4,0,True,0,1
19563.14,card,insufficient_funds,5,0.3,23,19,17,2,False,0,0
1105.72,card,bank_outage,3,1.7,28,6,6,0,True,1,1
7494.87,upi,authentication_failed,1,2.0,11,9,8,1,True,1,1
7139.41,card,bank_outage,2,1.7,28,19,13,1,True,0,1
4958.62,upi,high_risk_fraud,2,2.4,21,12,4,0,True,0,0
1810.45,subscription_mandate,network_timeout,1,1.2,11,8,3,3,False,1,1
1910.16,card,insufficient_funds,5,3.0,15,13,15,1,True,0,1
442.21,upi,insufficient_funds,3,8.8,9,19,3,1,False,0,1
1539.04,subscription_mandate,card_expired,1,0.6,5,13,7,1,True,1,1
3727.3,card,high_risk_fraud,1,3.2,21,18,2,0,False,0,0
7143.78,upi,insufficient_funds,1,6.9,7,10,3,0,False,0,1
978.21,card,card_expired,2,0.5,11,10,8,0,False,1,0
1816.57,card,bank_outage,1,0.0,19,21,7,0,False,0,1
504.73,upi,card_expired,2,8.3,23,14,10,0,True,0,1
3661.01,upi,insufficient_funds,2,1.5,10,16,8,1,True,0,0
1321.86,upi,network_timeout,2,0.0,4,7,6,1,True,0,1
7826.19,subscription_mandate,insufficient_funds,3,1.5,7,22,8,1,True,1,0
2670.83,card,bank_outage,1,0.5,24,6,8,0,False,0,1
3420.91,card,high_risk_fraud,1,0.5,11,15,0,2,False,1,0
3233.41,upi,high_risk_fraud,1,1.6,24,17,1,3,False,0,0
4084.51,upi,network_timeout,4,3.4,24,21,12,3,False,0,1
3715.51,card,card_expired,2,1.2,17,9,5,0,True,0,1
935.99,card,insufficient_funds,2,4.3,31,13,5,0,False,0,0
2320.92,upi,high_risk_fraud,3,1.1,18,7,22,1,True,1,0
2451.14,card,bank_outage,2,5.0,9,12,7,0,True,0,1
6235.53,card,insufficient_funds,1,0.5,29,16,25,1,True,0,1
1957.99,card,authentication_failed,2,0.8,9,10,7,0,True,0,1
885.81,card,authentication_failed,3,0.4,20,15,2,0,False,0,0
1521.03,card,bank_outage,2,0.4,16,14,2,0,False,0,1
894.91,card,insufficient_funds,1,8.8,5,11,3,0,False,0,1
1153.64,netbanking,insufficient_funds,1,0.1,12,16,1,3,False,1,1
4923.69,card,card_expired,2,3.0,9,19,9,0,True,0,0
4538.99,subscription_mandate,bank_outage,1,0.8,12,12,5,1,True,1,1
2977.13,upi,card_expired,1,1.1,15,10,4,3,True,0,1
8346.85,card,insufficient_funds,4,1.6,4,14,9,1,True,0,0
312.53,netbanking,insufficient_funds,1,2.1,7,7,0,3,False,0,1
5194.4,subscription_mandate,card_expired,1,1.0,13,16,5,1,True,1,1
1818.29,upi,card_expired,1,2.3,9,10,1,0,False,0,0
10417.78,card,bank_outage,2,3.7,16,8,2,0,False,1,1
5013.72,upi,bank_outage,1,8.7,4,5,13,1,True,0,1
569.09,card,bank_outage,4,3.8,21,18,8,0,True,0,0
3133.89,upi,insufficient_funds,2,2.2,17,11,4,1,False,0,1
1670.76,upi,insufficient_funds,1,5.0,24,16,8,1,True,0,1
1598.1,card,network_timeout,1,9.7,29,12,6,0,False,0,1
1840.73,card,card_expired,1,0.5,22,15,12,2,False,0,0
2998.45,card,authentication_failed,2,4.4,16,13,6,0,True,0,0
1771.87,card,bank_outage,1,1.6,14,18,5,0,True,0,1
5382.45,upi,bank_outage,2,2.2,24,6,4,0,True,0,1
4886.8,card,card_expired,1,0.3,24,7,7,0,True,0,1
1076.41,upi,card_expired,2,1.9,31,11,6,1,True,0,0
5776.07,upi,network_timeout,1,4.2,22,9,2,0,False,0,1
9725.24,upi,insufficient_funds,2,6.1,30,20,6,0,False,0,1
1533.91,card,insufficient_funds,2,9.2,20,16,5,0,True,0,1
1872.34,card,bank_outage,1,0.3,3,13,23,0,False,0,1
1199.04,card,insufficient_funds,1,12.1,22,4,3,0,False,0,1
289.75,netbanking,insufficient_funds,1,3.9,12,19,13,2,False,0,1
1963.74,card,bank_outage,1,1.5,15,18,7,1,True,0,1
2772.56,netbanking,network_timeout,2,3.6,14,11,6,0,True,1,1
688.06,card,bank_outage,1,2.0,21,16,22,1,False,0,1
1850.03,upi,insufficient_funds,1,4.0,1,15,2,0,False,0,1
3945.58,card,insufficient_funds,1,4.9,13,15,3,0,False,0,1
2303.42,upi,network_timeout,2,1.5,14,22,18,1,False,0,1
2298.94,card,authentication_failed,1,2.7,11,13,3,1,False,0,1
476.22,upi,insufficient_funds,2,1.1,22,10,1,1,False,0,0
17411.52,card,insufficient_funds,1,7.0,5,8,10,1,False,0,1
1533.34,upi,network_timeout,1,0.1,24,15,12,0,True,1,1
8994.09,upi,bank_outage,1,2.4,17,3,10,1,False,0,1
812.26,card,authentication_failed,1,2.7,9,10,2,1,False,0,1
757.39,upi,bank_outage,1,1.7,17,9,14,1,False,0,1
2092.42,upi,insufficient_funds,1,3.6,28,16,10,0,True,0,1
1568.7,card,bank_outage,2,0.2,6,18,4,0,False,0,1
6496.99,upi,network_timeout,1,0.1,20,17,5,1,False,0,1
8539.68,upi,insufficient_funds,2,1.7,18,9,11,1,False,0,1
1809.66,subscription_mandate,insufficient_funds,1,0.1,8,17,2,1,False,1,1
701.49,upi,card_expired,1,4.4,5,15,7,0,True,0,1
5795.29,upi,insufficient_funds,1,7.3,12,17,2,1,False,0,0
1280.36,card,insufficient_funds,3,2.3,15,12,15,1,False,0,0
2397.24,card,insufficient_funds,3,0.3,11,2,1,1,False,0,1
2254.85,upi,insufficient_funds,1,0.9,9,16,16,1,True,1,1
4182.63,card,insufficient_funds,3,1.8,29,18,6,0,True,0,0
654.7,card,authentication_failed,1,3.4,27,17,5,0,True,0,1
1388.78,netbanking,insufficient_funds,2,0.5,17,22,16,0,True,0,1
2562.9,upi,bank_outage,1,0.8,17,18,6,0,True,0,1
1212.85,card,authentication_failed,1,0.8,3,16,3,1,False,0,1
479.43,card,insufficient_funds,1,4.6,1,14,8,0,False,0,1
2173.31,netbanking,insufficient_funds,1,0.4,9,12,9,1,False,0,0
967.98,upi,insufficient_funds,1,2.4,30,10,8,0,True,0,1
5574.57,upi,insufficient_funds,2,9.1,1,20,9,2,False,0,1
5928.96,card,bank_outage,2,1.0,27,13,2,0,False,1,0
2435.87,card,insufficient_funds,1,1.0,24,19,7,2,True,0,1
2259.19,subscription_mandate,high_risk_fraud,2,2.1,30,13,2,0,False,1,0
1835.27,card,insufficient_funds,1,7.5,20,11,3,2,False,1,1
1541.58,card,insufficient_funds,3,2.5,5,21,9,2,True,0,1
4302.83,upi,bank_outage,1,1.4,21,8,4,3,True,0,1
1268.95,card,bank_outage,1,3.7,30,19,11,0,True,1,1
2903.72,upi,card_expired,1,1.3,3,7,10,1,True,0,1
2843.29,upi,network_timeout,1,1.2,20,20,5,0,True,1,1
9868.53,upi,insufficient_funds,1,0.9,14,9,4,0,True,1,1
983.99,card,bank_outage,1,1.7,25,13,7,1,True,0,1
1413.26,card,insufficient_funds,1,0.1,4,11,22,1,False,0,1
700.96,card,authentication_failed,2,5.0,3,14,5,1,True,0,1
18322.59,card,network_timeout,1,3.0,27,11,13,1,True,0,1
2306.68,netbanking,card_expired,2,4.2,28,19,9,1,True,0,1
2598.72,card,network_timeout,1,3.9,22,12,6,1,True,1,1
701.93,netbanking,bank_outage,1,0.7,2,11,7,1,True,0,1
990.92,upi,card_expired,4,4.0,1,9,3,1,False,0,0
1254.87,card,network_timeout,1,3.2,15,18,3,0,False,0,1
4432.15,upi,bank_outage,2,3.1,5,13,2,0,False,0,0
5450.89,upi,authentication_failed,3,1.7,12,22,11,1,True,0,1
10528.92,upi,insufficient_funds,2,0.6,14,11,7,1,True,0,1
1296.77,upi,network_timeout,3,0.2,31,9,10,1,True,0,1
1820.64,netbanking,card_expired,2,3.5,9,23,8,2,False,0,0
1626.5,upi,network_timeout,1,9.6,15,21,9,0,False,1,1
6255.04,subscription_mandate,network_timeout,4,1.1,8,14,17,1,True,1,1
590.93,upi,authentication_failed,3,0.2,2,0,3,1,False,0,0
2498.21,subscription_mandate,insufficient_funds,3,6.6,13,17,2,0,False,1,0
3849.96,card,card_expired,1,13.9,20,10,8,0,True,0,0
2684.65,subscription_mandate,network_timeout,1,2.5,26,9,15,3,False,1,0
8962.32,card,insufficient_funds,1,0.1,9,13,7,0,False,0,1
6629.67,subscription_mandate,card_expired,1,0.9,14,19,13,2,True,1,0
5366.76,upi,bank_outage,2,1.3,12,19,5,0,True,0,1
7879.62,card,card_expired,1,3.0,1,13,1,2,False,0,0
1810.98,card,high_risk_fraud,3,1.3,13,9,9,0,True,1,1
4276.46,upi,insufficient_funds,2,0.2,22,13,4,1,True,0,1
3978.94,card,insufficient_funds,3,2.1,24,12,6,3,True,0,1
1043.62,card,network_timeout,1,0.1,9,14,2,0,False,0,1
5266.63,upi,card_expired,4,2.9,28,11,1,1,False,0,0
3835.05,upi,insufficient_funds,2,0.9,17,9,10,1,True,0,1
1116.78,card,authentication_failed,1,0.9,17,21,11,0,True,0,1
3417.35,card,insufficient_funds,1,2.7,4,17,5,1,True,0,1
1861.02,upi,card_expired,1,1.9,3,19,0,1,False,0,0
3849.88,card,insufficient_funds,5,1.0,4,16,12,1,True,1,0
776.94,upi,authentication_failed,4,0.8,11,13,2,3,False,0,0
5826.41,subscription_mandate,authentication_failed,1,0.6,8,15,2,1,False,1,1
624.5,upi,high_risk_fraud,1,0.5,29,15,5,0,False,0,0
9662.73,upi,network_timeout,1,0.9,19,11,9,1,False,0,1
919.59,subscription_mandate,card_expired,2,1.2,7,19,6,0,True,1,1
1466.97,upi,card_expired,1,1.9,25,17,7,2,True,0,0
541.48,card,authentication_failed,1,2.5,17,11,9,0,True,0,1
18537.64,upi,network_timeout,1,0.6,6,11,8,0,False,0,1
1180.73,card,insufficient_funds,1,1.6,6,9,5,0,False,0,1
3475.36,subscription_mandate,bank_outage,1,2.6,25,11,2,0,False,1,1
5784.02,subscription_mandate,card_expired,2,0.0,5,11,2,1,False,1,1
2240.55,upi,card_expired,1,0.5,18,14,5,2,True,0,1
12253.59,upi,authentication_failed,1,0.8,17,5,6,2,True,0,1
20496.68,card,insufficient_funds,2,11.7,28,12,16,0,False,0,1
1344.75,netbanking,insufficient_funds,1,0.1,23,4,5,1,False,1,1
1699.42,subscription_mandate,insufficient_funds,1,3.7,23,11,4,0,False,1,1
1649.51,card,card_expired,2,7.3,17,15,1,1,False,0,0
2677.74,upi,card_expired,1,9.0,5,15,4,1,True,0,0
313.15,upi,bank_outage,3,0.7,7,16,7,1,True,0,1
3975.76,card,network_timeout,1,2.4,9,12,4,1,True,1,1
5853.69,card,authentication_failed,4,2.8,25,11,7,0,False,0,1
503.47,upi,insufficient_funds,1,3.6,28,15,1,1,False,1,1
1747.26,netbanking,authentication_failed,1,0.3,11,12,14,3,True,0,0
4484.36,upi,insufficient_funds,1,2.6,30,11,4,0,True,0,1
1202.13,card,authentication_failed,1,2.2,2,6,9,0,True,1,1
6036.1,card,network_timeout,2,1.1,1,15,8,0,True,1,1
3374.2,upi,insufficient_funds,2,2.1,26,19,9,1,True,0,0
13668.49,card,insufficient_funds,1,0.1,19,8,4,0,True,0,1
2613.85,netbanking,insufficient_funds,2,2.1,18,14,5,1,False,0,1
6456.63,upi,authentication_failed,1,1.1,7,16,5,2,False,1,1
2052.68,card,card_expired,2,0.1,17,2,4,0,True,0,0
2992.79,upi,card_expired,1,1.6,25,13,4,0,False,0,0
4239.25,card,card_expired,1,0.4,8,21,5,1,True,0,0
774.18,card,bank_outage,1,2.6,14,6,14,0,True,0,0
668.95,upi,insufficient_funds,1,3.8,21,8,4,3,True,0,0
7451.48,upi,insufficient_funds,2,0.4,11,18,4,1,False,0,1
3544.4,upi,authentication_failed,1,8.1,10,10,6,1,True,1,0
6303.91,upi,bank_outage,2,0.9,26,10,7,0,False,1,1
6142.19,netbanking,insufficient_funds,1,3.6,31,16,6,0,True,0,1
367.58,upi,network_timeout,1,9.8,5,8,3,0,False,0,1
1731.01,card,insufficient_funds,1,6.4,31,10,9,1,True,0,1
1095.32,card,insufficient_funds,3,1.9,9,20,2,3,False,1,0
3696.38,card,insufficient_funds,2,4.0,28,18,4,0,True,0,1
3032.65,card,card_expired,1,3.1,15,7,9,0,False,0,1
5321.28,upi,insufficient_funds,2,1.0,18,22,10,0,True,0,1
892.53,upi,card_expired,1,6.1,7,15,4,2,False,0,0
1051.54,upi,bank_outage,1,1.7,11,8,1,0,False,0,1
299.17,upi,card_expired,1,3.1,4,20,9,3,True,0,0
2535.24,card,bank_outage,2,0.0,31,15,8,1,False,0,1
11318.27,card,insufficient_funds,1,8.5,21,8,7,0,True,0,1
1688.34,subscription_mandate,insufficient_funds,3,1.0,5,8,11,1,False,1,1
2580.65,card,network_timeout,1,0.3,16,18,4,1,True,0,1
1276.47,upi,authentication_failed,1,6.4,2,3,4,1,False,0,1
8288.83,upi,card_expired,1,2.4,18,10,3,0,False,0,0
4272.33,subscription_mandate,insufficient_funds,1,1.3,7,7,6,0,False,1,1
1204.83,upi,insufficient_funds,1,1.5,6,14,5,1,True,0,1
4286.03,upi,high_risk_fraud,1,0.4,18,16,4,2,True,0,1
4844.16,card,card_expired,1,1.8,6,22,21,1,True,1,1
641.85,upi,insufficient_funds,2,0.3,22,15,12,1,True,0,1
3615.28,card,card_expired,4,0.4,17,10,3,0,False,1,0
2222.53,upi,network_timeout,2,0.4,13,10,15,2,False,0,1
2201.03,netbanking,card_expired,1,1.4,18,21,0,0,False,0,1
28424.06,netbanking,card_expired,1,2.4,7,12,4,0,False,0,0
3423.01,card,bank_outage,2,0.4,27,11,5,0,False,1,1
718.18,netbanking,network_timeout,1,0.8,31,3,4,1,False,0,1
532.83,netbanking,network_timeout,2,3.1,24,11,3,1,False,0,1
1910.03,card,insufficient_funds,1,3.0,11,12,4,1,True,0,1
1676.59,card,bank_outage,1,0.3,18,15,14,0,True,1,1
1184.61,subscription_mandate,bank_outage,2,6.4,29,11,1,1,False,1,0
2874.69,card,insufficient_funds,2,3.4,24,13,4,1,True,0,1
1308.29,upi,bank_outage,1,3.5,13,21,5,1,True,0,1
1221.92,upi,network_timeout,4,1.7,27,8,5,0,False,0,1
1405.6,card,insufficient_funds,2,0.9,21,12,11,0,True,0,1
1462.28,card,insufficient_funds,1,5.7,24,17,9,0,True,1,0
2409.1,card,high_risk_fraud,1,0.1,14,20,11,3,True,0,0
3867.04,subscription_mandate,network_timeout,4,0.1,4,18,5,0,False,1,0
11482.15,card,authentication_failed,1,0.3,7,8,9,0,False,0,1
6305.41,subscription_mandate,card_expired,1,0.4,30,13,12,0,True,1,1
3655.17,card,authentication_failed,2,1.8,31,14,13,1,True,0,1
690.55,card,authentication_failed,2,0.4,10,17,5,0,True,1,1
3896.91,upi,insufficient_funds,2,1.0,11,11,5,1,False,0,1
2564.85,upi,insufficient_funds,1,1.5,11,20,24,1,False,0,1
3464.66,upi,bank_outage,1,1.8,5,10,9,1,True,0,1
19141.17,card,authentication_failed,1,4.5,27,13,5,1,True,0,1
5498.38,upi,insufficient_funds,1,0.7,20,19,10,0,True,0,1
2502.26,upi,card_expired,1,1.2,5,5,8,0,True,0,1
3798.76,subscription_mandate,card_expired,2,0.2,8,17,16,0,True,1,1
739.52,card,insufficient_funds,1,1.7,26,11,8,0,True,1,1
1338.52,subscription_mandate,authentication_failed,1,1.2,7,23,5,2,True,1,1
763.92,upi,network_timeout,3,1.0,16,9,11,0,True,0,1
3030.56,netbanking,insufficient_funds,2,4.5,9,11,7,1,True,0,0
1164.17,subscription_mandate,insufficient_funds,1,3.6,28,18,9,0,False,1,1
253.03,upi,insufficient_funds,1,1.6,29,13,8,1,True,0,1
2381.52,card,high_risk_fraud,1,1.3,16,10,6,1,False,0,0
3977.59,card,insufficient_funds,1,4.1,4,19,5,2,False,0,1
18330.46,card,network_timeout,2,4.6,20,8,5,1,True,0,1
991.9,card,high_risk_fraud,1,1.1,16,17,14,0,False,0,0
1566.84,card,card_expired,1,0.2,9,20,1,0,False,0,1
2524.85,card,card_expired,1,1.8,25,16,3,2,False,0,0
10625.21,subscription_mandate,bank_outage,1,3.4,11,19,1,0,False,1,1
1976.89,upi,insufficient_funds,3,4.4,11,19,7,0,True,0,0
2581.73,upi,insufficient_funds,1,0.1,26,17,3,1,False,0,1
10843.55,upi,authentication_failed,1,5.3,23,3,13,0,False,0,1
2292.91,upi,insufficient_funds,1,2.5,1,17,2,1,False,0,0
475.54,subscription_mandate,insufficient_funds,2,1.1,17,11,2,0,False,1,1
3774.1,upi,card_expired,4,1.7,6,10,9,0,True,1,0
1110.3,card,insufficient_funds,1,3.8,15,13,1,0,False,0,1
10925.98,upi,bank_outage,2,0.4,29,12,11,0,True,1,1
1666.55,upi,bank_outage,1,2.8,29,8,9,1,True,0,1
4492.55,card,insufficient_funds,1,5.2,15,10,20,1,False,1,1
415.57,card,insufficient_funds,2,1.2,12,20,10,0,True,0,1
1563.63,netbanking,insufficient_funds,1,0.5,25,10,15,0,True,0,1
5080.78,subscription_mandate,insufficient_funds,2,0.9,6,15,5,0,True,1,1
2938.44,card,insufficient_funds,1,2.0,15,12,6,0,False,1,1
791.18,subscription_mandate,bank_outage,2,3.7,6,10,5,0,False,1,1
8184.21,card,card_expired,1,5.2,5,13,6,0,False,1,1
1656.12,card,network_timeout,1,0.9,7,18,17,0,True,0,1
2315.7,card,authentication_failed,1,4.8,3,11,2,1,False,0,1
1317.76,upi,insufficient_funds,4,1.3,18,12,7,3,False,1,1
6682.68,subscription_mandate,card_expired,4,0.7,27,12,6,0,False,1,0
1457.33,subscription_mandate,insufficient_funds,1,2.3,30,11,4,2,False,1,1
6476.56,card,insufficient_funds,1,0.7,8,9,6,0,False,0,1
1844.92,upi,authentication_failed,1,0.8,27,16,6,0,True,0,1
2066.75,upi,bank_outage,1,2.9,29,16,9,0,True,0,1
1927.71,upi,network_timeout,1,1.6,22,1,4,2,True,0,1
5502.62,card,card_expired,2,0.5,1,14,9,0,False,0,1
12312.99,subscription_mandate,insufficient_funds,4,0.3,14,11,2,0,False,1,1
3376.35,card,insufficient_funds,1,2.0,20,15,22,1,False,0,1
2084.78,subscription_mandate,card_expired,1,1.4,9,10,4,0,True,1,1
2880.74,card,card_expired,2,1.6,30,18,5,1,True,0,0
2856.74,upi,authentication_failed,1,0.6,12,13,5,0,False,0,1
717.05,card,insufficient_funds,2,2.5,27,9,2,1,False,0,1
1344.81,card,insufficient_funds,2,2.9,30,11,4,2,True,0,1
1002.37,card,bank_outage,1,0.1,4,16,10,1,True,0,1
4684.32,card,card_expired,1,0.9,16,7,8,0,True,0,1
16871.39,netbanking,authentication_failed,1,0.5,2,10,5,0,True,0,1
2205.43,upi,card_expired,1,0.5,13,13,8,0,False,0,1
2091.77,card,card_expired,1,1.0,23,9,13,2,False,0,0
927.38,card,insufficient_funds,1,1.7,4,11,6,1,True,0,1
856.17,upi,authentication_failed,4,3.7,19,17,12,0,False,0,1
10358.03,subscription_mandate,insufficient_funds,1,2.0,28,16,4,0,True,1,1
1187.16,upi,card_expired,3,1.9,11,9,3,0,False,0,0
2360.27,subscription_mandate,insufficient_funds,2,8.2,9,19,9,1,True,1,1
4841.27,card,network_timeout,2,3.4,3,13,2,0,False,0,0
2484.77,netbanking,card_expired,1,1.0,15,12,10,0,False,0,1
14325.27,netbanking,bank_outage,2,0.1,14,15,13,0,False,0,1
1152.52,card,insufficient_funds,1,1.0,4,10,5,3,True,1,1
3187.1,upi,card_expired,2,3.5,10,12,5,0,True,0,1
6289.33,upi,insufficient_funds,1,0.1,14,10,3,0,False,0,0
478.13,card,insufficient_funds,1,2.9,18,0,17,0,True,1,1
982.09,card,insufficient_funds,3,8.0,31,9,4,0,True,0,1
1752.75,card,insufficient_funds,1,0.8,9,9,9,0,False,0,1
3025.47,upi,authentication_failed,4,5.6,16,11,11,0,True,0,1
1889.86,subscription_mandate,network_timeout,2,1.4,7,17,3,0,False,1,1
1914.71,card,insufficient_funds,3,6.0,14,12,10,0,False,1,0
2441.89,upi,insufficient_funds,1,2.3,9,12,3,0,False,0,1
1573.44,subscription_mandate,insufficient_funds,1,4.6,29,8,4,0,False,1,1
7096.04,upi,bank_outage,1,1.2,17,11,11,1,True,0,1
2399.55,card,insufficient_funds,1,4.6,12,16,5,1,False,0,1
1316.76,card,insufficient_funds,1,12.1,23,18,2,0,False,0,1
729.46,upi,insufficient_funds,3,5.6,3,21,5,0,True,1,0
287.17,upi,network_timeout,1,2.0,1,8,3,0,False,0,1
17171.81,card,card_expired,3,1.0,17,8,13,0,False,1,0
457.2,upi,insufficient_funds,4,7.2,30,15,7,2,True,0,0
1533.85,upi,insufficient_funds,3,1.3,15,3,9,0,True,1,0
1021.68,subscription_mandate,card_expired,1,1.2,6,10,2,0,False,1,0
2057.28,upi,insufficient_funds,2,1.3,21,12,5,0,False,1,1
1633.68,card,insufficient_funds,2,0.2,3,12,3,2,False,0,1
1196.06,upi,insufficient_funds,1,3.3,12,9,8,1,False,1,1
730.44,subscription_mandate,insufficient_funds,1,0.9,24,11,5,0,True,1,1
1397.78,card,card_expired,1,0.8,22,19,6,0,True,1,1
1341.14,card,card_expired,1,1.0,9,17,1,0,False,0,1
1688.64,card,insufficient_funds,2,0.6,30,13,12,1,False,0,1
2399.28,card,high_risk_fraud,1,4.3,21,19,3,1,False,0,0
1161.06,card,insufficient_funds,2,2.3,5,11,13,1,True,0,1
1527.3,card,insufficient_funds,1,0.1,12,10,4,0,False,0,1
642.81,card,authentication_failed,1,0.0,21,7,1,1,False,0,0
577.24,card,insufficient_funds,1,4.0,26,11,7,2,False,1,1
2742.67,card,card_expired,2,1.8,16,19,5,2,True,1,0
2206.43,card,network_timeout,3,1.5,15,14,5,0,False,1,0
3802.83,card,network_timeout,1,0.2,14,19,6,1,False,0,0
822.48,upi,card_expired,1,3.5,5,19,7,3,True,1,1
548.82,card,bank_outage,1,0.9,7,19,10,0,True,0,1
6360.35,card,insufficient_funds,1,1.0,1,8,2,2,False,0,0
2028.62,card,insufficient_funds,3,7.9,12,18,0,0,False,0,0
1812.69,upi,authentication_failed,1,0.2,9,9,10,2,False,0,1
2083.89,netbanking,insufficient_funds,1,0.5,24,8,11,1,False,0,0
2814.53,upi,network_timeout,3,1.9,29,17,0,0,False,0,0
1073.05,card,insufficient_funds,1,3.6,22,10,1,1,False,1,1
4155.06,card,insufficient_funds,1,8.0,24,18,13,1,True,0,1
4662.29,card,card_expired,1,4.8,1,1,12,3,False,0,0
1264.19,subscription_mandate,bank_outage,1,0.7,22,12,5,0,False,1,1
3885.61,card,bank_outage,2,4.3,29,16,15,0,False,0,1
976.42,upi,network_timeout,1,7.7,18,18,1,0,False,0,1
1574.72,upi,insufficient_funds,4,1.8,30,5,3,0,False,1,1
5343.85,card,insufficient_funds,2,0.1,26,11,7,0,True,1,1
540.84,card,insufficient_funds,1,5.3,23,21,2,0,False,0,0
3640.23,subscription_mandate,card_expired,2,0.3,23,10,3,3,False,1,1
3982.05,netbanking,network_timeout,2,5.4,24,13,4,0,True,0,1
621.32,subscription_mandate,insufficient_funds,1,8.7,15,10,7,1,True,1,1
3030.79,subscription_mandate,bank_outage,3,1.4,6,14,8,0,False,1,1
2213.08,upi,insufficient_funds,3,1.9,18,13,9,1,False,0,0
1576.13,card,insufficient_funds,2,1.6,14,6,1,1,False,1,1
1787.55,subscription_mandate,insufficient_funds,1,0.9,7,13,18,0,True,1,1
4245.73,upi,bank_outage,1,2.6,24,13,4,0,False,0,1
3511.99,card,bank_outage,1,0.5,17,2,6,0,False,0,1
2662.12,card,bank_outage,1,3.2,4,13,1,1,False,0,1
1939.84,upi,insufficient_funds,3,0.6,17,12,1,0,False,1,0
1004.48,upi,high_risk_fraud,2,0.6,9,10,5,1,False,1,0
3657.29,upi,card_expired,2,0.2,25,11,5,1,False,1,0
2787.03,card,card_expired,1,1.3,30,17,2,1,False,0,1
4412.4,card,network_timeout,3,0.7,1,10,8,1,True,1,1
3716.55,upi,card_expired,3,0.2,26,7,10,1,True,0,0
4352.48,upi,network_timeout,1,1.0,8,13,9,0,False,0,1
1264.53,card,insufficient_funds,2,0.5,24,15,9,1,False,1,0
4420.01,card,high_risk_fraud,1,6.3,13,10,8,1,True,0,0
7002.56,card,network_timeout,1,8.4,9,10,6,1,True,0,1
3689.92,upi,insufficient_funds,3,0.0,11,20,3,0,False,1,1
5341.71,card,network_timeout,1,3.8,25,11,6,1,False,0,1
599.45,card,network_timeout,1,4.8,31,8,4,3,True,0,1
2861.61,card,network_timeout,1,1.0,9,20,4,0,True,1,1
2640.18,netbanking,network_timeout,1,1.0,19,12,3,2,False,1,0
10297.25,upi,insufficient_funds,1,1.8,16,12,5,0,True,0,1
7156.68,card,insufficient_funds,1,3.2,25,4,8,0,True,0,1
3830.33,upi,network_timeout,1,2.6,21,10,12,1,True,0,1
12282.6,upi,network_timeout,1,2.7,14,18,3,1,False,0,1
15631.52,upi,bank_outage,1,2.1,28,18,8,1,True,0,1
1716.44,subscription_mandate,card_expired,1,0.6,31,7,10,0,False,1,1
6513.69,subscription_mandate,bank_outage,2,3.1,30,18,11,0,False,1,1
4886.34,netbanking,authentication_failed,1,0.6,1,14,1,0,False,0,1
1705.49,subscription_mandate,network_timeout,2,8.6,19,21,11,1,True,1,1
2137.26,upi,card_expired,1,0.3,16,23,4,1,False,1,1
1971.74,upi,authentication_failed,3,0.1,19,9,14,1,True,0,1
1789.82,card,insufficient_funds,1,5.1,12,10,4,0,True,1,1
1097.24,card,network_timeout,1,1.6,22,18,4,0,True,1,0
17393.81,card,bank_outage,2,1.9,19,10,11,1,True,0,1
927.0,upi,insufficient_funds,1,2.4,24,9,3,0,False,0,1
2685.08,subscription_mandate,network_timeout,1,3.7,25,20,8,2,True,1,0
2112.57,upi,bank_outage,1,0.6,28,20,8,0,True,1,1
2613.84,card,insufficient_funds,2,3.1,14,7,7,1,True,1,0
3506.06,card,authentication_failed,3,2.3,27,16,2,1,False,0,1
5166.39,netbanking,network_timeout,4,0.2,11,13,9,0,True,0,1
8526.69,subscription_mandate,bank_outage,3,0.9,13,13,0,1,False,1,1
874.03,card,authentication_failed,1,1.1,12,15,10,1,False,0,1
3958.05,card,authentication_failed,2,1.2,6,17,9,0,True,0,1
8773.26,card,bank_outage,1,4.1,27,16,7,2,True,0,1
7426.55,card,bank_outage,1,2.6,27,21,3,0,False,1,1
1067.99,subscription_mandate,card_expired,3,3.2,8,11,8,1,False,1,0
12083.64,upi,insufficient_funds,2,3.1,1,10,25,1,True,0,1
909.12,upi,insufficient_funds,1,2.0,27,23,9,2,True,1,1
4009.76,card,insufficient_funds,1,3.4,26,21,0,2,False,0,1
3601.17,card,card_expired,2,0.7,26,10,4,0,False,0,1
871.41,netbanking,card_expired,1,1.2,29,15,8,2,True,0,0
3925.26,upi,card_expired,2,4.6,10,9,3,0,False,0,1
240.53,subscription_mandate,card_expired,1,3.8,24,12,0,0,False,1,1
7197.55,netbanking,bank_outage,1,5.6,27,11,1,0,False,0,1
1164.71,card,network_timeout,2,2.6,13,20,16,3,True,0,1
2377.92,upi,insufficient_funds,3,2.8,22,20,10,0,True,0,0
1166.38,card,insufficient_funds,2,1.9,27,6,13,0,True,0,1
2806.22,upi,bank_outage,3,2.9,14,19,9,2,False,0,0
1818.82,upi,card_expired,4,0.5,21,13,5,0,True,0,1
11549.44,card,insufficient_funds,1,0.1,6,13,1,1,False,0,1
1778.3,upi,card_expired,5,2.1,29,19,3,1,False,0,0
1282.14,netbanking,high_risk_fraud,1,12.9,9,2,11,1,False,1,0
10307.44,card,high_risk_fraud,2,2.3,7,8,1,1,False,0,0
476.71,card,bank_outage,1,2.4,28,7,5,1,False,1,1
6161.11,card,bank_outage,3,0.5,12,15,10,3,False,0,1
954.93,subscription_mandate,insufficient_funds,2,3.2,30,19,5,0,True,1,1
2037.24,card,bank_outage,2,0.4,31,13,8,1,False,0,1
337.39,card,authentication_failed,1,7.7,12,10,8,0,True,0,1
3213.13,card,insufficient_funds,1,3.2,1,20,5,2,True,1,1
3616.29,card,insufficient_funds,1,3.9,18,21,12,1,False,0,0
12752.42,card,card_expired,2,6.2,21,5,9,1,True,0,0
3576.03,card,network_timeout,4,0.5,1,17,15,1,True,1,1
635.69,card,bank_outage,1,0.2,5,22,18,0,True,0,1
2298.56,subscription_mandate,insufficient_funds,1,3.2,6,21,13,0,True,1,1
5273.19,card,card_expired,1,1.1,18,12,5,1,True,1,0
5535.26,upi,card_expired,3,2.2,6,18,6,0,False,0,1
2070.33,upi,insufficient_funds,1,0.9,18,11,3,3,False,0,0
2257.64,subscription_mandate,high_risk_fraud,3,5.9,9,10,15,1,True,1,0
1676.43,card,insufficient_funds,2,1.1,15,8,4,1,False,0,0
1542.98,card,network_timeout,1,3.5,15,11,3,3,False,0,1
4674.72,upi,high_risk_fraud,4,1.2,10,6,3,0,False,1,0
1252.09,upi,card_expired,2,2.8,9,20,12,0,True,1,0
4824.38,netbanking,card_expired,1,3.9,6,11,9,1,False,0,0
2175.65,card,authentication_failed,1,1.3,15,11,12,1,False,0,1
2409.65,card,insufficient_funds,1,2.3,9,16,9,0,True,0,1
736.99,upi,authentication_failed,1,1.2,6,23,4,0,True,0,1
2414.12,upi,authentication_failed,1,2.0,13,19,7,1,False,0,0
691.61,upi,bank_outage,2,0.0,17,20,3,1,False,0,0
18593.7,netbanking,insufficient_funds,1,8.5,13,16,3,2,False,0,1
1106.32,card,card_expired,1,0.8,11,20,9,0,True,0,1
21223.64,card,insufficient_funds,1,1.5,29,8,7,1,True,0,1
2894.13,upi,authentication_failed,3,0.6,8,8,4,0,True,1,1
1233.19,upi,network_timeout,1,1.3,9,15,6,1,False,0,1
1589.51,card,network_timeout,1,4.1,22,7,2,0,False,1,1
2017.51,card,network_timeout,2,0.0,27,12,19,1,True,0,1
1738.59,subscription_mandate,insufficient_funds,1,0.2,23,11,6,0,False,1,1
1716.95,netbanking,high_risk_fraud,1,0.8,5,19,14,0,True,0,0
256.91,upi,network_timeout,1,2.9,20,9,3,1,False,0,1
1921.55,subscription_mandate,authentication_failed,1,0.1,5,20,6,1,True,1,1
1513.17,upi,insufficient_funds,1,2.8,1,18,8,2,False,0,1
2498.92,upi,card_expired,1,2.9,20,9,12,2,True,0,1
1114.94,subscription_mandate,card_expired,1,0.9,10,13,4,0,False,1,0
14502.51,upi,network_timeout,1,0.3,30,16,8,0,False,0,1
2233.76,upi,insufficient_funds,1,2.4,29,13,11,0,True,0,1
3741.66,netbanking,bank_outage,2,2.1,9,20,4,1,False,1,1
1047.51,card,insufficient_funds,1,10.9,19,7,11,1,False,0,1
2812.84,upi,insufficient_funds,1,0.3,10,20,6,1,True,1,1
764.39,card,network_timeout,4,9.6,20,14,7,1,True,0,1
1082.93,upi,high_risk_fraud,1,1.3,20,7,10,0,False,0,0
1755.55,upi,bank_outage,2,11.5,6,22,2,1,False,0,0
3639.46,netbanking,bank_outage,1,2.8,11,11,3,3,False,0,1
2520.45,upi,bank_outage,2,5.5,21,6,4,2,True,0,1
602.26,upi,insufficient_funds,4,2.3,23,20,15,2,False,0,0
2323.51,card,card_expired,3,0.4,15,10,4,2,True,0,0
606.76,card,insufficient_funds,1,4.2,6,8,19,1,True,1,1
1478.34,card,card_expired,2,6.0,13,21,7,1,False,0,0
2228.37,upi,bank_outage,1,0.9,3,20,2,1,False,0,0
402.14,subscription_mandate,card_expired,1,2.0,30,9,2,0,False,1,1
2528.69,upi,high_risk_fraud,2,3.5,19,14,3,1,False,0,0
2819.41,subscription_mandate,insufficient_funds,1,0.5,28,21,9,0,True,1,1
2635.37,netbanking,bank_outage,1,1.7,17,20,8,1,True,0,1
18041.15,card,authentication_failed,2,0.7,9,16,8,1,True,0,1
1945.07,card,insufficient_funds,1,7.7,28,9,6,1,False,1,1
2640.83,card,card_expired,3,2.3,13,9,7,0,True,0,0
4818.26,card,authentication_failed,3,1.0,16,3,2,0,False,0,1
1588.28,upi,network_timeout,1,3.1,3,9,20,0,True,0,1
2755.83,card,card_expired,1,1.9,11,17,3,0,False,0,0
3865.34,netbanking,insufficient_funds,2,3.0,27,16,12,0,True,0,1
4531.43,subscription_mandate,insufficient_funds,1,0.0,13,9,1,0,False,1,1
9867.37,card,authentication_failed,1,2.7,8,17,14,3,True,0,0
1116.96,card,card_expired,3,1.5,18,23,8,1,False,0,0
7811.91,card,network_timeout,2,1.1,16,18,4,1,False,0,1
3792.08,card,network_timeout,1,1.8,15,14,9,3,False,1,0
1928.72,card,insufficient_funds,1,0.5,12,9,12,1,False,0,1
4717.57,card,insufficient_funds,2,0.7,12,8,5,0,False,0,1
1317.71,card,insufficient_funds,2,0.5,16,19,3,1,False,0,1
4223.44,subscription_mandate,high_risk_fraud,2,0.9,29,15,7,1,True,1,1
2892.77,card,insufficient_funds,1,7.4,14,12,18,0,True,0,1
320.89,upi,insufficient_funds,1,0.2,14,16,4,2,False,1,1
716.47,subscription_mandate,card_expired,1,0.2,25,9,7,0,False,1,1
4724.9,subscription_mandate,authentication_failed,2,6.6,29,10,12,3,False,1,0
3969.56,card,network_timeout,1,1.9,10,14,3,2,False,0,1
1242.99,card,card_expired,1,0.4,13,13,11,0,False,0,0
5559.95,card,network_timeout,1,2.9,7,20,3,0,False,0,1
35747.61,card,network_timeout,1,1.8,29,20,4,1,True,0,1
2005.1,upi,bank_outage,2,1.8,9,15,8,0,True,1,1
350.64,card,network_timeout,2,6.3,20,0,6,0,True,1,1
970.19,upi,card_expired,1,1.6,14,11,4,0,True,1,1
4591.48,card,card_expired,2,0.5,17,17,3,0,False,0,0
990.81,card,network_timeout,1,0.7,4,5,2,0,False,1,1
7150.38,upi,network_timeout,1,1.0,29,20,2,0,False,0,1
1822.85,upi,card_expired,1,0.0,7,15,2,1,False,0,1
1471.58,card,insufficient_funds,2,1.3,2,12,2,1,False,0,1
683.44,card,network_timeout,1,1.2,12,10,9,1,False,0,1
3127.87,subscription_mandate,card_expired,1,0.4,3,17,2,0,False,1,1
607.12,card,network_timeout,2,1.0,12,16,3,2,False,0,1
3788.23,upi,insufficient_funds,1,0.6,11,14,1,0,False,0,1
7256.69,card,card_expired,1,0.4,27,19,13,0,False,1,0
855.56,upi,bank_outage,1,0.8,29,9,4,3,True,0,1
1512.94,upi,authentication_failed,1,2.8,30,16,4,2,False,0,1
1731.72,card,card_expired,5,4.1,11,13,5,0,True,0,1
3409.26,subscription_mandate,card_expired,1,8.3,23,11,8,0,False,1,1
1136.94,card,bank_outage,1,2.3,12,18,6,0,True,1,1
8755.61,card,bank_outage,1,2.0,28,14,2,1,False,0,1
15119.81,subscription_mandate,card_expired,1,2.3,16,11,9,0,False,1,1
5345.27,card,network_timeout,1,2.6,2,10,9,1,True,1,1
3295.95,card,insufficient_funds,1,0.6,25,11,0,0,False,1,1
4771.98,card,authentication_failed,2,2.8,18,10,6,0,False,0,1
1808.97,upi,bank_outage,1,2.5,16,16,8,3,True,0,1
5904.34,upi,insufficient_funds,2,0.1,3,13,8,0,True,1,1
4941.89,card,insufficient_funds,2,1.6,3,10,14,2,True,0,1
4384.97,netbanking,network_timeout,3,3.8,3,11,20,1,True,1,1
9060.97,subscription_mandate,insufficient_funds,1,0.8,28,13,0,2,False,1,1
5495.3,subscription_mandate,network_timeout,2,0.7,10,8,9,0,False,1,1
1901.05,card,authentication_failed,1,0.0,6,20,4,0,True,0,1
1438.65,subscription_mandate,high_risk_fraud,1,1.0,4,15,17,0,True,1,0
5034.4,card,network_timeout,3,2.7,8,7,0,2,False,0,0
1978.62,upi,card_expired,1,0.8,30,18,14,0,True,0,0
1814.55,card,insufficient_funds,1,0.4,3,6,3,0,False,0,1
8448.58,upi,insufficient_funds,4,1.3,18,7,8,0,False,0,1
2436.11,card,card_expired,1,4.4,27,10,3,1,False,0,0
4563.48,card,insufficient_funds,1,2.4,20,0,3,1,False,1,1
1213.51,netbanking,card_expired,1,8.0,1,16,5,0,True,1,1
9702.68,upi,insufficient_funds,1,0.6,1,14,6,0,True,1,1
782.49,card,insufficient_funds,2,0.5,19,19,11,1,False,1,1
2295.52,card,card_expired,2,3.7,29,7,10,1,True,1,0
1016.99,card,authentication_failed,1,1.3,1,5,2,0,False,1,1
14100.41,upi,card_expired,3,3.2,10,19,3,4,False,1,0
1764.4,card,insufficient_funds,2,3.5,7,11,5,0,True,0,1
1384.3,card,authentication_failed,1,1.4,20,7,2,0,False,0,1
6576.58,card,authentication_failed,3,1.8,13,18,4,0,True,0,1
8028.2,upi,bank_outage,4,3.1,14,20,5,0,True,0,0
4168.48,netbanking,network_timeout,1,4.7,29,8,5,0,False,0,1
1921.73,subscription_mandate,network_timeout,1,2.0,14,20,4,2,True,1,1
7683.01,card,high_risk_fraud,1,8.5,16,9,3,2,False,0,0
3095.1,upi,bank_outage,2,0.1,1,20,14,0,False,0,1
1921.87,card,network_timeout,2,1.5,9,15,9,0,True,1,1
1386.58,subscription_mandate,insufficient_funds,1,0.4,21,10,6,2,False,1,1
2142.57,card,network_timeout,1,2.4,28,12,12,2,False,0,1
630.81,card,insufficient_funds,3,6.4,30,15,15,0,True,0,1
862.84,card,card_expired,1,8.5,6,20,4,2,True,0,0
4701.3,card,authentication_failed,1,1.8,2,11,5,1,False,0,1
3417.44,card,insufficient_funds,2,1.6,27,13,6,1,False,0,1
2759.88,upi,insufficient_funds,3,2.8,11,15,7,0,True,0,0
3374.09,card,bank_outage,1,0.2,30,9,9,0,True,0,1
767.44,upi,bank_outage,1,2.8,18,11,9,0,True,0,1
4305.91,card,authentication_failed,1,0.8,18,3,10,3,True,0,0
25277.52,upi,network_timeout,1,2.9,30,13,16,0,True,0,1
6485.53,card,bank_outage,2,3.5,9,4,19,1,True,0,0
650.55,card,card_expired,1,1.2,13,0,3,1,False,0,0
1874.22,card,high_risk_fraud,2,4.6,6,7,5,1,True,0,0
377.81,subscription_mandate,network_timeout,1,0.6,12,3,11,2,True,1,1
12587.1,card,insufficient_funds,1,2.2,27,18,14,0,True,0,0
8871.24,subscription_mandate,card_expired,1,0.6,15,21,14,1,True,1,1
1874.96,upi,network_timeout,1,5.4,8,13,11,3,True,0,1
1160.74,upi,network_timeout,3,2.2,21,15,29,0,True,1,0
5626.96,upi,insufficient_funds,1,0.3,11,16,3,0,False,0,1
2697.67,subscription_mandate,card_expired,2,10.5,13,19,19,0,True,1,0
8040.49,subscription_mandate,insufficient_funds,2,3.1,28,12,1,0,False,1,1
2174.74,subscription_mandate,insufficient_funds,4,0.4,18,15,5,1,False,1,0
1195.24,upi,insufficient_funds,2,0.0,19,8,18,1,True,0,1
1545.7,card,authentication_failed,1,2.3,16,9,18,2,True,0,1
2136.04,netbanking,authentication_failed,1,5.6,20,19,9,2,False,0,1
2000.31,card,insufficient_funds,2,2.5,28,14,6,0,False,0,1
4332.23,subscription_mandate,card_expired,1,0.3,7,17,26,0,True,1,1
2438.86,card,network_timeout,1,1.3,23,1,11,1,True,1,1
3967.39,upi,network_timeout,1,1.5,18,17,9,0,False,1,1
636.07,card,insufficient_funds,4,2.5,2,10,8,0,True,0,1
1832.52,upi,authentication_failed,4,7.0,21,18,6,0,True,1,1
5734.06,upi,bank_outage,2,1.8,3,15,0,2,False,0,1
3299.37,upi,high_risk_fraud,4,7.4,25,15,9,1,True,0,0
2669.02,subscription_mandate,bank_outage,2,2.1,11,16,2,0,False,1,1
740.81,card,network_timeout,1,0.1,29,11,6,1,True,0,1
1628.85,upi,authentication_failed,3,0.1,31,21,11,1,False,1,1
718.88,card,insufficient_funds,1,2.4,14,18,15,2,False,0,1
6877.58,card,network_timeout,2,2.5,6,7,1,0,False,0,1
2046.64,card,network_timeout,1,2.6,9,17,1,2,False,0,1
3162.36,card,network_timeout,4,11.8,18,10,8,2,True,0,0
248.05,upi,card_expired,1,1.0,5,13,6,1,True,1,0
1144.05,card,insufficient_funds,4,1.3,30,13,9,0,True,1,1
1312.87,card,authentication_failed,1,0.0,22,12,2,2,False,0,1
1467.24,card,authentication_failed,1,0.7,12,11,9,1,False,0,1
3140.5,upi,bank_outage,1,3.0,23,11,6,1,True,0,1
3582.79,subscription_mandate,card_expired,1,7.0,22,13,2,0,False,1,1
763.99,netbanking,card_expired,2,6.2,12,12,3,1,False,1,1
872.81,card,network_timeout,2,3.9,3,9,9,1,True,0,1
3104.43,card,authentication_failed,2,1.0,15,9,8,0,False,1,1
292.22,card,network_timeout,2,3.0,18,12,13,0,False,0,0
3971.63,subscription_mandate,insufficient_funds,1,3.1,11,11,11,0,False,1,1
2993.84,card,authentication_failed,1,0.3,27,13,2,3,False,1,1
2100.68,card,bank_outage,1,4.7,10,11,5,1,True,0,1
2018.13,upi,network_timeout,1,4.6,10,8,9,0,True,0,1
16638.53,netbanking,authentication_failed,3,5.0,15,10,6,1,True,0,0
2552.84,upi,insufficient_funds,1,0.3,20,18,5,4,False,0,0
992.86,card,authentication_failed,1,2.0,29,14,7,0,True,1,1
1306.96,card,card_expired,5,0.4,5,9,15,0,True,0,0
4209.0,netbanking,insufficient_funds,2,0.4,2,9,2,1,False,1,1
2935.18,upi,insufficient_funds,2,0.6,3,13,12,1,True,0,1
1282.14,card,insufficient_funds,1,1.1,30,11,4,0,True,1,1
5262.63,upi,card_expired,1,0.4,16,10,4,0,False,0,0
3292.93,card,network_timeout,1,0.3,14,20,6,1,True,0,1
3521.54,subscription_mandate,bank_outage,1,2.1,19,17,2,2,False,1,1
1292.63,card,network_timeout,1,2.3,2,20,7,1,False,0,1
1434.76,card,insufficient_funds,2,9.6,24,14,9,0,False,0,0
2886.31,card,insufficient_funds,3,0.1,15,17,2,0,False,0,0
2328.9,card,insufficient_funds,1,0.9,28,7,8,2,True,0,0
829.76,card,network_timeout,2,2.2,7,4,11,2,False,0,0
821.79,upi,insufficient_funds,2,3.9,17,10,10,4,False,0,1
5425.6,upi,card_expired,1,5.9,27,22,0,0,False,0,0
3676.62,upi,card_expired,2,2.1,20,14,9,0,True,0,1
686.5,upi,card_expired,2,0.5,7,19,10,0,True,0,1
2764.29,card,card_expired,1,0.2,27,22,16,1,True,0,0
1187.54,netbanking,insufficient_funds,1,6.2,17,18,10,3,True,1,1
650.1,upi,bank_outage,1,1.2,31,20,2,1,False,0,1
5156.3,upi,insufficient_funds,2,2.2,2,10,2,0,False,0,1
3827.57,subscription_mandate,card_expired,2,0.5,23,12,8,3,True,1,1
1667.14,upi,bank_outage,2,7.3,5,16,6,0,True,0,1
9560.44,upi,insufficient_funds,3,0.9,14,17,3,2,False,0,1
17274.88,upi,insufficient_funds,1,3.2,21,21,5,2,False,0,0
1488.33,card,authentication_failed,1,7.5,30,12,9,0,True,1,1
1336.23,card,card_expired,1,0.2,24,14,7,0,False,0,0
585.22,card,high_risk_fraud,1,4.0,13,7,11,2,True,1,1
863.04,upi,card_expired,2,2.4,20,10,2,0,False,0,1
801.91,upi,insufficient_funds,1,2.1,25,22,9,0,True,0,1
452.98,card,insufficient_funds,1,1.3,12,12,13,2,True,1,0
3035.44,upi,card_expired,3,0.7,2,12,3,0,False,1,0
1534.58,netbanking,authentication_failed,1,1.2,31,9,10,0,True,0,1
6651.62,upi,bank_outage,1,0.9,11,20,4,0,False,0,1
730.98,upi,insufficient_funds,3,4.4,3,20,7,1,False,0,1
4146.49,upi,card_expired,2,0.6,10,9,7,0,True,0,1
4716.98,card,network_timeout,1,4.0,17,12,22,0,True,0,1
681.01,card,card_expired,1,0.1,3,15,10,2,False,0,1
2810.77,card,insufficient_funds,1,1.7,5,14,2,1,False,0,1
537.0,upi,insufficient_funds,1,5.8,7,18,12,2,True,0,1
13406.2,card,card_expired,1,1.7,16,17,8,0,False,1,0
2632.64,card,authentication_failed,2,5.2,15,19,7,2,True,1,1
1205.84,upi,card_expired,2,2.0,11,6,6,0,True,0,0
1296.14,card,insufficient_funds,2,3.1,17,19,8,0,True,0,1
4698.4,upi,bank_outage,3,1.2,26,7,5,0,True,0,1
1651.81,upi,authentication_failed,2,1.0,1,1,16,1,True,0,1
1773.42,subscription_mandate,authentication_failed,5,1.8,26,13,6,2,False,1,0
1847.87,card,card_expired,3,3.2,10,12,2,0,False,1,0
2364.24,card,high_risk_fraud,1,2.9,26,18,0,1,False,0,0
517.71,upi,card_expired,2,2.3,18,9,4,1,False,0,0
1922.69,upi,network_timeout,3,1.5,24,17,0,0,False,0,1
4036.75,card,authentication_failed,1,1.7,23,19,5,0,True,0,1
2768.42,card,authentication_failed,2,0.7,30,15,6,1,True,0,1
2180.49,card,insufficient_funds,2,1.5,11,12,2,1,False,0,0
723.57,card,network_timeout,1,0.6,1,20,8,0,False,0,1
3722.8,upi,card_expired,1,5.9,31,15,3,0,False,0,0
2053.14,upi,insufficient_funds,3,6.6,28,18,2,1,False,0,1
3562.57,upi,card_expired,2,0.7,14,16,8,1,True,0,1
1994.63,subscription_mandate,network_timeout,1,0.2,18,14,10,0,True,1,1
2032.42,card,network_timeout,1,1.2,13,18,6,0,True,0,1
3669.41,upi,insufficient_funds,2,3.1,5,7,2,1,False,0,1
5361.66,subscription_mandate,insufficient_funds,1,2.1,18,18,3,1,False,1,1
4139.48,card,network_timeout,1,0.6,18,6,2,1,False,0,1
1533.11,upi,bank_outage,2,2.4,26,18,5,1,False,0,1
1434.7,card,network_timeout,1,0.3,29,16,12,3,True,0,1
1657.82,upi,card_expired,1,0.5,13,0,3,1,False,0,0
6012.14,card,network_timeout,1,0.7,7,23,2,2,False,0,1
1434.44,card,insufficient_funds,5,1.1,25,2,8,0,False,0,0
2190.1,card,card_expired,3,3.6,16,17,6,0,True,0,0
1903.11,upi,authentication_failed,1,3.0,14,16,2,0,False,0,1
3164.0,upi,insufficient_funds,2,0.1,4,13,7,1,True,0,1
599.67,card,insufficient_funds,1,4.4,12,18,8,1,True,0,1
2441.51,upi,insufficient_funds,3,2.9,28,16,6,1,True,1,1
679.15,upi,card_expired,1,1.9,26,8,1,1,False,1,1
2550.53,subscription_mandate,high_risk_fraud,2,0.4,18,19,6,1,True,1,0
8434.85,upi,bank_outage,2,2.6,3,16,8,0,True,1,1
3902.15,card,insufficient_funds,1,0.1,23,18,4,0,True,0,1
2307.38,upi,card_expired,1,1.0,28,12,8,2,True,0,1
6111.28,upi,card_expired,3,3.6,26,12,11,1,False,0,1
7097.27,upi,network_timeout,1,0.4,30,11,2,1,False,0,0
4442.56,card,insufficient_funds,4,2.7,20,15,6,0,True,0,1
972.3,card,high_risk_fraud,2,0.2,11,8,8,0,True,1,0
1177.71,upi,authentication_failed,1,0.5,7,19,5,0,True,0,0
732.48,card,bank_outage,1,1.9,15,14,3,0,False,1,1
4277.18,card,card_expired,1,4.7,31,8,6,2,False,1,1
1629.19,upi,bank_outage,1,0.8,28,0,11,2,True,0,1
5536.41,upi,insufficient_funds,2,1.7,25,22,4,0,False,0,1
4363.72,upi,insufficient_funds,1,2.4,30,20,12,0,True,1,1
894.23,subscription_mandate,bank_outage,1,0.3,10,15,7,0,True,1,1
1073.63,upi,bank_outage,4,3.4,31,15,9,0,True,0,1
3355.61,upi,insufficient_funds,1,1.3,31,18,15,1,True,0,1
2100.71,upi,insufficient_funds,3,1.6,8,14,6,2,False,0,0
783.35,card,card_expired,1,1.9,1,14,2,1,False,0,0
856.3,card,authentication_failed,2,0.8,27,20,7,3,True,0,1
2499.18,card,insufficient_funds,1,0.9,30,11,19,2,True,0,1
870.23,card,card_expired,1,0.5,17,11,0,0,False,0,0
1510.27,netbanking,insufficient_funds,2,4.1,5,16,7,0,True,1,1
1614.6,card,authentication_failed,2,0.7,25,11,5,0,True,0,0
610.42,upi,high_risk_fraud,1,0.8,10,11,10,4,False,1,0
1807.66,card,insufficient_funds,1,4.0,28,12,10,0,True,1,1
355.12,upi,network_timeout,2,1.0,1,14,14,0,True,0,1
4336.94,upi,insufficient_funds,1,3.0,20,21,16,0,True,1,0
42199.2,upi,bank_outage,1,1.5,27,12,4,1,True,0,1
1007.55,card,network_timeout,1,7.9,18,7,3,0,False,0,1
2650.52,upi,card_expired,1,4.9,11,14,2,1,False,0,1
1634.01,upi,authentication_failed,1,1.9,26,20,3,0,False,0,1
5626.34,card,network_timeout,4,5.4,1,14,5,1,False,0,0
2496.92,upi,insufficient_funds,1,0.8,16,18,4,1,True,0,0
1171.85,upi,insufficient_funds,1,1.0,10,16,5,2,False,1,0
2406.97,upi,bank_outage,1,5.6,16,11,7,1,True,0,1
3080.64,card,bank_outage,2,0.1,29,20,6,0,True,0,1
5397.77,upi,high_risk_fraud,1,0.0,21,3,6,1,True,0,0
1337.14,upi,card_expired,1,0.7,8,10,6,0,True,0,1
2753.25,card,insufficient_funds,3,3.7,26,21,8,0,False,0,0
3980.84,upi,authentication_failed,1,2.6,9,10,8,1,False,1,1
1561.68,card,insufficient_funds,3,1.3,30,13,3,0,False,0,1
3888.62,upi,insufficient_funds,1,1.8,15,17,4,2,True,0,0
7752.09,card,network_timeout,1,3.6,19,20,7,1,False,0,1
2136.99,netbanking,insufficient_funds,1,8.6,3,18,8,2,False,0,1
5805.43,netbanking,network_timeout,3,1.2,29,14,5,3,True,0,1
613.9,card,authentication_failed,2,3.7,27,11,1,1,False,0,1
16020.27,upi,authentication_failed,2,0.4,5,10,0,0,False,1,0
2499.35,card,insufficient_funds,1,2.0,8,20,5,0,True,1,1
4390.57,upi,insufficient_funds,3,1.3,5,4,9,1,True,0,1
2438.56,upi,network_timeout,1,5.8,21,12,6,1,True,1,1
1677.54,netbanking,insufficient_funds,1,0.2,3,12,4,1,True,0,1
907.85,card,bank_outage,1,1.1,2,9,9,1,False,0,1
2402.5,card,card_expired,1,0.1,11,11,5,0,False,0,1
2284.18,netbanking,insufficient_funds,2,2.0,19,12,4,0,True,0,1
227.05,upi,card_expired,1,0.7,3,15,14,1,False,1,1
3519.27,card,card_expired,1,1.8,10,8,1,0,False,0,1
5505.85,card,insufficient_funds,2,1.0,23,11,8,0,False,0,1
4153.81,upi,card_expired,3,4.4,29,13,3,1,False,0,1
2464.07,upi,bank_outage,1,3.8,28,12,5,1,False,0,0
1162.42,upi,insufficient_funds,1,10.9,19,12,5,2,False,0,1
1751.45,upi,card_expired,3,1.5,30,16,10,0,True,1,0
1164.52,upi,network_timeout,2,14.0,24,15,1,0,False,0,1
4792.02,card,authentication_failed,1,4.9,3,21,3,1,False,0,0
1035.12,upi,insufficient_funds,1,2.8,16,10,8,1,True,0,1
5035.69,card,card_expired,1,1.1,30,12,10,1,True,0,1
4929.92,card,card_expired,1,2.4,21,10,4,0,True,0,0
4497.66,card,insufficient_funds,2,3.1,22,9,20,0,True,0,1
651.83,netbanking,insufficient_funds,1,2.2,15,10,12,3,True,0,1
2377.27,card,insufficient_funds,1,3.4,25,16,4,0,False,0,1
9472.6,upi,card_expired,1,0.6,11,10,4,3,True,0,1
2371.81,card,authentication_failed,3,0.1,13,14,2,0,False,0,0
9393.86,card,card_expired,1,0.6,21,11,3,1,False,0,0
1949.38,upi,insufficient_funds,1,2.8,13,4,9,0,True,0,1
2558.06,upi,authentication_failed,1,0.3,26,13,5,1,True,0,1
1031.62,upi,card_expired,1,0.5,17,13,3,0,False,0,0
705.8,upi,card_expired,2,2.8,19,12,6,0,True,0,1
4231.08,card,network_timeout,1,1.1,13,11,9,1,True,0,1
2975.94,upi,insufficient_funds,2,0.4,19,17,9,1,True,0,1
3206.01,card,authentication_failed,3,1.4,22,10,4,0,True,0,1
7286.55,upi,card_expired,1,0.3,19,9,9,0,False,0,1
1667.23,upi,insufficient_funds,2,1.0,5,17,5,2,False,0,1
4102.44,card,authentication_failed,2,1.4,18,10,4,2,True,0,0
1990.42,upi,network_timeout,1,0.4,12,15,13,0,True,0,1
981.5,card,high_risk_fraud,1,4.9,1,10,7,0,True,0,0
3080.6,upi,authentication_failed,1,4.0,24,11,6,0,False,0,1
725.03,upi,authentication_failed,2,0.3,31,12,10,1,False,0,1
3454.78,card,bank_outage,1,0.1,21,6,2,0,False,0,0
12886.7,upi,insufficient_funds,1,1.2,11,15,14,0,True,0,1
6045.4,card,insufficient_funds,1,9.8,17,15,13,0,True,0,1
2081.99,upi,card_expired,2,0.2,28,20,4,0,False,0,1
2287.34,card,network_timeout,1,2.1,28,20,1,3,False,0,1
3069.14,upi,bank_outage,1,3.3,10,16,8,1,True,1,1
26340.64,upi,network_timeout,1,0.4,24,16,7,1,True,0,1
6299.87,subscription_mandate,high_risk_fraud,3,1.2,27,17,13,0,False,1,0
7061.59,upi,insufficient_funds,4,0.2,11,7,0,0,False,0,0
7382.69,upi,insufficient_funds,1,10.1,11,14,12,2,False,0,0
1714.21,upi,insufficient_funds,3,2.0,20,14,10,1,False,1,1
3713.61,card,insufficient_funds,2,4.7,15,17,11,1,True,1,1
9136.06,subscription_mandate,authentication_failed,1,6.0,26,15,6,2,True,1,1
4151.97,upi,insufficient_funds,3,0.3,10,11,9,0,False,1,1
1591.34,upi,card_expired,1,0.5,25,4,2,0,False,0,0
4170.03,card,insufficient_funds,3,3.8,14,17,2,3,False,0,0
2273.45,card,insufficient_funds,1,0.4,1,20,3,0,False,0,1
4242.73,card,high_risk_fraud,1,3.1,19,14,4,0,True,0,0
1049.01,card,card_expired,3,0.3,29,16,3,0,False,0,1
2506.98,card,card_expired,2,0.5,24,8,2,1,False,1,1
2144.69,subscription_mandate,insufficient_funds,3,1.5,9,7,1,0,False,1,0
1957.5,upi,card_expired,1,5.9,25,8,11,0,False,0,0
1034.52,upi,insufficient_funds,2,0.7,24,22,1,1,False,0,1
6878.23,upi,network_timeout,1,0.8,26,12,6,0,True,0,0
1924.11,card,insufficient_funds,1,0.3,3,10,13,2,False,0,1
6075.11,card,bank_outage,1,3.4,24,7,4,2,True,0,1
2984.24,card,card_expired,1,0.4,18,10,5,0,True,1,1
3090.51,subscription_mandate,card_expired,1,0.1,17,18,1,1,False,1,1
2090.61,upi,insufficient_funds,2,0.1,6,6,6,0,True,0,1
3455.76,upi,bank_outage,2,1.0,17,7,3,1,False,1,1
1556.66,upi,bank_outage,1,1.9,25,22,11,2,False,0,1
932.29,upi,network_timeout,3,0.2,15,20,6,0,True,0,1
3676.42,upi,network_timeout,1,0.1,5,11,5,2,True,0,1
1624.55,upi,bank_outage,2,2.4,7,0,10,0,True,0,1
5796.08,card,authentication_failed,1,1.8,5,14,18,0,False,0,0
7842.25,subscription_mandate,bank_outage,1,0.3,2,16,1,1,False,1,1
2142.5,card,insufficient_funds,3,6.7,22,6,2,1,False,1,0
6934.03,subscription_mandate,card_expired,2,3.4,19,10,11,2,False,1,0
1119.36,card,network_timeout,1,0.2,26,15,7,1,True,0,1
4071.75,card,network_timeout,1,0.5,19,20,9,0,True,0,1
1369.37,card,bank_outage,1,1.2,15,0,9,2,True,0,1
2001.01,card,network_timeout,1,0.6,11,18,6,0,False,0,1
4965.45,upi,insufficient_funds,1,1.1,31,18,4,2,True,0,1
564.48,upi,bank_outage,1,1.2,1,7,10,2,True,0,1
2188.17,card,network_timeout,1,0.0,3,10,1,1,False,1,1
1948.7,card,insufficient_funds,3,2.3,29,20,3,1,False,0,1
1695.93,card,high_risk_fraud,2,0.2,8,18,12,0,True,0,1
1668.06,upi,high_risk_fraud,1,6.8,10,9,3,0,False,0,0
3688.52,card,network_timeout,1,3.0,8,0,1,1,False,1,0
776.97,upi,bank_outage,1,3.5,5,15,10,0,True,0,1
987.1,upi,insufficient_funds,1,1.9,15,6,1,0,False,1,0
1211.15,upi,bank_outage,5,0.3,10,8,12,0,False,0,1
935.43,upi,insufficient_funds,2,1.0,23,11,3,0,False,0,1
2258.61,card,network_timeout,3,0.8,5,14,21,0,True,0,1
1236.88,card,insufficient_funds,3,0.4,23,12,7,1,True,0,1
747.75,subscription_mandate,authentication_failed,2,6.0,7,13,11,0,True,1,1
1455.99,upi,bank_outage,3,0.7,13,4,7,0,False,1,1
115.39,upi,bank_outage,3,0.2,28,14,11,1,True,1,1
4381.33,upi,authentication_failed,2,3.1,25,22,1,0,False,0,1
12345.09,card,network_timeout,1,0.6,19,18,1,4,False,1,1
23501.62,upi,high_risk_fraud,2,2.1,1,11,4,1,True,1,0
485.71,subscription_mandate,bank_outage,1,0.6,13,18,16,0,True,1,1
7927.67,subscription_mandate,card_expired,5,2.7,31,12,1,2,False,1,0
2266.89,card,insufficient_funds,2,1.1,7,15,7,2,True,0,1
1882.91,card,insufficient_funds,1,1.2,5,10,16,0,True,0,1
2612.22,card,insufficient_funds,2,2.7,3,14,17,1,False,0,1
740.3,netbanking,bank_outage,3,0.4,7,11,5,0,False,0,1
403.06,card,bank_outage,3,0.2,7,12,17,0,True,0,1
2859.87,card,insufficient_funds,1,0.8,2,17,15,0,True,0,1
1347.12,upi,network_timeout,1,5.2,13,8,6,0,True,0,1
1647.12,card,insufficient_funds,2,7.3,8,18,14,0,True,0,0
2795.86,subscription_mandate,insufficient_funds,2,0.4,19,12,0,1,False,1,1
2418.11,upi,insufficient_funds,1,0.4,16,13,5,2,True,0,1
2536.31,upi,high_risk_fraud,1,2.6,17,17,12,0,True,0,1
10562.77,card,authentication_failed,3,0.1,4,10,5,1,True,0,1
18279.92,card,insufficient_funds,1,0.6,15,3,10,1,True,0,1
7273.54,card,insufficient_funds,1,7.2,24,11,4,0,True,1,1
791.33,upi,bank_outage,1,1.9,21,13,1,0,False,0,1
1098.45,subscription_mandate,network_timeout,2,1.7,15,2,6,2,True,1,1
3825.36,subscription_mandate,bank_outage,2,3.0,18,12,3,1,False,1,1
1263.22,netbanking,bank_outage,1,2.1,26,14,1,0,False,0,1
1668.38,upi,insufficient_funds,1,1.0,8,10,2,1,False,0,0
3067.41,card,insufficient_funds,2,0.5,18,9,13,3,True,0,0
1413.16,card,bank_outage,2,0.2,25,11,6,0,True,0,1
4847.35,card,insufficient_funds,1,0.5,15,10,13,2,False,0,1
2628.52,card,bank_outage,1,2.9,29,10,14,0,False,0,1
5492.49,netbanking,authentication_failed,1,0.5,20,14,6,1,True,0,1
908.52,upi,card_expired,2,1.2,5,8,7,2,True,0,1
1092.36,subscription_mandate,insufficient_funds,2,8.3,20,7,2,1,False,1,1
5411.13,upi,insufficient_funds,1,0.3,18,9,8,3,False,0,1
2628.44,card,insufficient_funds,1,2.5,20,11,5,0,True,0,1
1967.78,subscription_mandate,card_expired,4,3.4,31,21,8,4,True,1,0
2214.98,subscription_mandate,network_timeout,1,2.3,6,13,7,0,False,1,1
2800.37,card,insufficient_funds,2,2.5,29,2,1,0,False,0,1
3645.44,upi,insufficient_funds,1,1.0,17,18,2,1,False,0,1
3261.64,card,insufficient_funds,2,0.2,28,0,3,0,False,0,1
1969.61,upi,insufficient_funds,1,4.5,27,13,7,2,True,0,1
224.98,subscription_mandate,insufficient_funds,1,3.2,25,11,6,3,True,1,1
12030.63,upi,insufficient_funds,1,6.8,5,10,3,0,False,1,1
504.92,card,insufficient_funds,2,2.1,31,8,11,2,True,0,1
1676.37,card,insufficient_funds,1,1.8,27,19,8,0,True,0,1
683.1,upi,bank_outage,1,2.3,24,12,6,1,False,0,1
1609.7,upi,bank_outage,1,0.2,17,18,1,0,False,0,1
9605.17,upi,network_timeout,1,0.5,16,22,8,1,True,0,1
4449.03,subscription_mandate,bank_outage,1,0.3,27,17,3,1,False,1,1
1363.47,card,network_timeout,4,1.1,25,22,6,0,True,0,1
1013.81,card,insufficient_funds,2,0.1,12,13,14,0,False,0,1
529.71,subscription_mandate,high_risk_fraud,1,0.2,2,11,8,0,False,1,1
3269.01,upi,insufficient_funds,3,0.2,9,16,10,1,True,0,1
1314.61,upi,authentication_failed,1,1.4,13,19,13,1,True,1,1
846.51,upi,insufficient_funds,2,6.9,21,12,2,1,False,0,0
3308.44,card,authentication_failed,2,1.3,9,8,14,0,False,0,1
1822.12,card,high_risk_fraud,2,2.1,9,12,2,1,False,0,0
1722.51,card,high_risk_fraud,1,5.3,18,9,2,1,False,0,0
1241.38,card,insufficient_funds,2,5.6,29,20,7,0,True,0,1
5497.78,card,network_timeout,4,2.5,17,10,11,0,True,0,1
1315.24,card,card_expired,1,1.9,27,19,2,1,False,0,0
1497.62,card,network_timeout,1,4.1,8,17,8,1,False,0,1
9228.82,card,insufficient_funds,1,0.1,19,14,5,1,True,0,1
13419.81,card,authentication_failed,3,1.7,24,19,12,0,False,0,1
1002.26,card,insufficient_funds,3,3.4,8,10,8,0,False,0,1
2778.09,card,insufficient_funds,1,2.7,1,21,4,0,True,0,1
1866.2,card,insufficient_funds,1,1.3,31,8,7,2,True,0,1
6636.59,netbanking,card_expired,3,3.5,22,16,6,1,False,1,0
509.02,upi,card_expired,2,4.5,8,21,2,1,False,0,0
1812.47,card,card_expired,1,1.2,19,7,2,3,False,0,0
1785.13,card,network_timeout,1,1.8,16,19,11,1,False,0,1
1185.96,upi,high_risk_fraud,1,2.7,31,9,12,2,True,0,0
1573.89,card,insufficient_funds,1,0.1,26,17,2,2,False,0,1
3284.07,subscription_mandate,bank_outage,1,0.3,22,16,5,2,False,1,1
9160.97,upi,insufficient_funds,1,3.2,2,15,4,0,True,0,1
4595.6,card,card_expired,4,8.2,7,9,11,1,False,0,0
2135.99,card,insufficient_funds,1,0.8,11,3,13,0,True,0,1
6586.02,subscription_mandate,insufficient_funds,2,0.6,6,14,6,3,True,1,0
6092.01,upi,bank_outage,2,1.2,2,16,7,0,False,0,1
5908.64,card,card_expired,2,1.4,15,10,7,1,False,0,0
1968.21,subscription_mandate,card_expired,1,0.5,23,14,3,0,False,1,1
1456.55,upi,insufficient_funds,4,2.9,23,3,2,1,False,0,0
9573.33,card,authentication_failed,1,0.7,5,10,5,2,True,1,1
6636.44,card,network_timeout,2,0.6,7,8,3,1,False,0,0
1513.24,card,card_expired,2,0.4,22,13,4,2,False,0,1
2077.88,card,insufficient_funds,4,1.8,17,21,4,0,True,0,0
2108.01,upi,network_timeout,1,0.1,22,17,4,0,False,0,1
558.17,card,bank_outage,2,3.4,6,18,2,0,False,0,1
3066.44,card,card_expired,1,5.8,29,11,12,0,False,1,0
3622.69,card,card_expired,2,3.8,10,19,4,3,True,0,0
3426.99,card,insufficient_funds,3,3.7,4,4,1,1,False,0,0
2931.54,upi,insufficient_funds,3,1.4,2,11,2,1,False,0,0
1474.58,netbanking,network_timeout,1,3.8,24,18,4,2,True,1,1
2934.42,upi,network_timeout,1,3.0,31,10,6,0,True,0,1
7697.84,upi,card_expired,4,1.2,25,18,4,1,True,0,0
545.37,netbanking,bank_outage,3,2.3,13,11,6,3,True,0,0
974.37,card,card_expired,5,2.9,3,18,8,0,False,0,0
628.67,subscription_mandate,network_timeout,1,2.6,26,18,4,1,True,1,1
2371.77,upi,insufficient_funds,2,3.0,18,14,2,0,False,0,0
788.05,card,insufficient_funds,1,0.3,29,11,3,1,False,1,1
676.34,upi,high_risk_fraud,2,0.1,9,18,6,2,True,1,0
1184.8,card,bank_outage,1,2.0,1,23,7,2,False,1,1
850.81,upi,network_timeout,2,0.8,9,18,12,0,True,0,1
2729.2,card,insufficient_funds,1,0.2,6,4,9,1,True,0,1
2411.74,upi,insufficient_funds,1,1.7,15,17,3,0,False,0,1
465.2,card,network_timeout,4,0.4,30,19,2,0,False,0,1
7279.62,card,insufficient_funds,3,2.1,24,11,7,1,True,0,0
10918.3,card,card_expired,1,0.4,17,10,3,0,False,1,0
746.5,upi,insufficient_funds,1,0.4,30,8,9,1,False,1,1
3268.84,netbanking,insufficient_funds,1,4.0,27,19,5,0,True,0,1
570.83,netbanking,high_risk_fraud,2,4.0,5,4,3,2,False,0,0
3449.38,upi,insufficient_funds,1,5.2,25,10,12,2,True,0,1
3322.91,card,high_risk_fraud,2,0.0,27,8,4,0,False,0,0
1228.75,card,insufficient_funds,1,7.3,18,16,11,0,True,1,1
6165.1,card,insufficient_funds,1,2.6,24,11,2,0,False,0,0
1198.77,card,authentication_failed,1,4.9,26,2,6,0,True,1,1
6224.75,netbanking,bank_outage,2,0.8,25,12,10,2,True,0,1
11309.9,card,authentication_failed,3,1.9,26,11,5,1,True,1,1
4739.5,upi,network_timeout,1,1.6,12,20,7,0,True,0,1
513.42,card,card_expired,1,3.9,6,11,2,0,False,0,0
2125.77,subscription_mandate,card_expired,2,2.6,30,16,2,2,False,1,1
3888.66,subscription_mandate,insufficient_funds,3,3.7,27,17,28,1,False,1,1
3417.9,card,high_risk_fraud,2,1.7,26,18,15,2,False,0,0
2524.28,upi,network_timeout,1,4.2,24,11,9,0,False,0,1
2221.99,upi,card_expired,1,0.3,22,12,6,2,True,0,0
1440.06,upi,bank_outage,2,0.8,25,17,6,2,True,0,1
3875.94,subscription_mandate,high_risk_fraud,1,0.3,23,20,4,1,True,1,0
4937.38,card,network_timeout,2,0.7,22,12,3,1,False,0,1
3072.94,upi,high_risk_fraud,1,0.3,7,7,0,0,False,0,0
12187.12,upi,network_timeout,3,1.0,2,18,5,1,True,0,1
869.91,upi,bank_outage,1,0.8,21,15,5,1,True,0,1
1442.94,upi,network_timeout,1,0.7,18,10,9,0,True,0,1
1853.37,upi,network_timeout,1,0.0,18,14,0,0,False,0,1
2891.33,card,insufficient_funds,2,6.0,23,17,3,2,False,0,1
3776.49,upi,network_timeout,4,7.3,18,22,2,1,False,0,0
3063.51,upi,insufficient_funds,2,0.3,11,8,3,0,False,1,1
1754.59,upi,insufficient_funds,3,8.8,18,16,10,1,False,0,1
203.29,card,authentication_failed,1,3.6,22,9,2,1,False,0,0
269.69,upi,card_expired,2,3.9,30,18,7,1,False,0,0
4381.61,card,bank_outage,1,1.0,14,10,16,2,False,1,1
671.61,subscription_mandate,insufficient_funds,5,0.6,17,18,3,0,False,1,1
266.21,subscription_mandate,high_risk_fraud,2,11.5,3,9,1,0,False,1,0
2680.88,card,network_timeout,1,0.3,3,15,5,0,True,1,1
236.74,netbanking,authentication_failed,1,1.0,14,17,15,0,False,0,1
887.83,upi,network_timeout,4,6.9,14,14,9,0,True,0,1
412.57,subscription_mandate,card_expired,4,8.1,13,15,2,1,False,1,0
327.54,upi,bank_outage,3,0.9,17,13,16,0,True,0,1
2333.62,upi,bank_outage,1,1.4,27,19,0,0,False,0,1
1992.1,upi,card_expired,1,1.1,16,14,7,3,False,0,0
2051.03,upi,authentication_failed,4,1.7,2,10,3,3,False,0,0
1065.37,subscription_mandate,card_expired,4,5.3,11,14,4,2,False,1,0
9464.25,card,card_expired,1,2.7,22,6,7,0,False,0,0
2427.24,card,insufficient_funds,3,6.8,5,12,5,2,True,1,1
1288.85,card,card_expired,1,1.2,24,18,5,0,True,1,1
1729.37,upi,high_risk_fraud,3,0.0,11,20,9,0,True,1,0
690.13,upi,network_timeout,1,7.4,12,10,3,0,False,0,1
2337.87,card,insufficient_funds,4,3.0,11,17,12,1,True,0,0
9169.93,upi,card_expired,3,2.9,21,11,3,1,False,0,0
395.19,card,bank_outage,2,1.8,6,13,6,1,False,1,1
5668.98,upi,authentication_failed,1,2.6,8,5,7,0,False,0,1
1439.32,upi,insufficient_funds,3,1.2,4,9,2,0,False,0,1
3866.18,upi,bank_outage,2,3.0,20,15,2,0,False,1,1
1790.06,upi,network_timeout,2,10.6,24,12,5,2,False,0,1
789.8,upi,card_expired,3,0.1,5,7,7,1,True,0,0
3437.0,subscription_mandate,insufficient_funds,1,7.5,19,18,8,0,True,1,0
2407.88,card,card_expired,1,0.7,18,12,14,1,False,1,1
2880.0,card,insufficient_funds,1,6.1,28,12,12,0,False,0,1
665.31,upi,insufficient_funds,1,0.2,5,17,7,1,True,0,1
150000.0,card,authentication_failed,2,0.1,23,10,13,0,True,1,1
1193.84,netbanking,insufficient_funds,4,0.7,20,12,8,1,True,1,1
1344.1,subscription_mandate,card_expired,2,0.8,14,11,11,0,False,1,0
1166.04,upi,card_expired,1,3.9,28,11,0,2,False,0,0
2158.96,netbanking,bank_outage,2,1.2,14,13,7,1,True,1,1
649.92,upi,insufficient_funds,1,2.7,12,16,7,1,True,0,1
3441.16,subscription_mandate,authentication_failed,5,2.7,9,4,14,0,False,1,0
1457.79,upi,card_expired,1,1.1,24,14,5,2,False,0,0
5456.15,card,authentication_failed,1,6.6,3,20,7,0,True,1,1
1607.52,upi,insufficient_funds,1,1.0,27,13,19,1,True,0,1
1133.48,card,authentication_failed,1,1.5,29,13,23,0,False,0,1
2375.33,upi,card_expired,3,1.9,23,16,7,0,True,1,0
4227.37,card,card_expired,4,2.2,10,14,2,0,False,1,0
2475.16,subscription_mandate,high_risk_fraud,1,1.1,18,21,2,1,False,1,0
2388.9,netbanking,card_expired,2,1.2,9,19,12,4,False,0,0
3136.04,netbanking,network_timeout,1,3.7,27,10,10,0,True,1,1
3720.51,card,card_expired,1,5.0,3,18,2,0,False,1,0
4120.16,subscription_mandate,insufficient_funds,1,1.9,27,10,7,1,True,1,1
7525.12,upi,bank_outage,1,2.1,18,9,15,3,False,0,1
1919.66,upi,network_timeout,1,4.3,22,8,3,0,False,0,1
5059.21,upi,insufficient_funds,1,2.2,6,8,13,1,False,0,1
6103.17,upi,insufficient_funds,1,3.4,15,19,12,0,False,1,1
6151.64,upi,bank_outage,1,2.6,15,12,6,0,True,1,1
7337.53,upi,bank_outage,2,0.1,23,18,2,1,False,0,1
5932.92,card,network_timeout,2,2.3,1,16,0,0,False,0,0
3071.36,subscription_mandate,insufficient_funds,1,0.4,7,15,15,0,True,1,1
4286.47,card,card_expired,1,6.2,11,11,4,0,True,0,1
3382.43,subscription_mandate,network_timeout,1,1.8,8,17,5,4,True,1,0
6153.7,card,insufficient_funds,1,1.5,17,10,11,0,True,1,1
704.88,card,insufficient_funds,2,0.2,30,21,7,2,True,1,1
1522.57,card,card_expired,1,1.6,20,17,7,0,True,0,0
4338.21,card,insufficient_funds,2,2.8,30,14,2,0,False,0,1
748.63,netbanking,authentication_failed,3,2.2,8,11,3,0,False,1,0
4244.45,upi,card_expired,1,4.8,16,2,5,0,True,0,0
1342.15,card,card_expired,1,2.8,13,7,14,1,True,1,1
1147.05,card,insufficient_funds,3,5.1,2,19,13,2,True,1,1
7276.75,upi,network_timeout,3,1.3,17,19,1,1,False,1,1
9761.38,card,bank_outage,1,0.8,9,11,2,1,False,1,1
2267.9,subscription_mandate,bank_outage,1,7.5,14,11,7,2,True,1,1
1607.36,upi,card_expired,1,0.8,15,20,2,1,False,0,0
2651.31,netbanking,card_expired,1,2.3,2,15,8,1,False,1,1
6606.23,card,insufficient_funds,2,4.9,11,6,8,0,False,1,1
2389.2,card,card_expired,1,1.8,28,17,4,1,False,1,0
3396.66,subscription_mandate,bank_outage,2,3.3,9,13,5,1,True,1,1
5228.04,card,bank_outage,1,3.7,1,13,0,1,False,0,1
3393.73,card,bank_outage,1,1.3,17,14,13,0,True,1,1
786.54,upi,network_timeout,2,8.1,22,8,16,0,False,0,1
1317.75,card,network_timeout,2,2.0,31,10,3,3,False,0,1
1309.23,upi,network_timeout,2,0.4,11,19,2,0,False,1,1
1323.47,upi,bank_outage,2,3.5,9,11,11,0,False,0,1
1827.78,card,insufficient_funds,1,4.2,3,6,15,4,True,1,1
14834.12,card,high_risk_fraud,1,2.5,6,17,13,0,False,0,0
4102.72,upi,insufficient_funds,1,2.1,13,7,8,1,False,0,1
4210.8,upi,insufficient_funds,1,4.5,19,3,4,2,False,0,0
783.17,card,insufficient_funds,1,0.8,7,6,9,3,True,0,1
6550.73,netbanking,insufficient_funds,1,0.7,3,0,8,2,False,0,1
2036.11,upi,insufficient_funds,1,2.2,31,8,11,0,True,1,1
5929.07,card,bank_outage,3,0.7,6,10,10,0,False,0,1
3946.2,card,bank_outage,1,0.0,1,10,8,0,False,1,1
3976.91,upi,network_timeout,1,12.6,17,17,8,1,True,0,1
764.9,card,insufficient_funds,2,0.8,27,10,10,4,True,0,1
5780.19,subscription_mandate,insufficient_funds,1,2.5,14,11,13,2,True,1,1
10961.7,netbanking,insufficient_funds,1,1.7,11,23,1,0,False,1,1
5595.13,upi,insufficient_funds,2,5.6,20,13,8,0,False,0,0
2830.63,upi,card_expired,2,1.5,31,11,14,0,False,0,0
7846.86,netbanking,insufficient_funds,1,4.8,21,13,10,2,True,0,1
4211.69,card,high_risk_fraud,4,3.1,25,20,4,0,True,1,0
3790.51,card,card_expired,5,1.4,25,18,2,1,False,0,0
615.7,card,insufficient_funds,2,0.2,4,12,4,2,False,0,1
7469.33,upi,insufficient_funds,2,1.0,5,9,4,1,True,1,1
8967.35,netbanking,network_timeout,1,3.2,6,12,3,1,False,0,0
3512.62,netbanking,bank_outage,2,0.4,7,19,6,0,False,0,1
3364.83,subscription_mandate,card_expired,1,0.4,2,13,2,1,False,1,1
2617.51,card,authentication_failed,4,0.6,31,15,13,1,False,0,1
1296.4,card,insufficient_funds,4,13.3,29,12,6,0,False,0,1
2004.46,upi,insufficient_funds,1,1.4,29,15,7,0,True,1,1
6056.85,card,authentication_failed,2,0.0,24,9,4,0,False,0,1
3147.89,card,insufficient_funds,1,3.7,7,14,12,0,True,0,0
2327.64,subscription_mandate,network_timeout,1,1.2,30,10,2,0,False,1,1
2741.64,card,bank_outage,1,3.5,15,11,6,2,False,0,1
1002.62,upi,card_expired,1,0.6,8,22,4,0,False,0,1
9094.89,card,bank_outage,2,4.6,17,16,3,5,False,0,0
8886.29,card,insufficient_funds,2,4.6,1,14,5,0,True,0,1
7130.3,upi,bank_outage,4,0.7,31,15,8,0,True,0,1
2031.29,card,authentication_failed,1,4.0,28,8,12,1,True,1,1
3835.63,upi,insufficient_funds,1,3.8,29,11,4,0,False,0,1
972.36,subscription_mandate,bank_outage,2,3.1,30,19,0,0,False,1,1
920.74,upi,insufficient_funds,3,1.5,12,20,6,1,True,0,1
865.94,upi,bank_outage,1,0.3,14,14,6,0,False,0,1
2313.71,upi,authentication_failed,1,0.1,2,8,8,0,False,0,1
12823.48,upi,card_expired,3,0.2,4,17,7,1,True,1,0
1491.97,card,network_timeout,1,3.1,4,17,15,2,True,1,1
3392.43,upi,network_timeout,2,1.7,11,17,1,1,False,0,0
3254.32,card,card_expired,4,0.6,11,8,10,0,False,1,0
1667.23,upi,insufficient_funds,1,0.3,8,11,10,1,True,0,1
1579.03,upi,card_expired,1,1.0,13,11,3,0,False,0,1
989.51,upi,card_expired,1,0.4,15,20,2,2,False,0,0
11114.71,card,authentication_failed,2,1.2,18,20,3,0,False,0,1
917.54,upi,bank_outage,1,2.7,23,3,2,0,False,0,1
2792.47,upi,bank_outage,2,0.4,3,18,3,1,False,0,1
14806.54,card,insufficient_funds,1,4.3,16,15,15,3,True,1,0
1992.08,netbanking,insufficient_funds,4,1.7,9,20,2,2,False,0,0
3689.09,card,bank_outage,1,3.2,6,1,1,2,False,0,0
2049.85,upi,high_risk_fraud,1,1.9,6,11,6,0,True,0,0
802.87,upi,insufficient_funds,1,3.9,29,16,29,0,False,0,1
5397.75,card,network_timeout,1,3.9,4,10,5,2,True,0,1
4887.33,card,insufficient_funds,3,0.2,21,20,2,0,False,0,1
2193.95,upi,authentication_failed,1,4.3,6,17,4,2,True,0,1
1175.44,card,network_timeout,1,0.3,4,15,9,1,True,0,1
1204.36,card,card_expired,4,0.6,25,9,11,0,False,0,0
8827.71,upi,insufficient_funds,3,0.8,11,19,6,0,False,1,1
5560.46,card,insufficient_funds,1,2.2,14,19,19,1,False,0,1
7359.22,subscription_mandate,insufficient_funds,1,2.2,11,19,7,1,True,1,1
2274.39,card,insufficient_funds,1,0.6,20,12,5,2,True,0,0
2483.25,netbanking,bank_outage,1,7.0,19,18,2,2,False,0,1
883.71,card,card_expired,1,7.4,12,20,1,1,False,1,0
3634.77,card,network_timeout,1,1.2,13,1,8,0,False,0,1
1487.01,upi,card_expired,1,4.5,12,14,5,0,True,0,1
3239.26,card,card_expired,1,1.3,7,16,5,1,False,0,0
967.95,card,bank_outage,3,1.7,22,11,15,1,False,0,1
2758.57,upi,insufficient_funds,2,0.9,1,11,2,1,False,0,1
1154.05,netbanking,card_expired,3,1.8,20,18,16,0,True,0,1
871.56,card,network_timeout,1,2.2,17,15,10,1,True,0,1
862.74,card,high_risk_fraud,1,0.5,7,4,11,1,True,1,0
1475.82,subscription_mandate,insufficient_funds,2,11.1,27,15,3,0,False,1,0
4512.8,upi,insufficient_funds,1,0.2,8,9,11,0,True,1,1
6444.66,upi,card_expired,1,0.1,29,20,1,0,False,1,1
3589.39,upi,insufficient_funds,4,3.4,2,17,7,1,True,1,1
225.38,card,network_timeout,1,4.7,24,7,9,0,True,0,1
2080.71,netbanking,insufficient_funds,2,0.8,21,12,9,0,True,0,1
4381.67,card,insufficient_funds,2,0.6,19,11,9,1,True,0,1
3776.95,subscription_mandate,insufficient_funds,1,2.3,21,4,1,2,False,1,1
2788.0,card,card_expired,4,3.2,26,22,8,2,False,0,0
1103.42,subscription_mandate,bank_outage,2,5.5,10,10,14,0,True,1,1
3141.04,upi,bank_outage,1,0.5,21,10,9,1,False,1,1
4231.88,card,card_expired,2,2.3,3,17,6,0,True,1,1
2501.44,netbanking,bank_outage,1,9.0,7,17,4,0,True,1,1
2563.25,upi,insufficient_funds,1,0.8,27,20,3,1,False,1,1
1119.13,card,insufficient_funds,1,0.7,31,12,11,4,True,0,1
1128.25,upi,network_timeout,1,0.3,16,9,2,0,False,0,1
1490.37,upi,authentication_failed,1,3.3,19,20,0,0,False,0,1
2541.31,subscription_mandate,bank_outage,1,3.3,31,13,5,2,False,1,0
16444.78,card,card_expired,2,6.1,18,12,9,1,False,0,0
2351.6,card,card_expired,1,2.9,7,10,9,0,False,0,1
966.18,card,bank_outage,1,1.1,1,16,7,0,True,1,1
16334.02,card,insufficient_funds,1,0.6,14,7,4,0,True,0,1
6708.69,subscription_mandate,network_timeout,2,8.9,24,13,9,1,False,1,1
10388.84,card,authentication_failed,3,3.1,31,10,5,2,True,0,0
1292.21,netbanking,insufficient_funds,4,0.5,4,14,4,0,True,0,1
1188.58,subscription_mandate,insufficient_funds,1,1.4,17,11,14,1,False,1,1
3295.7,card,card_expired,2,3.1,17,3,14,1,False,0,0
2808.03,netbanking,insufficient_funds,2,5.2,20,18,8,1,True,0,1
20488.89,card,card_expired,3,3.4,30,4,4,0,True,0,1
1338.43,upi,bank_outage,1,2.6,5,11,0,0,False,0,1
743.09,card,card_expired,4,2.4,27,17,12,0,True,0,0
2586.8,card,card_expired,1,1.2,2,12,9,0,True,1,1
1249.37,card,high_risk_fraud,2,2.9,29,15,3,0,False,1,0
5497.48,card,network_timeout,1,6.6,14,0,8,3,True,0,1
1182.01,card,insufficient_funds,2,0.8,30,6,5,0,True,0,1
1334.24,card,authentication_failed,1,7.0,31,15,6,1,False,1,0
718.82,netbanking,card_expired,2,1.6,10,20,0,0,False,0,0
4030.86,netbanking,authentication_failed,1,0.0,30,12,8,0,True,0,1
6911.11,card,insufficient_funds,1,1.5,9,14,12,0,False,1,1
2262.72,upi,insufficient_funds,1,1.4,26,14,6,1,False,0,1
8107.17,upi,insufficient_funds,1,3.2,12,17,5,2,False,0,1
744.4,upi,network_timeout,1,0.2,6,15,7,2,True,0,1
3727.08,upi,insufficient_funds,1,4.7,15,8,2,3,False,0,0
1075.28,card,card_expired,1,1.4,3,17,7,1,False,0,1
2867.81,upi,high_risk_fraud,2,2.5,25,13,14,2,True,0,0
970.83,card,card_expired,1,1.0,15,10,3,1,False,0,1
961.22,upi,authentication_failed,2,0.5,23,22,12,1,True,0,1
2294.75,subscription_mandate,network_timeout,2,0.9,16,19,2,0,False,1,1
1055.23,upi,authentication_failed,1,0.6,12,11,5,0,True,0,1
268.36,subscription_mandate,high_risk_fraud,1,1.2,11,8,3,1,False,1,0
3682.8,card,network_timeout,1,0.4,21,10,8,0,True,1,1
16860.02,upi,insufficient_funds,1,1.6,15,18,0,1,False,0,0
2827.78,subscription_mandate,network_timeout,1,12.0,12,15,10,0,True,1,1
3064.66,upi,insufficient_funds,2,2.1,8,10,6,1,False,0,1
2482.8,subscription_mandate,authentication_failed,1,2.1,2,18,5,0,True,1,1
1664.54,subscription_mandate,insufficient_funds,1,3.6,2,11,4,2,True,1,1
8740.54,upi,bank_outage,1,2.1,6,10,5,2,True,0,1
7176.07,subscription_mandate,card_expired,1,9.2,16,12,2,0,False,1,1
1353.22,netbanking,insufficient_funds,1,0.5,6,20,2,0,False,0,1
1512.72,upi,card_expired,1,1.1,2,12,9,0,False,0,0
4749.67,card,network_timeout,1,2.4,21,14,3,0,False,0,1
1866.51,card,insufficient_funds,3,2.1,4,17,8,1,True,0,1
5032.58,card,bank_outage,1,1.6,25,9,5,0,True,1,1
1556.15,netbanking,high_risk_fraud,1,0.1,11,16,6,1,True,0,0
1665.47,upi,card_expired,2,0.7,1,7,10,0,True,0,0
3952.69,upi,bank_outage,1,0.8,5,20,11,0,True,0,1
2475.22,subscription_mandate,insufficient_funds,1,1.0,8,14,4,0,True,1,1
6063.4,netbanking,card_expired,1,1.1,24,13,4,3,True,0,1
4771.67,subscription_mandate,network_timeout,1,0.8,7,20,8,3,False,1,1
1301.9,netbanking,insufficient_funds,2,0.3,29,22,2,1,False,0,1
599.04,upi,card_expired,4,2.6,8,19,8,1,True,1,0
1690.61,card,bank_outage,2,5.1,31,13,11,0,True,0,1
14042.58,subscription_mandate,insufficient_funds,1,6.8,15,6,3,1,False,1,1
2367.98,card,insufficient_funds,1,1.0,23,11,13,2,True,0,1
15785.64,netbanking,card_expired,1,2.2,24,5,16,1,True,0,1
1454.48,card,insufficient_funds,1,1.2,30,7,4,4,False,1,1
12688.91,card,bank_outage,1,1.2,29,13,3,0,False,0,1
1260.54,upi,authentication_failed,2,1.0,4,9,1,0,False,1,0
1256.44,card,card_expired,1,4.0,19,13,5,0,True,1,1
1196.95,netbanking,insufficient_funds,1,0.9,8,18,10,0,False,0,1
2399.73,netbanking,insufficient_funds,1,0.9,22,15,3,0,False,0,1
2401.04,card,card_expired,1,1.1,9,11,0,0,False,1,0
2671.26,upi,authentication_failed,2,2.3,31,19,7,1,False,0,0
2340.38,card,bank_outage,2,0.1,9,12,8,0,False,1,1
1084.4,upi,insufficient_funds,1,0.1,11,18,3,0,False,0,1
1854.4,upi,card_expired,2,0.9,1,19,4,3,False,1,0
2025.67,card,network_timeout,4,0.3,15,17,4,0,True,0,0
13251.51,upi,insufficient_funds,1,11.1,29,19,10,0,True,1,0
3443.07,upi,card_expired,2,0.2,27,19,8,2,True,0,1
5346.49,upi,insufficient_funds,3,4.2,30,3,5,1,True,1,1
1673.34,card,bank_outage,1,0.9,18,12,7,1,True,0,1
2639.1,upi,card_expired,2,3.3,22,9,17,0,False,0,0
7786.17,card,card_expired,2,3.4,4,14,6,0,False,1,0
1582.09,upi,insufficient_funds,3,0.0,9,17,28,1,False,0,1
713.29,card,authentication_failed,1,6.4,9,7,12,1,True,1,1
1644.09,upi,insufficient_funds,1,0.9,22,7,3,2,False,1,1
2214.72,subscription_mandate,network_timeout,2,2.0,22,12,4,0,True,1,1
503.16,upi,bank_outage,1,1.7,8,10,3,2,False,0,1
5145.88,card,network_timeout,1,0.5,25,19,16,0,True,0,1
643.87,subscription_mandate,authentication_failed,2,0.2,27,6,21,0,True,1,1
1185.38,card,bank_outage,1,1.1,29,21,6,1,True,0,1
991.06,upi,insufficient_funds,3,1.6,30,18,7,1,False,1,1
669.29,upi,card_expired,1,0.6,30,11,7,1,False,0,1
2563.58,subscription_mandate,network_timeout,1,5.3,7,14,5,2,False,1,1
10254.58,upi,insufficient_funds,1,0.3,25,9,4,0,False,0,1
9805.35,netbanking,network_timeout,3,1.7,20,18,10,1,True,0,1
1502.68,netbanking,insufficient_funds,1,0.0,27,8,5,0,False,1,1
2543.08,card,card_expired,1,1.2,30,8,3,1,False,1,0
1892.06,upi,card_expired,3,0.5,3,8,7,1,True,0,1
4228.59,card,authentication_failed,1,2.7,30,10,6,1,False,0,1
4656.23,card,card_expired,1,2.0,21,19,0,1,False,0,0
10955.86,card,insufficient_funds,2,0.3,29,8,10,0,True,0,1
1837.92,subscription_mandate,network_timeout,1,1.6,8,4,7,0,True,1,1
953.23,card,insufficient_funds,1,1.1,1,10,8,0,True,0,1
13130.85,card,network_timeout,1,4.0,19,11,11,0,True,0,1
29732.54,upi,authentication_failed,1,4.6,5,9,3,0,False,0,1
3133.39,card,insufficient_funds,1,1.2,29,17,7,1,False,1,1
1612.97,card,insufficient_funds,1,0.7,16,11,0,0,False,0,1
922.05,subscription_mandate,insufficient_funds,1,5.4,12,19,18,1,True,1,1
4569.47,card,insufficient_funds,1,3.5,15,18,8,0,True,1,0
496.69,upi,bank_outage,1,1.3,18,12,9,0,True,0,1
3227.2,subscription_mandate,card_expired,1,2.8,12,13,1,0,False,1,1
6333.6,card,card_expired,2,2.5,1,13,10,1,True,1,0
604.38,upi,bank_outage,1,0.3,31,13,11,0,False,1,1
4289.34,upi,insufficient_funds,2,0.6,7,6,21,0,True,0,1
2573.97,subscription_mandate,authentication_failed,3,1.5,24,18,18,1,True,1,1
3257.84,upi,card_expired,1,0.3,20,18,4,0,True,0,0
1387.74,upi,high_risk_fraud,2,2.1,30,11,2,1,False,0,0
3080.33,upi,card_expired,3,1.1,24,14,7,1,True,1,0
1396.21,card,network_timeout,1,0.1,8,4,9,0,True,0,1
5266.68,netbanking,insufficient_funds,1,0.9,27,12,6,0,True,0,1
12187.82,card,insufficient_funds,1,0.8,29,20,6,0,True,0,1
1947.58,card,bank_outage,1,0.3,28,17,4,2,True,0,1
1039.87,upi,card_expired,1,8.3,21,17,5,0,True,0,0
1137.4,upi,insufficient_funds,1,1.9,12,4,17,1,True,0,1
939.51,subscription_mandate,card_expired,2,8.9,29,12,8,1,True,1,0
22512.71,upi,authentication_failed,1,3.4,2,12,4,0,True,0,1
5680.83,upi,bank_outage,1,1.6,25,3,3,0,False,0,1
3030.42,card,insufficient_funds,1,0.5,25,20,4,2,True,1,0
1754.06,upi,insufficient_funds,2,3.5,30,14,10,2,False,1,1
4226.06,card,bank_outage,1,2.0,31,12,9,0,True,1,1
1157.78,card,insufficient_funds,4,0.8,13,0,3,3,False,0,0
2381.41,upi,card_expired,3,3.1,19,7,12,1,True,0,0
1710.52,card,network_timeout,2,5.0,12,9,10,2,True,1,1
4202.83,subscription_mandate,insufficient_funds,1,1.4,28,12,0,0,False,1,1
1487.06,card,network_timeout,1,0.2,6,10,4,0,True,0,1
4107.68,upi,insufficient_funds,1,12.0,15,6,6,0,True,1,1
597.33,upi,insufficient_funds,2,0.6,20,22,2,0,False,1,1
2144.19,card,bank_outage,1,0.0,15,17,16,1,True,1,1
1845.41,card,insufficient_funds,1,2.0,30,18,0,0,False,0,1
1796.76,netbanking,card_expired,1,6.6,1,8,2,1,False,0,1
579.67,card,card_expired,2,0.7,15,22,8,1,True,0,1
3147.64,upi,card_expired,1,1.5,6,11,0,0,False,0,0
1252.34,card,high_risk_fraud,2,1.9,12,16,9,2,True,0,0
894.54,upi,authentication_failed,1,0.8,3,11,7,2,True,0,0
1179.78,upi,authentication_failed,1,8.0,3,9,1,2,False,1,0
12213.45,card,network_timeout,1,0.3,18,12,1,0,False,0,1
1655.95,netbanking,network_timeout,2,4.8,18,14,6,2,False,0,1
1507.68,card,card_expired,1,1.1,4,9,11,0,False,0,1
3052.61,upi,network_timeout,2,4.3,19,10,5,2,False,0,1
16738.29,upi,insufficient_funds,1,1.3,4,12,4,2,True,0,1
5522.83,subscription_mandate,insufficient_funds,1,1.7,24,11,10,2,True,1,0
2687.5,card,insufficient_funds,1,1.7,8,12,1,0,False,0,0
5729.71,upi,card_expired,2,1.1,23,8,9,1,True,1,0
5519.73,upi,insufficient_funds,1,0.4,10,10,8,1,False,0,1
14002.54,subscription_mandate,card_expired,1,1.7,18,9,5,0,True,1,1
4008.44,card,insufficient_funds,1,1.3,28,18,2,2,False,0,0
2338.04,card,network_timeout,1,2.7,13,19,3,1,False,0,1
1934.79,subscription_mandate,bank_outage,1,0.7,28,11,13,4,True,1,1
1212.01,subscription_mandate,insufficient_funds,3,2.8,28,14,5,0,False,1,1
438.68,netbanking,network_timeout,1,4.8,29,8,1,0,False,0,1
4922.69,card,authentication_failed,4,4.2,7,11,22,1,True,0,1
3596.26,upi,card_expired,1,0.8,27,9,10,1,True,0,1
2854.67,card,insufficient_funds,1,0.9,9,11,8,0,True,1,1
2921.25,card,insufficient_funds,1,1.6,5,9,11,0,False,0,1
8837.96,netbanking,network_timeout,2,8.4,26,2,5,0,True,1,1
2148.22,netbanking,insufficient_funds,1,0.2,20,10,3,2,False,0,1
1805.8,card,insufficient_funds,2,4.1,26,3,10,1,False,1,1
10917.51,upi,insufficient_funds,1,2.4,9,11,5,1,True,1,0
23700.98,card,insufficient_funds,2,8.5,17,13,4,0,True,0,1
7623.22,card,insufficient_funds,1,0.2,23,6,4,1,False,0,0
4758.86,card,card_expired,2,2.8,7,15,2,0,False,0,1
1298.47,card,insufficient_funds,1,3.8,30,14,9,2,True,0,1
2683.01,upi,card_expired,1,1.2,11,16,2,0,False,1,1
1500.61,netbanking,insufficient_funds,2,4.3,29,7,6,0,False,0,1
1983.95,netbanking,insufficient_funds,1,1.1,25,21,8,0,False,1,0
1531.1,upi,network_timeout,1,3.0,5,17,6,1,True,0,1
922.93,netbanking,bank_outage,2,0.5,31,11,1,0,False,1,1
2953.41,card,card_expired,2,6.3,6,22,2,1,False,1,1
1845.51,upi,network_timeout,3,2.3,3,8,4,3,True,0,1
8200.18,netbanking,network_timeout,2,1.5,11,9,17,0,True,0,1
957.38,card,authentication_failed,1,6.5,16,7,12,1,False,0,1
4059.08,upi,authentication_failed,2,1.2,23,9,4,0,True,0,1
3421.41,upi,insufficient_funds,1,1.0,9,9,3,0,False,0,1
2287.06,card,bank_outage,5,8.6,12,10,4,1,True,0,0
3243.05,card,insufficient_funds,2,0.1,14,21,4,0,True,0,1
8751.87,netbanking,authentication_failed,1,0.2,22,19,11,2,True,0,1
3485.13,upi,card_expired,1,0.8,24,19,6,1,True,0,0
1644.1,upi,bank_outage,2,2.4,14,17,1,0,False,0,1
379.32,upi,card_expired,1,3.7,28,15,8,2,True,0,0
7342.52,upi,insufficient_funds,2,0.6,22,12,7,0,False,0,1
1018.07,card,insufficient_funds,1,9.2,28,7,7,1,False,1,1
519.95,upi,insufficient_funds,1,5.0,31,20,7,1,False,1,1
846.87,netbanking,bank_outage,4,1.0,28,11,3,0,False,0,1
2404.08,upi,network_timeout,1,5.7,31,7,3,0,False,0,0
1995.3,netbanking,bank_outage,1,1.0,1,15,7,1,True,0,1
6975.69,card,insufficient_funds,1,1.1,26,8,4,2,True,0,1
1428.68,upi,high_risk_fraud,2,2.7,23,8,13,0,False,0,0
1487.8,card,network_timeout,1,5.3,19,8,8,0,True,1,1
2664.16,upi,bank_outage,1,3.6,18,9,5,1,False,0,0
579.12,card,bank_outage,2,3.0,9,20,13,0,False,0,1
3463.05,card,network_timeout,1,6.1,8,12,3,1,False,0,1
2863.72,card,bank_outage,1,1.8,21,11,6,0,True,0,1
5165.75,card,insufficient_funds,1,1.0,23,21,3,0,False,0,0
1964.6,card,card_expired,1,1.0,24,19,12,0,True,0,1
2043.36,netbanking,card_expired,2,0.6,17,18,15,0,True,0,1
2317.95,card,network_timeout,3,5.6,25,11,3,1,False,0,0
1499.27,upi,authentication_failed,1,0.9,24,14,3,0,False,1,1
4041.5,card,insufficient_funds,3,2.6,24,9,13,0,True,0,1
2785.36,upi,insufficient_funds,2,0.0,25,16,8,2,False,0,1
2317.91,upi,insufficient_funds,1,0.9,10,9,22,1,False,0,1
15510.28,upi,insufficient_funds,1,0.2,31,9,1,1,False,0,1
3219.41,card,insufficient_funds,1,0.9,11,17,12,2,True,1,1
1499.12,upi,insufficient_funds,2,0.7,31,18,4,0,False,0,1
10048.39,upi,insufficient_funds,1,4.3,18,20,7,4,True,0,1
9726.66,card,authentication_failed,1,2.3,30,20,4,1,True,0,1
1248.54,upi,authentication_failed,1,0.5,27,20,12,1,True,0,1
5779.19,card,authentication_failed,1,9.4,8,18,7,1,False,0,1
1147.18,subscription_mandate,insufficient_funds,3,1.4,23,6,6,0,False,1,1
1906.96,netbanking,network_timeout,1,2.1,19,18,5,2,False,0,0
5396.68,upi,card_expired,2,2.4,16,17,3,3,False,1,0
4078.62,upi,authentication_failed,1,1.2,31,16,4,0,True,1,1
433.36,card,insufficient_funds,2,2.0,24,10,2,1,False,0,0
5555.97,card,card_expired,3,4.5,27,17,3,1,False,1,0
899.99,upi,insufficient_funds,2,3.8,10,10,10,0,True,1,1
1326.12,netbanking,insufficient_funds,1,4.2,15,11,5,0,False,0,1
2007.52,card,bank_outage,2,0.1,13,6,2,1,False,0,0
8102.26,card,insufficient_funds,1,0.7,26,0,19,2,False,0,1
738.31,subscription_mandate,insufficient_funds,1,0.8,21,19,0,1,False,1,0
945.19,card,insufficient_funds,1,0.8,21,20,4,0,True,1,1
680.82,card,insufficient_funds,2,1.4,31,10,6,1,False,0,1
5864.86,card,card_expired,2,1.5,24,18,0,1,False,0,0
2350.35,upi,network_timeout,2,0.7,26,13,14,2,False,1,1
420.8,upi,insufficient_funds,2,2.4,9,16,4,2,False,0,1
902.78,card,card_expired,1,3.9,9,20,6,1,True,0,0
1038.22,upi,card_expired,1,1.7,9,15,2,2,False,1,0
1956.79,upi,insufficient_funds,4,1.2,9,20,6,2,True,0,1
396.24,card,insufficient_funds,1,0.1,9,12,11,0,False,0,1
2081.07,subscription_mandate,network_timeout,1,4.0,6,16,4,2,True,1,1
1409.61,card,card_expired,3,2.7,11,11,5,0,False,0,0
643.29,card,network_timeout,2,1.3,21,9,4,1,True,0,1
650.66,card,high_risk_fraud,1,10.7,3,18,0,1,False,1,0
3338.25,card,insufficient_funds,1,2.9,1,15,13,4,False,1,1
2637.71,subscription_mandate,high_risk_fraud,1,1.6,5,12,12,0,False,1,0
6658.87,card,insufficient_funds,1,4.5,16,21,4,0,False,1,1
7069.08,card,card_expired,1,0.0,29,7,7,1,True,1,0
4394.09,upi,card_expired,2,1.4,22,11,5,0,False,0,0
732.71,card,card_expired,1,2.6,21,18,14,1,True,0,1
1462.59,card,insufficient_funds,2,0.9,23,13,4,1,True,0,1
519.02,upi,network_timeout,1,3.5,23,13,7,0,True,1,1
2230.53,card,insufficient_funds,3,1.5,16,20,3,0,False,0,0
1742.31,upi,bank_outage,1,0.4,8,11,11,1,False,1,1
19716.66,card,insufficient_funds,3,0.5,16,18,6,1,True,0,0
1538.89,card,bank_outage,1,1.7,8,12,4,0,True,0,1
926.45,upi,card_expired,2,1.0,1,20,4,1,True,0,0
3628.45,upi,insufficient_funds,2,0.6,10,17,4,0,False,0,0
1776.46,card,card_expired,1,1.2,16,19,6,1,True,0,0
5312.7,upi,insufficient_funds,2,1.8,12,22,15,1,False,0,1
524.6,subscription_mandate,high_risk_fraud,2,1.5,2,14,8,1,False,1,0
1285.98,card,bank_outage,1,0.7,2,11,1,0,False,1,1
2930.5,card,insufficient_funds,1,0.3,6,12,3,0,False,0,1
6459.53,card,card_expired,2,5.3,25,2,4,0,True,0,0
5153.25,upi,network_timeout,1,0.6,21,16,3,1,False,0,1
776.84,card,insufficient_funds,2,2.5,29,13,8,1,True,1,1
4584.52,upi,card_expired,2,1.4,5,14,1,0,False,0,1
1784.32,upi,card_expired,3,0.3,6,13,3,2,False,0,0
2028.79,subscription_mandate,insufficient_funds,1,1.9,6,19,5,1,True,1,1
4642.99,card,authentication_failed,2,5.7,30,17,2,1,False,1,1
2726.37,card,card_expired,1,1.8,25,6,5,0,True,0,1
14156.26,card,network_timeout,1,0.4,12,1,3,1,False,0,0
7146.54,card,card_expired,2,2.1,10,19,4,0,False,0,0
663.97,card,bank_outage,1,2.8,10,18,0,0,False,0,1
13844.83,upi,bank_outage,2,2.5,15,11,9,0,True,0,1
7422.89,upi,network_timeout,1,0.3,17,13,18,2,True,0,1
3579.79,card,card_expired,1,6.4,7,15,5,0,True,1,0
1237.42,upi,card_expired,1,0.3,22,4,1,0,False,0,0
4953.73,card,insufficient_funds,1,0.8,19,10,8,1,False,0,1
5556.77,upi,card_expired,2,1.0,14,8,1,2,False,0,1
3486.88,card,bank_outage,1,2.6,17,15,1,0,False,1,1
5115.2,netbanking,high_risk_fraud,2,1.2,28,10,3,0,False,0,0
1462.64,netbanking,network_timeout,1,0.7,14,13,6,2,True,0,1
924.59,upi,card_expired,1,2.2,6,12,8,0,True,0,1
1866.11,upi,authentication_failed,2,3.6,23,12,4,1,False,0,1
745.11,card,card_expired,1,3.1,5,12,2,1,False,0,1
737.49,upi,insufficient_funds,1,3.1,22,18,2,0,False,0,1
5948.73,upi,network_timeout,1,2.8,8,11,7,0,False,0,1
6357.39,card,network_timeout,1,0.2,1,11,10,1,True,0,1
3602.44,card,network_timeout,1,3.0,11,6,7,0,True,0,0
12809.93,upi,card_expired,3,1.1,20,19,10,0,True,0,0
1372.98,card,bank_outage,1,1.5,25,14,8,1,True,0,1
2695.83,upi,network_timeout,1,2.3,31,11,5,0,True,1,0
2669.4,card,insufficient_funds,1,1.2,3,22,12,0,True,0,1
5408.7,upi,bank_outage,3,3.5,29,11,5,0,False,0,1
587.2,upi,insufficient_funds,3,6.4,10,17,12,0,False,1,1
1885.07,upi,network_timeout,2,0.0,2,10,17,0,True,0,1
1132.77,card,bank_outage,1,2.1,15,10,6,0,True,0,1
4786.31,card,bank_outage,2,1.4,13,12,1,0,False,0,1
4599.21,netbanking,network_timeout,1,1.0,15,22,11,2,True,1,1
12897.08,card,high_risk_fraud,3,1.0,11,19,4,3,True,1,0
4049.89,upi,insufficient_funds,3,2.0,17,19,18,1,True,0,1
2755.59,card,card_expired,1,0.4,12,8,4,0,True,1,0
2602.05,card,card_expired,2,0.0,29,14,9,1,True,0,0
18185.06,subscription_mandate,card_expired,1,0.1,29,9,14,0,True,1,1
1963.31,card,insufficient_funds,2,0.9,10,9,4,0,False,0,1
5030.47,netbanking,card_expired,2,2.8,19,4,0,0,False,0,0
5170.31,netbanking,high_risk_fraud,1,1.1,23,14,3,1,False,1,0
1162.29,card,insufficient_funds,1,0.6,12,10,13,0,False,0,1
7662.07,subscription_mandate,insufficient_funds,1,2.8,12,18,3,1,False,1,1
1253.93,upi,high_risk_fraud,1,3.3,14,20,3,1,False,0,0
4466.01,upi,bank_outage,1,0.8,26,5,5,0,False,1,1
576.01,subscription_mandate,card_expired,2,2.5,11,11,7,1,False,1,1
3551.57,card,insufficient_funds,1,1.4,5,15,2,2,False,0,1
3875.68,upi,bank_outage,2,1.6,4,10,3,0,False,0,1
8922.39,card,insufficient_funds,1,1.6,13,12,11,0,True,0,1
3656.15,card,network_timeout,1,0.9,29,17,7,2,True,1,0
1682.52,upi,card_expired,1,1.8,31,8,11,0,True,0,1
1869.71,upi,insufficient_funds,2,2.9,24,7,7,0,True,1,1
3899.73,netbanking,insufficient_funds,1,2.3,13,7,16,1,True,0,1
2176.33,card,network_timeout,1,1.6,21,10,8,0,True,0,1
2733.38,subscription_mandate,high_risk_fraud,1,0.8,9,16,4,0,False,1,0
14034.17,upi,insufficient_funds,1,3.1,6,12,3,1,False,0,1
7717.15,subscription_mandate,card_expired,2,3.6,1,9,24,0,True,1,0
3621.45,upi,authentication_failed,1,0.1,9,16,2,0,False,1,1
588.83,subscription_mandate,card_expired,1,4.8,13,12,8,0,True,1,1
3564.45,card,card_expired,1,1.5,4,12,3,1,False,0,1
1450.45,card,network_timeout,1,0.3,23,10,5,0,True,1,1
3701.78,upi,card_expired,1,0.7,5,14,5,2,False,1,1
3796.66,subscription_mandate,insufficient_funds,1,1.3,7,9,7,1,True,1,1
2181.1,subscription_mandate,card_expired,1,0.1,15,8,8,1,False,1,0
18959.61,upi,insufficient_funds,1,8.7,7,11,0,0,False,0,1
2627.38,card,card_expired,1,2.9,11,13,13,0,False,0,1
7913.95,card,insufficient_funds,1,0.7,3,10,5,1,False,0,1
5336.31,netbanking,network_timeout,1,0.7,7,15,6,2,False,0,1
6072.05,upi,insufficient_funds,2,2.0,24,18,4,0,True,0,1
608.67,upi,network_timeout,4,1.9,5,16,20,3,False,0,0
1695.33,upi,card_expired,4,5.6,9,19,2,0,False,0,0
2379.91,subscription_mandate,insufficient_funds,1,0.8,29,19,9,1,False,1,1
4435.97,upi,card_expired,1,2.4,17,12,12,1,False,0,1
6299.01,card,bank_outage,2,1.9,30,18,3,1,False,0,0
1195.46,card,card_expired,2,2.1,7,10,7,3,True,0,0
8477.46,upi,insufficient_funds,1,5.6,27,5,4,0,False,0,1
4067.59,subscription_mandate,insufficient_funds,1,9.3,21,12,7,0,True,1,1
3620.64,netbanking,high_risk_fraud,1,2.6,27,14,0,0,False,0,0
116.95,card,network_timeout,1,1.9,30,19,9,0,True,0,1
4207.59,card,network_timeout,2,0.9,25,16,8,1,True,0,1
12729.73,card,network_timeout,1,2.7,18,18,2,1,False,1,1
6941.92,card,bank_outage,2,4.8,21,22,5,2,True,1,1
3922.39,subscription_mandate,insufficient_funds,2,0.5,14,18,9,0,True,1,1
4717.5,upi,card_expired,3,0.2,1,13,9,0,True,0,0
5354.4,card,authentication_failed,1,0.9,30,11,3,0,False,1,1
3092.6,upi,authentication_failed,1,0.1,2,13,8,0,True,0,1
1601.04,netbanking,bank_outage,1,1.1,21,10,4,1,True,0,0
1587.64,card,insufficient_funds,3,2.0,28,8,14,2,True,0,1
12373.83,card,insufficient_funds,1,0.3,14,10,4,0,True,0,1
6531.63,card,insufficient_funds,1,11.8,2,3,1,0,False,0,0
763.74,upi,insufficient_funds,1,1.2,22,15,9,0,False,0,1
4812.15,subscription_mandate,insufficient_funds,1,4.2,28,9,5,0,True,1,1
1509.48,card,card_expired,1,3.1,12,12,4,2,True,0,1
1718.92,upi,card_expired,4,1.6,8,9,6,3,False,1,0
4761.03,upi,card_expired,2,1.7,21,12,12,0,True,1,1
4031.66,subscription_mandate,network_timeout,1,2.6,17,0,13,0,True,1,1
1809.22,upi,network_timeout,1,2.4,1,11,5,0,True,0,1
1670.04,upi,insufficient_funds,2,4.6,23,15,0,2,False,0,0
519.0,card,network_timeout,1,0.7,1,13,2,2,False,0,1
1727.82,upi,card_expired,1,0.0,23,20,5,0,True,0,1
3665.59,upi,bank_outage,2,0.6,5,19,15,1,True,1,1
1974.13,netbanking,bank_outage,2,1.9,19,22,9,0,True,0,1
599.25,subscription_mandate,insufficient_funds,1,1.9,21,20,5,0,False,1,1
821.0,netbanking,insufficient_funds,1,1.0,27,20,7,0,False,1,1
2249.11,netbanking,insufficient_funds,2,2.0,10,18,7,2,False,1,0
498.22,subscription_mandate,card_expired,1,3.1,26,12,12,1,True,1,1
272.09,card,insufficient_funds,1,5.7,1,8,2,0,False,0,1
2769.46,subscription_mandate,network_timeout,1,1.5,2,10,8,1,False,1,1
2236.67,card,insufficient_funds,1,2.4,31,12,8,2,True,1,1
1223.17,card,bank_outage,4,0.3,12,17,7,3,True,0,0
541.85,card,network_timeout,1,6.0,28,6,11,0,False,0,1
2454.76,card,insufficient_funds,2,6.0,3,11,7,1,True,1,1
8209.02,card,insufficient_funds,1,2.6,4,16,8,1,True,0,1
1628.97,netbanking,insufficient_funds,1,1.6,12,21,3,1,False,0,1
1249.89,card,insufficient_funds,2,0.0,20,15,6,1,True,1,0
8833.52,card,bank_outage,1,2.4,30,12,5,0,True,0,1
1955.05,upi,insufficient_funds,3,5.5,9,21,1,0,False,1,1
3878.34,upi,network_timeout,3,3.8,27,12,4,1,False,0,1
4789.68,upi,insufficient_funds,2,0.9,23,10,2,1,False,1,1
13190.74,card,bank_outage,1,0.0,10,15,5,1,True,1,1
4260.72,card,card_expired,1,8.3,27,17,2,1,False,1,1
3103.68,upi,network_timeout,2,2.2,28,19,7,0,True,0,1
3595.63,netbanking,insufficient_funds,1,1.0,3,18,6,2,True,1,1
983.76,card,bank_outage,3,0.3,21,8,7,1,True,0,1
2775.76,subscription_mandate,insufficient_funds,1,0.5,30,15,7,0,True,1,1
2257.48,upi,network_timeout,1,0.6,6,21,11,1,True,1,1
1600.25,upi,bank_outage,2,4.2,17,12,9,0,True,1,1
2365.38,card,insufficient_funds,1,1.0,18,18,4,0,True,0,1
171.95,subscription_mandate,insufficient_funds,1,7.9,11,7,4,1,False,1,1
3080.4,card,network_timeout,2,3.6,1,20,2,0,False,0,0
1742.93,card,insufficient_funds,2,0.3,1,17,9,1,True,0,1
2944.93,card,bank_outage,4,0.3,24,19,9,0,True,0,1
6705.91,card,bank_outage,4,6.9,11,0,12,3,True,1,0
1047.81,netbanking,card_expired,1,5.1,6,19,4,1,True,0,1
3615.97,upi,network_timeout,1,1.3,9,19,18,0,False,0,1
4632.19,card,insufficient_funds,1,1.9,27,11,17,1,False,0,1
1000.17,card,insufficient_funds,1,0.1,16,19,15,1,True,1,1
960.03,subscription_mandate,insufficient_funds,1,4.0,11,5,2,0,False,1,1
1330.18,card,network_timeout,1,5.4,27,13,4,2,True,1,1
1252.67,card,card_expired,2,2.6,11,10,2,0,False,0,0
3959.21,card,high_risk_fraud,2,1.6,5,6,5,0,True,1,0
5857.13,card,insufficient_funds,1,0.9,19,9,7,2,False,0,1
2416.41,subscription_mandate,insufficient_funds,1,0.1,12,1,10,0,True,1,0
2698.88,upi,insufficient_funds,1,4.1,28,12,4,1,False,0,1
748.29,upi,card_expired,2,3.6,16,12,4,2,False,0,0
3509.77,card,network_timeout,2,4.7,22,12,28,1,True,0,0
2300.76,card,network_timeout,2,7.7,11,4,14,1,True,0,1
14455.8,card,card_expired,1,0.4,16,20,4,2,True,1,0
1397.19,upi,bank_outage,2,2.5,12,14,9,0,True,0,1
1924.39,card,insufficient_funds,3,2.6,18,9,7,0,True,0,1
1488.14,upi,card_expired,2,2.7,15,17,3,1,False,0,1
3249.67,card,insufficient_funds,1,3.1,28,13,2,2,False,1,1
6845.41,card,bank_outage,1,1.1,23,14,5,1,True,0,1
489.46,netbanking,insufficient_funds,3,0.2,7,18,4,2,True,1,0
2351.66,card,insufficient_funds,1,0.6,5,11,2,0,False,1,1
10230.64,subscription_mandate,network_timeout,1,0.6,31,10,4,2,False,1,1
3299.15,card,card_expired,1,0.2,9,15,27,1,False,0,0
2893.07,netbanking,insufficient_funds,1,2.0,13,18,14,1,True,0,1
702.5,subscription_mandate,insufficient_funds,2,0.1,28,14,3,2,False,1,1
692.17,upi,insufficient_funds,4,2.8,4,8,5,0,True,0,0
3407.33,card,network_timeout,1,0.0,22,18,15,0,True,0,1
4421.96,subscription_mandate,insufficient_funds,1,1.8,30,14,6,2,True,1,1
1491.86,card,insufficient_funds,1,2.1,6,9,13,0,True,0,1
362.94,card,insufficient_funds,1,1.2,9,14,7,4,True,0,0
20668.15,subscription_mandate,high_risk_fraud,3,0.6,23,15,4,0,True,1,0
1620.1,card,card_expired,1,2.6,4,18,4,1,True,1,0
4952.34,upi,insufficient_funds,3,1.2,20,18,8,2,True,0,1
4808.95,upi,insufficient_funds,3,4.0,3,9,3,0,False,0,1
2930.55,upi,bank_outage,1,6.2,17,12,10,1,False,1,1
10301.47,netbanking,insufficient_funds,1,1.3,29,3,9,1,False,1,1
4103.62,subscription_mandate,network_timeout,1,0.2,25,18,10,0,True,1,1
2585.49,upi,network_timeout,4,1.0,15,1,5,0,True,1,1
3716.33,card,authentication_failed,1,1.1,19,12,4,0,False,1,0
2292.01,subscription_mandate,authentication_failed,4,0.8,20,15,8,0,False,1,1
5885.49,subscription_mandate,insufficient_funds,1,0.9,14,15,14,2,True,1,1
1166.81,card,network_timeout,1,1.9,15,12,3,1,False,1,1
5453.94,upi,bank_outage,1,0.0,15,7,7,1,True,0,1
7590.54,upi,card_expired,2,4.3,24,20,4,0,True,1,1
544.78,upi,bank_outage,1,0.3,30,12,13,0,True,0,1
632.36,netbanking,network_timeout,1,2.4,18,15,10,3,False,1,1
1314.85,card,network_timeout,1,2.9,10,6,8,0,False,0,1
2330.49,netbanking,insufficient_funds,2,1.6,16,12,9,2,True,0,1
2529.23,card,bank_outage,2,0.4,24,20,20,1,True,0,1
393.81,card,network_timeout,1,10.7,6,14,12,0,False,0,1
5842.79,card,card_expired,2,0.8,10,15,18,0,False,1,1
1918.15,card,authentication_failed,3,0.2,29,12,8,0,True,0,1
722.51,upi,card_expired,2,1.1,31,19,11,0,True,1,1
1919.55,upi,bank_outage,1,0.6,16,11,6,0,True,0,1
403.89,card,network_timeout,1,4.1,21,10,8,1,True,1,1
1297.55,upi,bank_outage,1,11.6,15,20,4,1,True,1,0
396.3,card,bank_outage,1,5.7,18,18,7,0,True,0,1
2555.78,upi,network_timeout,2,11.6,27,6,10,0,True,1,1
2954.05,upi,bank_outage,1,0.8,10,19,7,1,False,0,1
10469.16,card,bank_outage,1,1.1,16,2,32,0,True,0,1
5210.32,card,network_timeout,2,0.9,24,8,18,0,False,0,1
5860.14,card,card_expired,1,0.3,25,10,2,1,False,0,1
1383.16,upi,insufficient_funds,1,0.5,18,10,9,0,True,1,1
25611.64,card,authentication_failed,1,3.8,7,17,3,0,False,1,0
2865.87,card,network_timeout,1,5.6,9,19,12,0,False,1,1
1188.42,card,insufficient_funds,2,5.5,31,9,1,2,False,1,0
4754.35,upi,network_timeout,1,3.3,28,13,18,0,True,1,1
824.94,subscription_mandate,card_expired,2,0.6,31,15,10,1,True,1,1
1251.59,upi,insufficient_funds,1,1.9,16,18,12,1,False,0,1
1852.52,card,network_timeout,2,0.1,1,17,7,1,True,0,1
7859.01,upi,insufficient_funds,1,4.6,28,19,7,1,False,0,1
466.31,card,card_expired,2,6.6,25,11,10,0,True,0,0
1205.68,card,bank_outage,1,1.3,5,14,6,1,False,0,1
6544.56,card,insufficient_funds,1,0.8,3,15,7,2,True,1,1
404.37,card,network_timeout,1,2.1,24,10,5,0,True,0,1
558.79,card,insufficient_funds,3,0.0,6,13,3,0,False,0,0
6341.15,upi,network_timeout,1,1.9,20,4,6,0,False,0,1
3358.76,card,insufficient_funds,1,1.9,2,18,3,0,False,0,1
1482.95,card,authentication_failed,1,3.4,8,12,6,3,False,0,1
11751.26,card,insufficient_funds,1,0.1,31,11,16,0,False,0,1
6046.62,upi,insufficient_funds,1,1.7,31,12,14,1,True,0,1
472.39,subscription_mandate,insufficient_funds,1,3.8,14,1,12,2,False,1,1
964.42,card,network_timeout,1,2.9,20,10,7,0,False,0,1
3081.91,card,network_timeout,1,3.6,7,12,5,1,True,0,1
8961.95,subscription_mandate,insufficient_funds,2,2.8,30,8,11,2,True,1,1
2326.4,upi,insufficient_funds,1,1.7,30,19,4,2,True,1,1
8031.33,card,insufficient_funds,4,2.4,11,15,4,0,True,0,1
5208.12,card,network_timeout,1,0.4,11,18,1,0,False,1,1
1611.51,card,bank_outage,3,1.5,30,21,2,2,False,1,1
384.57,netbanking,insufficient_funds,2,0.5,27,12,14,0,False,0,1
2755.18,subscription_mandate,authentication_failed,3,2.8,25,11,6,0,True,1,1
3847.27,card,insufficient_funds,1,1.0,8,16,10,1,True,0,1
3278.91,card,insufficient_funds,2,1.6,30,15,11,0,False,0,1
1239.22,subscription_mandate,bank_outage,2,0.3,11,12,16,0,True,1,1
8432.21,upi,insufficient_funds,1,10.2,24,13,5,2,True,0,1
3702.79,upi,insufficient_funds,1,2.7,13,11,9,0,True,0,1
3073.08,card,card_expired,2,1.0,29,10,9,0,True,0,1
1827.02,card,authentication_failed,2,0.2,3,21,4,1,True,1,1
6110.3,upi,insufficient_funds,1,0.6,11,15,5,1,False,1,1
2241.69,upi,insufficient_funds,1,1.0,11,7,8,1,False,0,1
906.01,upi,card_expired,4,0.6,2,14,5,1,True,1,0
178.96,upi,network_timeout,1,3.7,5,11,22,0,True,0,1
922.48,upi,insufficient_funds,4,1.0,17,11,7,0,True,0,1
6490.54,card,bank_outage,3,1.4,11,23,5,0,False,0,1
2048.2,upi,insufficient_funds,1,1.9,31,11,5,2,True,0,1
5654.44,upi,card_expired,1,2.5,29,9,0,1,False,0,1
12812.65,upi,bank_outage,3,6.2,21,11,15,1,True,0,0
9057.58,upi,card_expired,1,0.3,23,17,2,1,False,0,0
4915.08,netbanking,insufficient_funds,1,9.3,1,8,17,1,True,0,1
7735.37,upi,network_timeout,2,4.1,12,9,7,1,False,0,1
10068.78,upi,card_expired,2,0.6,28,10,16,1,True,0,0
10142.83,upi,bank_outage,2,1.6,22,12,4,2,False,0,1
5987.57,card,insufficient_funds,1,4.2,31,17,5,1,True,0,1
711.86,card,insufficient_funds,3,2.9,7,19,10,0,True,0,1
2518.45,subscription_mandate,authentication_failed,1,8.8,22,7,4,1,False,1,1
829.08,card,card_expired,4,1.8,9,9,0,0,False,0,0
7860.23,subscription_mandate,network_timeout,1,0.5,21,21,10,0,True,1,1
6219.95,netbanking,card_expired,1,3.1,26,20,8,0,False,1,1
2905.5,card,insufficient_funds,2,1.7,1,19,3,2,False,0,1
1140.45,subscription_mandate,card_expired,2,6.3,24,18,11,1,False,1,0
5749.14,upi,insufficient_funds,1,0.4,25,14,8,2,True,0,1
3096.77,card,card_expired,1,0.5,28,10,5,0,True,1,1
984.64,card,bank_outage,1,3.2,31,11,1,0,False,0,1
1065.22,card,insufficient_funds,1,2.7,7,18,6,1,True,1,1
2576.2,upi,bank_outage,1,7.1,14,21,4,2,True,1,1
697.2,upi,card_expired,2,3.0,22,10,9,2,False,0,0
6116.5,card,insufficient_funds,2,0.5,10,9,4,0,False,1,1
2634.95,card,network_timeout,2,0.4,19,8,2,1,False,0,1
4738.05,subscription_mandate,card_expired,1,0.5,9,16,4,0,True,1,1
626.11,card,authentication_failed,1,0.7,2,12,7,1,True,0,1
3960.73,card,insufficient_funds,1,2.3,17,10,2,0,False,0,1
876.65,subscription_mandate,bank_outage,1,1.9,29,6,9,0,True,1,1
10983.97,upi,insufficient_funds,1,0.9,5,10,10,1,True,0,1
1818.15,card,authentication_failed,1,0.5,15,17,3,3,False,0,1
5660.26,card,card_expired,2,1.2,12,13,10,3,True,0,1
867.5,subscription_mandate,insufficient_funds,1,5.1,16,18,21,0,True,1,1
18508.17,upi,bank_outage,1,2.5,1,16,2,0,False,1,0
2331.25,upi,insufficient_funds,3,2.4,15,19,1,1,False,1,0
2478.04,subscription_mandate,bank_outage,1,1.5,5,22,3,1,False,1,1
2941.96,upi,authentication_failed,1,1.4,12,20,2,1,False,0,1
2044.01,card,network_timeout,3,5.8,25,17,10,0,True,0,1
1760.85,upi,card_expired,2,7.4,31,17,9,1,True,0,0
2383.19,card,insufficient_funds,5,0.7,29,11,4,1,True,1,1
3322.76,upi,insufficient_funds,2,7.9,26,10,3,1,False,0,1
958.5,card,insufficient_funds,1,3.1,4,9,3,0,False,1,1
1051.92,upi,card_expired,1,1.7,17,8,3,1,False,0,1
1330.19,netbanking,network_timeout,1,3.1,26,20,17,0,True,1,1
2858.47,card,network_timeout,1,0.5,25,1,3,0,False,0,1
1821.65,card,bank_outage,1,0.1,17,9,3,0,False,0,1
4083.21,card,bank_outage,1,0.4,6,9,3,1,False,0,1
3459.68,card,authentication_failed,2,3.7,16,8,6,0,True,0,0
2128.91,card,card_expired,1,0.2,5,11,7,1,True,1,1
6169.9,card,insufficient_funds,3,0.6,3,19,14,0,False,1,1
3925.76,card,authentication_failed,1,9.0,29,13,4,0,False,0,0
12866.36,upi,insufficient_funds,1,0.2,8,8,6,0,True,1,1
4437.08,card,bank_outage,2,4.7,7,4,6,2,False,0,1
5454.05,upi,network_timeout,3,2.8,26,18,10,0,True,0,0
1780.34,card,insufficient_funds,1,0.8,14,8,9,1,True,1,0
498.62,netbanking,network_timeout,1,1.1,24,20,7,1,True,0,1
2431.69,card,authentication_failed,2,0.9,10,10,9,1,True,0,1
2101.04,card,insufficient_funds,1,0.6,1,16,2,2,False,0,1
569.07,upi,insufficient_funds,2,0.7,21,7,6,2,False,0,1
8758.93,subscription_mandate,authentication_failed,1,1.0,2,17,12,3,True,1,1
265.49,upi,network_timeout,2,1.8,6,7,14,1,True,1,1
1060.79,upi,insufficient_funds,2,0.4,22,17,10,0,False,0,1
1881.7,upi,card_expired,4,1.7,9,18,10,2,False,0,0
5048.73,card,bank_outage,1,0.3,28,9,4,1,False,0,1
4157.94,upi,card_expired,1,0.8,22,17,6,0,True,0,0
4209.91,card,network_timeout,4,0.8,20,6,14,0,False,0,1
2276.34,subscription_mandate,authentication_failed,3,1.8,12,10,0,3,False,1,1
940.9,netbanking,insufficient_funds,1,0.7,24,10,17,0,False,1,1
1395.98,card,bank_outage,2,1.9,26,9,3,0,False,1,1
4750.31,upi,authentication_failed,1,4.0,17,13,3,0,False,1,1
4718.41,card,authentication_failed,3,1.0,2,8,4,2,True,1,1
1532.45,card,insufficient_funds,1,0.2,29,2,3,0,False,1,1
1507.65,subscription_mandate,authentication_failed,2,5.9,12,17,3,2,False,1,1
2239.8,subscription_mandate,bank_outage,1,0.5,7,11,4,1,True,1,1
2418.03,upi,bank_outage,1,0.7,30,7,19,1,True,1,1
500.09,netbanking,insufficient_funds,1,5.2,4,12,13,2,False,0,1
2238.85,card,bank_outage,1,0.4,19,10,4,0,False,0,1
1208.74,upi,bank_outage,1,0.9,6,18,4,2,True,0,1
2616.46,card,network_timeout,1,2.2,9,3,6,0,True,0,1
4374.94,card,card_expired,3,1.7,14,10,6,1,True,0,0
6728.43,card,network_timeout,3,0.9,29,15,6,0,False,0,1
1375.37,upi,authentication_failed,1,12.6,23,15,3,1,False,0,1
1182.48,upi,insufficient_funds,1,1.2,26,20,6,0,True,1,1
5605.34,upi,insufficient_funds,1,2.3,28,18,3,0,False,1,1
8294.78,netbanking,insufficient_funds,2,2.4,8,8,5,1,True,0,0
1490.24,card,card_expired,1,10.0,28,21,9,0,True,1,0
6736.41,subscription_mandate,network_timeout,1,1.9,19,13,3,1,False,1,1
799.06,subscription_mandate,network_timeout,1,1.5,12,16,4,0,True,1,1
288.85,card,high_risk_fraud,4,2.1,22,17,1,3,False,0,0
3823.87,card,card_expired,2,2.4,23,6,11,1,True,0,0
1692.42,upi,insufficient_funds,2,3.6,26,16,3,1,False,0,0
11592.76,netbanking,network_timeout,2,0.7,27,15,2,2,False,0,0
423.35,subscription_mandate,card_expired,5,3.9,5,14,1,1,False,1,0
6194.29,subscription_mandate,bank_outage,2,3.0,10,13,12,0,True,1,1
591.26,upi,card_expired,4,4.5,16,15,6,0,True,1,0
288.67,upi,card_expired,1,3.8,4,4,8,1,False,1,0
2072.98,subscription_mandate,card_expired,1,0.6,27,19,2,3,False,1,1
488.09,card,insufficient_funds,1,2.1,14,17,6,2,True,0,1
3875.34,card,card_expired,1,2.0,8,19,9,2,True,1,1
358.55,netbanking,insufficient_funds,1,5.7,3,18,12,0,False,0,1
5476.99,card,card_expired,1,0.5,11,15,3,1,False,0,0
4613.0,card,insufficient_funds,2,2.2,27,15,3,0,False,0,1
1920.41,card,insufficient_funds,1,1.6,2,9,7,0,True,0,1
3430.02,subscription_mandate,bank_outage,1,4.9,23,6,6,0,True,1,1
2529.74,card,insufficient_funds,1,9.2,7,6,4,0,True,0,0
9802.19,subscription_mandate,insufficient_funds,2,1.4,7,14,10,1,False,1,1
13514.06,card,card_expired,1,0.0,9,14,2,2,False,0,0
1191.4,upi,insufficient_funds,1,8.1,7,17,9,0,True,0,1
1690.5,upi,bank_outage,1,0.8,19,17,4,1,False,1,1
1797.22,card,authentication_failed,2,1.7,27,11,4,2,True,0,1
458.79,upi,high_risk_fraud,3,4.6,11,13,5,1,False,0,0
5073.88,subscription_mandate,insufficient_funds,1,1.1,8,19,9,2,False,1,1
3575.91,upi,authentication_failed,4,0.5,5,17,9,1,False,0,0
1644.01,card,authentication_failed,2,1.3,19,16,14,1,False,0,1
7084.13,card,insufficient_funds,4,1.3,8,19,4,1,True,0,0
1054.99,card,bank_outage,2,0.9,3,16,6,1,True,1,1
2883.24,card,card_expired,1,3.0,31,21,4,1,False,1,0
13303.88,upi,bank_outage,2,2.9,8,17,10,1,False,0,1
3592.2,card,bank_outage,1,4.4,11,17,16,0,True,0,1
844.51,card,insufficient_funds,2,7.6,30,15,1,1,False,0,1
2057.48,subscription_mandate,network_timeout,1,3.2,2,19,10,1,True,1,1
533.71,card,insufficient_funds,2,0.4,7,12,7,0,True,0,1
1105.22,upi,card_expired,1,0.7,1,17,3,2,False,0,0
4131.06,subscription_mandate,insufficient_funds,1,0.1,7,5,5,1,True,1,1
2090.62,upi,network_timeout,1,2.7,12,10,9,2,True,0,1
3241.81,card,network_timeout,2,2.4,14,14,3,0,False,0,0
16810.73,card,insufficient_funds,1,2.4,5,2,9,0,True,0,1
1878.44,upi,card_expired,1,4.1,28,11,8,0,True,1,1
2778.99,upi,bank_outage,1,0.2,15,21,10,1,True,0,1
904.89,upi,network_timeout,1,2.6,15,20,1,1,False,0,1
16199.21,card,bank_outage,1,0.9,25,16,4,0,True,1,1
1671.49,card,card_expired,2,3.9,24,10,11,2,True,0,0
1046.64,upi,bank_outage,2,2.3,13,10,9,3,True,0,1
8361.95,card,insufficient_funds,2,4.5,2,10,7,0,False,0,1
2131.45,subscription_mandate,insufficient_funds,2,1.6,10,12,5,0,True,1,1
6472.31,subscription_mandate,card_expired,2,0.2,5,14,6,1,True,1,1
6682.9,netbanking,authentication_failed,4,0.3,4,16,2,0,False,0,0
347.9,netbanking,authentication_failed,1,1.0,9,12,5,2,False,0,1
4427.38,card,bank_outage,1,3.5,12,17,4,1,False,0,1
916.09,card,insufficient_funds,1,1.7,21,11,6,1,True,0,1
7416.78,upi,network_timeout,1,5.2,31,19,13,1,True,0,1
18867.11,upi,insufficient_funds,2,0.7,30,8,8,2,True,0,1
1035.34,card,card_expired,1,4.4,24,11,17,0,True,0,1
3813.65,card,authentication_failed,3,5.2,31,9,8,2,True,0,0
14688.9,upi,card_expired,1,0.5,27,9,10,1,False,0,0
2843.85,subscription_mandate,card_expired,3,4.8,10,9,8,1,True,1,1
2488.4,card,bank_outage,1,3.7,4,10,9,0,False,0,1
3263.51,netbanking,bank_outage,2,8.5,12,20,1,3,False,0,0
3906.7,upi,network_timeout,1,2.0,27,11,11,1,True,0,1
3983.95,card,network_timeout,1,4.9,15,12,2,0,False,0,1
367.88,netbanking,insufficient_funds,1,0.3,29,9,12,1,True,1,1
1331.07,card,insufficient_funds,1,7.2,3,20,7,0,True,0,1
2100.6,upi,insufficient_funds,2,1.4,4,15,0,0,False,0,1
5056.2,card,high_risk_fraud,2,0.5,22,11,9,0,False,1,0
2485.66,netbanking,network_timeout,1,3.5,14,17,12,0,True,0,1
1708.98,upi,network_timeout,1,7.2,3,11,2,2,False,0,1
6745.29,netbanking,high_risk_fraud,3,1.0,12,17,14,0,True,0,0
1300.84,card,authentication_failed,1,1.3,2,21,3,0,False,0,1
7176.19,card,insufficient_funds,1,1.8,19,18,4,2,False,1,0
935.4,card,insufficient_funds,1,4.2,3,11,9,1,True,1,1
4000.31,card,high_risk_fraud,1,2.9,30,12,8,0,True,0,0
1735.79,netbanking,network_timeout,2,1.0,3,16,1,1,False,1,0
3333.06,card,insufficient_funds,1,3.0,22,17,3,0,False,1,1
1197.45,card,network_timeout,2,3.6,19,18,16,2,True,1,1
797.75,card,insufficient_funds,1,0.5,20,9,3,0,False,0,1
2171.52,subscription_mandate,card_expired,2,3.5,18,12,5,1,False,1,1
4806.21,card,network_timeout,1,1.1,13,11,5,1,False,0,1
2541.69,card,card_expired,1,0.5,9,12,5,2,False,1,1
8162.64,netbanking,insufficient_funds,4,1.9,26,19,7,0,True,1,0
554.05,netbanking,bank_outage,2,0.5,27,19,18,1,True,1,1
822.8,upi,network_timeout,1,0.6,31,13,3,1,False,1,1
20411.97,card,bank_outage,2,1.2,10,22,8,1,True,1,1
731.0,card,insufficient_funds,2,1.1,14,6,8,1,True,1,1
5689.06,card,network_timeout,2,4.4,24,20,3,1,False,0,0
2606.94,subscription_mandate,bank_outage,1,4.9,6,7,23,2,True,1,1
11952.23,upi,bank_outage,1,5.8,31,10,8,3,True,0,1
4232.74,upi,network_timeout,3,1.7,25,13,6,2,True,0,1
1502.64,upi,network_timeout,1,4.4,9,16,3,1,False,0,1
9388.98,card,high_risk_fraud,1,1.7,17,12,7,0,True,0,0
1753.05,subscription_mandate,network_timeout,4,0.1,23,15,1,1,False,1,1
480.97,upi,card_expired,1,0.2,3,4,1,0,False,0,1
585.26,upi,network_timeout,3,2.5,22,18,5,1,False,0,0
2675.61,upi,authentication_failed,1,11.4,16,13,5,1,True,0,0
1022.24,subscription_mandate,bank_outage,1,1.2,19,6,3,0,False,1,1
5434.12,card,high_risk_fraud,1,0.3,28,15,5,1,True,0,0
1015.02,upi,authentication_failed,1,0.9,17,10,4,2,True,0,1
1859.94,subscription_mandate,insufficient_funds,1,1.0,28,18,3,2,False,1,1
1313.08,card,card_expired,2,0.9,7,0,13,0,True,1,1
730.18,card,insufficient_funds,1,1.2,14,7,15,0,True,1,1
342.46,upi,insufficient_funds,2,3.4,25,17,2,1,False,0,1
9150.16,card,authentication_failed,1,1.8,8,17,20,1,True,0,1
3703.53,card,insufficient_funds,1,1.9,1,11,4,0,True,0,1
2683.24,upi,bank_outage,1,0.9,31,22,4,1,True,0,1
578.22,upi,authentication_failed,2,0.7,11,20,7,1,True,0,1
2226.94,card,card_expired,1,1.8,3,7,9,0,True,0,0
2960.53,subscription_mandate,network_timeout,1,5.5,30,21,8,1,True,1,1
5359.45,card,network_timeout,1,0.2,10,12,12,2,True,0,1
595.26,subscription_mandate,insufficient_funds,1,5.8,12,12,9,2,True,1,1
1346.42,card,insufficient_funds,1,0.4,24,19,7,0,True,0,1
3607.54,subscription_mandate,insufficient_funds,4,3.2,1,19,3,2,False,1,0
1852.46,upi,authentication_failed,3,2.0,21,11,2,0,False,0,0
885.7,upi,card_expired,1,0.2,31,16,11,1,True,0,1
3533.91,card,bank_outage,1,0.6,18,20,2,1,False,0,1
921.27,upi,network_timeout,1,9.4,7,10,11,0,True,0,1
3619.48,upi,insufficient_funds,3,0.4,12,9,11,0,False,1,1
2584.28,upi,authentication_failed,1,0.5,7,19,6,0,True,0,1
999.87,subscription_mandate,card_expired,1,8.5,18,7,10,0,False,1,1
1539.36,card,insufficient_funds,1,0.9,2,20,12,1,True,1,1
675.31,upi,card_expired,1,7.1,21,6,8,0,False,0,0
1971.79,card,bank_outage,2,0.6,9,13,9,0,True,0,1
7209.17,card,network_timeout,1,5.6,10,16,4,1,True,0,1
4783.89,card,card_expired,1,1.7,8,12,7,1,True,0,0
2545.9,card,authentication_failed,1,0.1,28,16,4,1,True,0,1
321.91,upi,high_risk_fraud,1,0.3,23,9,20,2,False,0,0
901.44,netbanking,bank_outage,2,3.3,13,10,3,0,False,0,1
1608.71,upi,bank_outage,1,3.4,13,13,6,1,False,0,1
2458.86,upi,card_expired,2,2.8,14,18,10,1,True,0,1
3650.63,upi,card_expired,1,1.6,14,9,12,1,True,0,0
2093.49,upi,bank_outage,1,0.9,12,13,3,2,False,0,1
1838.64,card,authentication_failed,1,0.5,17,19,5,1,False,0,1
591.68,card,authentication_failed,2,5.5,18,14,5,0,True,0,1
3916.43,upi,card_expired,1,4.0,28,9,7,2,False,0,0
2912.86,upi,high_risk_fraud,1,3.3,3,9,7,1,True,1,0
919.11,subscription_mandate,card_expired,3,2.0,4,11,2,5,False,1,0
829.41,upi,insufficient_funds,1,0.1,18,18,2,2,False,0,1
2870.5,netbanking,card_expired,1,3.7,14,10,12,0,True,0,1
2173.39,upi,insufficient_funds,2,6.5,14,10,4,2,True,0,1
1116.51,upi,insufficient_funds,2,0.3,11,17,4,0,True,0,1
5097.9,upi,network_timeout,1,2.0,3,2,5,1,True,1,1
635.67,card,bank_outage,1,4.7,23,20,10,0,False,0,1
2428.23,card,card_expired,2,1.4,27,0,9,0,False,0,0
11674.51,card,insufficient_funds,1,0.2,26,13,5,1,True,0,1
6816.73,netbanking,bank_outage,1,0.7,8,12,9,2,True,0,1
1145.25,card,authentication_failed,1,3.3,29,13,6,0,False,0,1
5946.16,upi,insufficient_funds,1,1.6,8,10,7,1,False,1,1
9196.86,upi,network_timeout,3,1.2,5,10,4,1,True,0,1
5745.42,card,card_expired,1,1.4,24,7,14,1,True,0,0
8447.72,card,authentication_failed,1,5.0,7,18,3,1,False,0,1
14573.37,subscription_mandate,card_expired,1,1.0,26,10,5,1,True,1,1
8398.07,upi,insufficient_funds,1,2.4,29,19,10,0,True,0,1
4910.21,upi,card_expired,1,0.7,12,10,13,0,True,0,1
6188.83,subscription_mandate,bank_outage,2,1.4,10,13,9,2,True,1,1
5395.22,card,card_expired,1,2.5,20,12,1,1,False,1,0
2994.93,upi,network_timeout,2,2.6,19,13,5,2,True,0,1
1475.9,upi,insufficient_funds,1,2.7,18,8,12,0,True,1,1
2489.98,card,insufficient_funds,3,3.7,20,11,4,1,True,1,0
3731.38,card,high_risk_fraud,1,0.8,17,3,3,1,False,1,0
2488.68,card,card_expired,2,3.0,9,10,5,0,False,0,0
1236.44,netbanking,network_timeout,2,2.6,4,20,5,0,True,1,1
1865.96,upi,network_timeout,2,2.6,14,18,0,3,False,1,1
404.26,card,authentication_failed,4,0.3,20,13,5,0,False,0,1
1789.77,subscription_mandate,insufficient_funds,3,2.3,16,9,10,0,True,1,1
4234.77,card,bank_outage,2,0.3,6,11,9,0,True,1,1
2721.08,upi,insufficient_funds,5,1.4,26,18,6,0,True,0,0
989.21,upi,bank_outage,2,1.6,26,8,10,0,True,0,1
2871.38,subscription_mandate,insufficient_funds,1,2.8,9,7,11,0,True,1,1
606.42,card,network_timeout,2,3.4,31,6,9,2,True,0,1
2284.24,card,insufficient_funds,1,1.8,29,22,5,1,True,1,1
4768.29,upi,network_timeout,1,1.0,19,12,19,2,True,0,1
5600.65,card,network_timeout,1,3.9,14,13,6,1,False,0,1
1020.28,card,high_risk_fraud,1,0.3,28,14,0,0,False,0,0
2005.43,upi,insufficient_funds,2,0.3,14,16,5,0,True,0,0
471.81,netbanking,card_expired,1,0.1,31,16,12,0,True,0,1
5568.35,card,insufficient_funds,1,0.7,24,17,11,1,True,1,1
2599.46,card,high_risk_fraud,1,8.2,16,3,0,0,False,0,0
15126.52,upi,authentication_failed,1,2.9,31,10,2,1,False,0,0
2437.19,netbanking,insufficient_funds,2,4.9,2,15,14,0,True,0,1
3054.81,subscription_mandate,network_timeout,1,1.8,3,12,6,0,False,1,1
1946.85,card,authentication_failed,1,5.3,26,8,23,1,False,0,0
3434.32,card,bank_outage,1,7.6,30,10,5,0,True,1,0
1215.47,card,network_timeout,2,1.6,18,9,15,1,True,0,0
6319.55,upi,network_timeout,1,2.8,18,18,2,0,False,1,1
3206.48,upi,high_risk_fraud,1,0.3,16,0,5,0,True,0,1
2379.47,upi,bank_outage,2,6.5,6,11,2,1,False,0,1
507.63,upi,authentication_failed,2,2.5,24,8,0,0,False,0,1
1247.38,netbanking,insufficient_funds,5,0.2,30,18,2,1,False,1,0
2088.08,upi,bank_outage,1,6.1,30,18,6,2,True,0,0
10055.35,card,insufficient_funds,1,3.4,9,8,13,0,False,0,0
742.62,card,insufficient_funds,2,8.2,18,16,8,1,True,1,1
3132.75,card,insufficient_funds,1,1.1,15,9,6,1,True,0,1
2696.43,subscription_mandate,card_expired,3,0.0,19,11,1,0,False,1,0
5956.24,card,bank_outage,1,0.9,31,11,3,0,False,0,1
1948.57,upi,insufficient_funds,1,2.2,9,8,13,2,True,1,1
2029.48,upi,bank_outage,1,3.7,4,15,13,0,False,0,1
1435.31,upi,insufficient_funds,1,4.3,22,18,12,0,True,0,0
1054.86,upi,network_timeout,3,0.3,12,17,6,0,True,0,1
731.68,card,card_expired,1,9.0,6,15,3,1,False,1,0
5839.08,upi,card_expired,1,1.0,9,13,6,4,False,0,0
2104.63,upi,network_timeout,2,1.3,6,13,1,1,False,0,1
210.73,card,authentication_failed,2,0.4,7,11,2,2,False,0,1
3961.13,card,insufficient_funds,1,0.6,5,12,2,0,False,1,1
99.76,card,insufficient_funds,3,2.5,13,9,11,1,False,0,0
1063.49,netbanking,card_expired,1,0.1,13,7,3,1,False,0,0
1059.51,card,insufficient_funds,2,0.5,28,17,6,0,False,0,1
2642.87,subscription_mandate,insufficient_funds,1,1.3,19,14,8,0,True,1,1
1782.23,card,bank_outage,1,0.9,14,15,2,1,False,0,1
7194.47,card,network_timeout,2,3.7,13,12,9,0,True,0,1
2512.84,upi,insufficient_funds,4,0.2,21,4,10,1,False,1,0
366.79,subscription_mandate,bank_outage,1,1.6,2,20,6,1,True,1,1
665.78,upi,network_timeout,1,0.1,21,12,8,2,False,0,1
1794.44,upi,insufficient_funds,1,1.1,3,21,4,0,True,0,1
2832.37,upi,high_risk_fraud,1,2.7,8,17,11,0,True,0,0
9698.75,upi,network_timeout,3,2.3,22,19,13,0,False,0,1
1933.66,upi,bank_outage,4,2.4,8,15,2,2,False,0,0
5082.21,card,bank_outage,1,0.2,8,11,6,0,True,1,1
929.24,card,insufficient_funds,1,0.3,2,16,9,1,True,0,1
3265.79,subscription_mandate,bank_outage,1,0.6,15,18,5,2,True,1,1
25041.37,upi,high_risk_fraud,2,3.2,24,10,8,1,True,0,1
471.04,netbanking,card_expired,1,4.5,11,20,7,0,True,0,0
4291.12,card,high_risk_fraud,3,2.1,2,10,5,0,False,0,0
6798.19,card,insufficient_funds,1,0.9,16,19,12,2,True,0,1
7560.08,upi,card_expired,2,3.2,2,4,1,0,False,1,1
1383.94,card,authentication_failed,2,0.8,28,16,13,1,False,0,1
622.95,card,insufficient_funds,1,3.2,9,9,2,0,False,1,1
826.44,upi,insufficient_funds,1,3.1,30,6,1,0,False,1,1
2152.49,card,card_expired,1,0.1,31,12,6,4,True,0,0
3307.33,card,bank_outage,1,4.4,14,10,8,0,True,0,1
1543.68,card,insufficient_funds,1,2.9,12,19,9,0,True,0,1
352.38,card,card_expired,2,1.4,29,8,12,0,False,0,0
1715.35,card,bank_outage,3,0.2,26,16,1,1,False,0,0
2241.58,card,card_expired,1,6.9,27,8,12,2,False,0,0
1091.28,card,insufficient_funds,2,0.4,5,19,7,1,False,0,0
2529.15,subscription_mandate,insufficient_funds,1,1.1,5,1,4,1,False,1,1
10289.18,upi,bank_outage,1,1.0,18,16,2,0,False,0,1
13089.46,upi,insufficient_funds,1,0.2,8,16,14,1,True,0,1
4241.1,subscription_mandate,authentication_failed,1,2.6,25,14,2,1,False,1,1
882.4,netbanking,network_timeout,1,1.1,24,14,9,0,True,0,1
705.34,subscription_mandate,card_expired,1,6.0,26,5,21,1,True,1,0
19637.3,upi,network_timeout,2,0.1,25,15,5,1,False,0,1
1332.91,upi,insufficient_funds,1,0.4,18,2,9,1,True,1,1
4908.35,upi,insufficient_funds,1,2.1,7,19,12,2,True,0,1
927.71,upi,insufficient_funds,4,0.0,12,14,3,0,False,0,1
2277.9,card,high_risk_fraud,1,0.1,28,14,5,1,False,0,0
3646.97,card,network_timeout,3,2.4,2,12,19,1,True,0,1
3897.96,upi,network_timeout,1,0.2,19,10,16,3,True,1,1
4871.74,card,authentication_failed,3,0.5,3,16,3,0,False,0,1
4541.55,upi,insufficient_funds,1,0.5,21,21,6,0,True,1,1
654.81,netbanking,bank_outage,2,0.9,24,16,3,1,False,0,1
3799.19,upi,bank_outage,2,0.2,17,11,29,0,True,0,1
3983.67,card,insufficient_funds,1,2.8,19,19,1,1,False,1,0
3468.74,upi,card_expired,1,2.0,7,17,6,1,True,1,1
4070.6,card,insufficient_funds,5,4.8,3,11,4,1,True,0,1
3368.7,card,bank_outage,1,1.2,5,1,12,2,False,1,1
1817.59,card,network_timeout,2,1.1,10,10,1,0,False,0,1
3719.63,subscription_mandate,high_risk_fraud,1,3.0,21,8,4,0,True,1,0
2839.4,upi,network_timeout,2,0.4,21,17,9,1,True,1,1
1111.54,card,bank_outage,1,0.4,25,12,8,1,True,0,1
3117.53,card,authentication_failed,1,0.6,26,17,6,1,True,1,1
1673.9,subscription_mandate,authentication_failed,3,5.6,24,21,17,1,True,1,1
1280.02,upi,bank_outage,2,4.4,4,19,9,0,True,1,1
803.86,card,insufficient_funds,1,0.6,24,18,3,2,False,1,0
1870.83,card,card_expired,3,0.9,1,15,2,2,False,1,0
2966.21,upi,insufficient_funds,2,1.6,8,17,7,0,True,0,1
7753.25,upi,bank_outage,1,7.7,29,13,10,2,True,0,1
853.46,card,card_expired,2,1.4,8,10,4,0,True,0,0
6093.86,card,authentication_failed,1,1.7,16,8,6,0,True,1,1
3010.82,card,network_timeout,1,0.0,30,17,10,1,True,0,1
1211.14,card,insufficient_funds,2,1.4,24,15,9,0,False,0,0
4506.33,upi,bank_outage,2,3.1,22,8,4,1,True,0,1
3229.47,subscription_mandate,insufficient_funds,1,2.9,13,15,7,1,False,1,1
3274.84,card,insufficient_funds,3,1.9,31,20,7,3,True,1,0
586.74,netbanking,card_expired,4,7.9,11,22,1,1,False,1,0
1191.47,card,card_expired,3,5.0,9,17,23,0,True,1,1
5859.24,card,card_expired,4,2.3,27,8,13,1,False,0,0
2417.49,upi,card_expired,2,1.9,20,21,2,1,False,1,0
3971.17,upi,bank_outage,1,0.3,3,19,1,1,False,0,1
3307.19,card,network_timeout,1,0.7,24,12,8,1,True,0,1
9182.14,upi,bank_outage,1,3.6,21,13,10,0,False,0,1
12539.11,card,card_expired,1,5.1,7,16,6,0,True,0,1
1443.01,card,insufficient_funds,2,0.8,16,8,19,0,True,0,0
672.85,upi,bank_outage,3,1.7,24,19,4,2,False,0,1
1336.14,netbanking,network_timeout,1,0.2,16,15,5,1,False,1,1
2359.51,upi,insufficient_funds,2,1.4,21,10,13,2,True,1,1
2216.38,upi,insufficient_funds,1,1.4,2,19,3,0,False,0,1
6026.2,card,insufficient_funds,4,2.8,16,1,7,1,False,0,0
5784.92,card,insufficient_funds,1,1.1,6,13,3,1,False,0,0
1421.42,card,insufficient_funds,1,2.0,4,9,7,1,False,0,1
2628.5,upi,authentication_failed,1,0.2,16,1,2,0,False,0,1
3418.75,upi,bank_outage,1,0.4,20,20,2,1,False,1,1
1616.98,card,bank_outage,1,2.3,19,15,12,0,True,0,1
542.36,netbanking,bank_outage,1,3.5,1,10,8,1,False,0,1
11886.16,upi,bank_outage,2,0.5,6,16,4,1,False,1,1
952.89,card,insufficient_funds,1,0.6,27,20,3,0,False,0,1
955.58,card,network_timeout,4,7.6,9,19,6,0,False,0,1
1478.04,upi,network_timeout,1,3.5,23,21,3,0,False,0,1
1572.17,card,authentication_failed,2,10.1,28,8,4,0,False,0,1
2465.18,card,insufficient_funds,1,1.5,23,7,4,0,False,0,1
29769.99,card,bank_outage,1,1.1,22,11,7,0,True,0,1
1742.94,card,insufficient_funds,1,2.6,14,16,7,1,True,1,1
921.01,upi,insufficient_funds,2,4.7,26,10,4,0,True,1,1
4409.98,netbanking,insufficient_funds,1,0.1,10,14,4,0,False,0,1
14088.97,upi,card_expired,2,3.5,24,21,1,0,False,0,0
3517.42,subscription_mandate,bank_outage,1,3.9,25,7,7,0,False,1,0
972.0,card,insufficient_funds,1,0.3,23,1,8,1,True,0,1
3552.22,upi,card_expired,1,2.3,21,12,7,0,True,0,1
1869.51,upi,insufficient_funds,1,3.0,31,11,4,0,True,0,1
1064.0,upi,card_expired,1,2.0,23,18,6,1,True,1,1
1339.31,upi,network_timeout,1,5.3,6,12,5,3,False,0,1
1725.64,upi,authentication_failed,2,12.0,18,10,10,0,False,0,1
2116.26,card,insufficient_funds,2,2.4,5,9,1,1,False,1,1
691.87,card,network_timeout,1,0.6,26,7,11,0,True,0,1
1899.41,upi,insufficient_funds,3,1.7,10,10,5,2,True,0,0
2007.12,card,bank_outage,2,0.6,9,13,4,0,True,0,1
7935.59,upi,card_expired,2,5.1,16,7,3,1,False,0,0
540.86,upi,network_timeout,4,1.4,28,12,7,0,False,0,1
4211.46,card,insufficient_funds,1,1.2,14,10,11,0,True,0,1
4151.54,upi,bank_outage,1,3.2,12,12,8,1,True,0,1
11187.48,card,insufficient_funds,1,6.7,17,18,0,2,False,0,0
2597.77,upi,bank_outage,1,1.6,18,9,18,2,False,0,1
1343.19,card,insufficient_funds,2,2.4,26,22,10,0,True,0,1
523.05,netbanking,high_risk_fraud,4,3.6,3,16,6,1,True,0,0
2219.78,netbanking,insufficient_funds,1,1.9,24,20,2,1,False,0,1
1610.97,upi,insufficient_funds,1,6.3,20,11,5,0,True,0,0
1661.98,card,authentication_failed,4,4.8,6,15,0,0,False,1,0
1494.14,upi,insufficient_funds,3,2.2,5,2,13,0,True,0,0
1067.38,card,insufficient_funds,1,0.0,4,16,13,1,False,0,1
560.25,upi,authentication_failed,1,0.2,21,8,7,0,True,0,1
2443.66,upi,network_timeout,2,1.3,12,13,9,1,True,0,1
1119.84,subscription_mandate,insufficient_funds,1,1.3,20,12,7,1,False,1,1
2161.63,card,network_timeout,1,0.4,1,18,15,2,True,1,1
2478.96,upi,insufficient_funds,1,8.8,11,10,9,2,True,1,1
5545.36,netbanking,card_expired,1,0.5,6,10,13,0,False,0,0
1120.93,card,authentication_failed,3,1.9,28,19,1,2,False,0,0
23553.77,card,insufficient_funds,1,0.9,1,12,6,3,False,0,1
6282.67,upi,network_timeout,1,5.3,31,17,5,0,True,0,1
1718.55,subscription_mandate,authentication_failed,1,0.7,23,11,10,0,False,1,1
1512.17,subscription_mandate,card_expired,1,1.5,3,13,8,1,True,1,1
5171.47,upi,insufficient_funds,2,0.1,23,17,4,2,False,0,1
1970.3,upi,bank_outage,1,5.5,14,10,6,0,False,0,1
7167.62,upi,network_timeout,1,1.1,22,21,7,2,True,1,1
1935.81,netbanking,insufficient_funds,2,1.7,2,12,1,0,False,0,0
2509.86,upi,insufficient_funds,3,2.2,15,19,10,0,True,0,1
851.84,card,network_timeout,1,2.4,8,10,5,0,False,0,1
3182.73,card,insufficient_funds,2,0.8,23,18,5,1,True,1,1
3484.34,card,card_expired,3,2.2,9,7,2,0,False,0,0
1076.64,netbanking,insufficient_funds,1,8.1,8,17,3,1,False,0,1
2432.18,card,authentication_failed,1,2.2,24,9,6,0,True,0,1
16459.75,card,network_timeout,2,1.5,28,18,1,1,False,1,1
675.2,card,card_expired,1,0.6,18,12,3,2,False,0,1
464.38,upi,network_timeout,3,7.3,10,18,12,1,False,1,1
2753.4,card,insufficient_funds,2,2.6,5,17,5,0,False,0,1
1985.58,upi,bank_outage,3,7.0,28,22,5,0,True,0,1
2179.06,card,card_expired,2,3.2,28,10,7,0,True,0,1
3742.01,card,network_timeout,2,4.4,26,14,9,0,True,0,1
7366.42,netbanking,network_timeout,1,1.1,3,17,15,3,True,0,1
1680.83,subscription_mandate,network_timeout,1,0.3,6,18,9,2,False,1,1
982.05,upi,bank_outage,4,3.0,8,11,4,0,True,0,1
2177.16,card,authentication_failed,3,0.3,6,9,2,0,False,0,1
1808.1,netbanking,card_expired,1,0.8,19,0,3,0,False,0,1
1109.93,upi,insufficient_funds,1,1.2,22,16,7,1,False,0,1
2286.16,upi,high_risk_fraud,2,0.6,7,22,9,1,False,1,0
2362.87,card,insufficient_funds,1,1.9,28,15,8,0,True,0,1
2046.61,card,card_expired,1,1.4,11,14,6,3,False,0,0
2276.75,card,insufficient_funds,2,0.4,24,19,11,0,True,0,1
9427.63,subscription_mandate,insufficient_funds,4,1.4,15,16,7,0,True,1,0
4893.58,card,card_expired,2,1.1,11,11,10,1,True,0,1
1050.39,upi,insufficient_funds,2,9.1,9,14,3,0,False,0,1
7621.8,card,insufficient_funds,2,2.8,16,19,14,2,False,0,1
3902.97,upi,authentication_failed,5,2.0,12,14,2,3,False,0,0
2161.37,upi,bank_outage,1,4.6,6,9,8,1,True,0,1
1558.26,card,insufficient_funds,1,4.9,4,11,12,0,True,0,1
4552.04,card,authentication_failed,3,4.6,3,10,3,0,False,0,0
1141.31,card,insufficient_funds,1,14.0,9,14,5,3,True,0,0
2539.77,subscription_mandate,bank_outage,1,0.0,14,22,21,0,True,1,1
2792.4,subscription_mandate,bank_outage,1,2.4,4,16,5,1,True,1,1
1500.2,card,high_risk_fraud,1,1.7,3,15,0,2,False,0,0
3942.79,card,authentication_failed,1,2.1,17,1,8,0,False,0,1
1375.95,upi,high_risk_fraud,1,4.9,3,10,11,3,False,1,0
1321.59,subscription_mandate,authentication_failed,2,6.6,25,17,3,0,False,1,0
5652.24,upi,card_expired,2,0.8,11,10,8,0,False,0,0
1956.72,card,insufficient_funds,1,2.4,26,6,4,0,False,1,1
2636.7,upi,card_expired,1,0.3,23,13,5,0,False,0,0
791.08,subscription_mandate,high_risk_fraud,1,1.8,1,12,6,0,False,1,1
9278.47,card,insufficient_funds,4,2.7,13,11,10,0,True,1,1
554.63,subscription_mandate,insufficient_funds,1,0.3,18,13,2,2,False,1,1
264.28,card,network_timeout,3,9.8,18,13,7,1,True,0,1
13507.12,card,network_timeout,1,2.3,16,12,18,0,True,0,1
1871.93,card,insufficient_funds,1,3.1,23,18,4,2,True,0,1
2985.59,upi,authentication_failed,1,3.1,24,16,12,2,True,1,1
3429.1,upi,card_expired,2,0.8,13,13,10,1,True,0,1
3277.56,subscription_mandate,card_expired,1,0.9,28,16,3,0,False,1,1
5152.85,subscription_mandate,bank_outage,1,1.6,29,2,6,1,True,1,1
6296.64,card,network_timeout,1,0.3,22,14,3,2,False,1,1
3647.05,subscription_mandate,authentication_failed,1,2.1,20,12,1,1,False,1,1
3043.42,card,high_risk_fraud,2,6.3,7,19,3,0,False,1,0
4609.65,upi,bank_outage,2,5.7,30,21,9,1,True,0,0
1757.19,upi,insufficient_funds,2,1.3,31,10,3,1,False,0,1
1296.44,card,card_expired,1,1.8,21,2,0,1,False,1,1
889.0,upi,insufficient_funds,1,2.4,1,18,4,1,True,1,1
720.67,card,card_expired,1,6.2,24,20,3,1,False,0,0
1862.13,card,card_expired,1,2.3,19,9,18,0,True,1,0
6080.22,netbanking,high_risk_fraud,1,4.0,25,19,4,1,False,0,0
303.66,subscription_mandate,insufficient_funds,3,1.6,4,15,12,1,True,1,1
1164.8,upi,bank_outage,2,2.2,2,16,7,0,True,0,1
2125.69,upi,card_expired,1,0.8,4,5,14,0,False,0,0
1509.32,card,bank_outage,3,3.7,30,17,3,3,False,0,0
1123.07,card,card_expired,3,0.4,27,10,11,0,False,0,0
837.41,card,bank_outage,1,1.0,27,18,8,1,False,0,1
1376.31,upi,insufficient_funds,1,0.1,31,21,8,1,True,0,1
1290.56,subscription_mandate,authentication_failed,1,0.6,9,11,3,2,False,1,1
3209.12,card,insufficient_funds,1,2.6,29,18,4,0,False,0,1
768.76,card,network_timeout,5,2.2,4,12,9,1,False,0,1
3711.36,upi,high_risk_fraud,1,0.1,24,22,4,0,True,0,1
3557.46,netbanking,network_timeout,1,0.4,26,10,13,2,False,0,1
2376.03,card,insufficient_funds,2,2.6,8,14,5,0,True,0,1
489.99,upi,insufficient_funds,1,4.3,5,19,2,2,False,1,1
495.22,card,card_expired,1,3.1,12,6,11,0,False,0,1
906.35,upi,network_timeout,1,0.6,11,13,4,1,True,1,1
711.72,card,insufficient_funds,2,1.4,13,8,4,0,True,0,1
2739.2,upi,authentication_failed,3,1.5,4,7,4,1,True,0,0
979.19,upi,insufficient_funds,1,4.9,11,4,8,2,True,0,1
2983.67,upi,card_expired,1,0.2,13,22,14,0,True,1,1
7893.66,upi,insufficient_funds,1,0.4,27,8,3,1,False,0,1
9637.54,upi,high_risk_fraud,2,14.0,17,18,3,1,False,0,0
8809.89,card,insufficient_funds,2,0.2,20,15,12,1,False,0,1
1085.24,subscription_mandate,card_expired,2,4.2,31,12,6,0,False,1,0
3047.85,card,network_timeout,1,3.9,19,16,8,0,True,0,1
7095.0,netbanking,insufficient_funds,1,1.0,7,18,7,0,True,0,1
2691.99,upi,network_timeout,3,0.0,12,18,16,0,True,0,1
752.95,netbanking,insufficient_funds,1,1.1,5,20,1,0,False,1,1
2334.24,card,high_risk_fraud,1,3.4,3,8,1,0,False,1,0
665.99,card,insufficient_funds,1,8.4,26,20,20,0,True,0,1
4452.5,netbanking,high_risk_fraud,1,2.2,12,15,8,1,False,0,0
1427.67,card,card_expired,1,7.1,5,13,3,0,False,1,1
1997.07,subscription_mandate,insufficient_funds,2,2.6,7,3,4,1,True,1,1
1502.08,upi,insufficient_funds,1,0.6,16,10,8,0,True,1,1
1190.48,upi,network_timeout,3,4.1,4,7,1,1,False,1,1
8565.84,card,network_timeout,2,0.4,29,10,1,2,False,0,1
6222.8,upi,bank_outage,1,3.6,18,5,3,0,False,0,1
3860.02,card,card_expired,1,2.0,20,8,3,1,False,0,0
2070.86,subscription_mandate,high_risk_fraud,3,6.4,15,15,8,1,True,1,0
1127.2,card,bank_outage,1,0.9,18,19,9,0,True,0,1
952.14,upi,bank_outage,1,2.1,23,10,3,1,False,1,1
6153.07,upi,card_expired,4,1.0,31,5,1,0,False,0,0
10199.59,upi,card_expired,1,2.3,15,11,11,1,False,0,0
209.61,upi,insufficient_funds,4,0.8,19,6,3,0,False,0,0
343.51,card,insufficient_funds,2,1.0,27,11,3,0,False,0,1
6212.99,upi,card_expired,1,0.7,3,20,4,1,False,0,1
609.75,card,insufficient_funds,2,3.0,25,10,14,1,True,0,1
356.79,card,network_timeout,2,1.2,22,14,7,0,True,1,1
8340.48,card,card_expired,3,0.3,18,17,3,1,False,0,0
3123.61,card,insufficient_funds,1,0.4,12,9,7,1,False,0,1
4954.19,subscription_mandate,network_timeout,1,2.2,8,9,2,0,False,1,1
3026.48,card,card_expired,2,0.1,1,8,16,0,True,1,0
1940.76,upi,bank_outage,1,5.7,25,10,7,0,True,0,1
3308.62,subscription_mandate,insufficient_funds,1,3.3,24,17,9,1,True,1,1
1369.55,card,card_expired,1,1.7,2,10,1,0,False,0,0
506.17,upi,network_timeout,2,5.1,10,20,8,0,False,0,1
7325.65,upi,card_expired,2,5.0,8,10,7,1,True,1,0
612.13,card,authentication_failed,2,3.0,29,18,3,2,False,0,1
5686.04,card,insufficient_funds,1,2.3,20,12,10,0,True,1,0
3069.94,subscription_mandate,insufficient_funds,2,0.6,23,22,2,2,False,1,1
9823.65,netbanking,insufficient_funds,1,1.8,26,9,25,2,False,0,0
984.57,upi,insufficient_funds,2,0.1,27,4,4,0,False,0,1
4579.09,subscription_mandate,insufficient_funds,2,4.5,20,7,2,0,False,1,1
17731.01,upi,insufficient_funds,1,0.3,19,10,3,0,False,0,0
1045.06,card,card_expired,1,0.3,16,19,2,0,False,0,1
5364.24,subscription_mandate,card_expired,2,0.4,24,9,22,2,False,1,1
1995.0,subscription_mandate,insufficient_funds,1,2.3,4,0,5,0,False,1,1
2822.83,upi,bank_outage,2,1.2,16,22,5,0,True,0,1
924.96,upi,card_expired,1,4.5,3,16,4,0,False,0,1
4258.26,upi,insufficient_funds,4,0.1,23,17,3,1,False,0,0
5109.42,card,bank_outage,1,2.0,2,21,16,2,True,1,1
12765.38,card,insufficient_funds,1,4.4,28,8,8,4,True,1,1
8082.23,subscription_mandate,network_timeout,2,0.4,21,19,12,0,False,1,1
1278.98,upi,insufficient_funds,4,0.2,16,16,10,0,False,0,1
17490.0,subscription_mandate,card_expired,3,1.5,26,17,6,0,True,1,1
6381.94,upi,network_timeout,3,3.0,28,17,6,1,True,0,1
1705.11,card,card_expired,2,1.6,8,15,5,0,True,0,0
2119.15,upi,high_risk_fraud,1,0.7,30,13,14,2,True,0,0
1000.61,card,high_risk_fraud,2,7.9,27,16,1,0,False,1,0
7208.93,card,insufficient_funds,3,3.1,15,15,7,0,True,0,1
975.84,card,insufficient_funds,2,8.4,4,13,4,0,False,1,1
3278.18,card,high_risk_fraud,2,2.0,7,19,10,1,True,1,0
6793.36,upi,bank_outage,2,0.7,11,13,9,0,True,0,1
1242.68,upi,insufficient_funds,1,2.4,14,9,1,0,False,0,1
19593.43,upi,network_timeout,1,2.2,3,10,6,0,True,1,1
7564.83,subscription_mandate,card_expired,2,3.4,15,16,19,0,False,1,1
421.12,upi,high_risk_fraud,1,1.5,16,11,8,0,False,1,0
2103.13,card,network_timeout,1,1.0,26,9,14,0,True,0,1
20729.22,card,high_risk_fraud,2,7.9,5,22,16,1,True,1,0
7689.12,card,high_risk_fraud,1,3.5,14,16,10,2,True,0,0
2906.86,upi,insufficient_funds,1,3.9,6,21,15,0,False,0,1
1470.2,upi,network_timeout,1,0.7,22,13,7,3,True,0,1
7881.18,upi,insufficient_funds,1,1.0,5,11,3,0,False,1,1
3641.13,card,card_expired,2,2.5,18,11,2,0,False,1,1
6165.34,upi,network_timeout,2,2.7,1,17,7,0,True,0,1
3014.21,card,insufficient_funds,1,1.2,28,15,11,0,True,1,1
1153.34,card,card_expired,4,0.8,2,11,5,0,False,0,0
2105.23,card,insufficient_funds,1,2.0,9,17,6,2,True,0,0
9865.08,card,network_timeout,2,2.7,25,12,11,0,True,0,1
4964.54,card,high_risk_fraud,2,1.9,18,15,4,2,True,0,1
350.36,netbanking,insufficient_funds,2,2.7,28,18,10,2,True,0,0
338.94,card,network_timeout,1,1.6,23,13,3,3,False,1,1
6104.11,upi,high_risk_fraud,1,1.6,24,10,11,0,True,0,0
7281.84,upi,authentication_failed,2,4.9,26,15,10,0,True,0,1
638.7,card,insufficient_funds,1,3.9,3,10,1,3,False,0,1
413.29,upi,card_expired,3,3.4,31,9,3,1,False,1,0
2574.83,upi,insufficient_funds,3,0.3,3,15,9,1,True,1,1
7252.27,upi,insufficient_funds,4,7.5,25,18,1,2,False,1,1
2534.15,card,insufficient_funds,1,1.3,7,22,7,1,True,0,1
10200.8,upi,network_timeout,1,1.4,19,18,3,3,False,0,1
1980.47,subscription_mandate,network_timeout,2,2.0,15,9,10,2,True,1,1
3039.54,card,card_expired,1,2.2,10,16,5,2,True,0,1
5806.05,upi,insufficient_funds,3,0.0,31,14,4,0,True,0,1
767.49,upi,insufficient_funds,2,0.6,29,13,2,3,False,1,1
504.12,upi,insufficient_funds,1,4.3,3,7,14,2,True,0,1
1534.79,subscription_mandate,insufficient_funds,1,0.2,12,17,3,1,False,1,1
2328.82,subscription_mandate,insufficient_funds,3,0.1,13,18,12,2,False,1,1
7283.82,upi,authentication_failed,1,0.4,22,7,0,1,False,0,0
981.42,subscription_mandate,insufficient_funds,3,2.2,26,18,5,0,True,1,1
3471.92,netbanking,insufficient_funds,1,2.1,6,11,2,2,False,0,1
3022.73,upi,network_timeout,2,3.7,30,20,1,1,False,1,1
96677.0,subscription_mandate,bank_outage,2,0.6,11,14,9,1,True,1,1
805.91,upi,insufficient_funds,1,6.3,22,22,3,0,False,1,1
2814.56,card,insufficient_funds,1,3.6,28,13,16,0,False,1,1
1145.5,upi,card_expired,2,0.6,9,13,0,0,False,0,0
2014.83,card,high_risk_fraud,1,1.4,6,9,4,0,False,0,0
728.73,card,network_timeout,1,3.9,5,16,6,1,True,0,1
2100.9,card,bank_outage,2,2.6,5,13,10,0,False,0,1
2050.77,netbanking,card_expired,1,0.2,18,12,9,0,False,0,0
907.21,netbanking,bank_outage,2,1.6,22,19,3,2,False,1,1
6688.61,upi,insufficient_funds,1,0.7,2,7,13,0,True,1,1
9074.47,upi,insufficient_funds,1,6.4,21,10,5,1,False,0,1
1870.99,card,bank_outage,1,0.7,12,17,10,0,False,1,0
1090.14,subscription_mandate,card_expired,2,0.5,14,19,7,0,False,1,1
5049.44,card,network_timeout,1,0.0,17,16,7,0,False,0,1
9567.59,upi,card_expired,1,0.5,8,18,8,0,True,1,1
1809.35,card,insufficient_funds,1,1.6,28,11,2,0,False,0,1
703.54,upi,card_expired,1,1.4,23,16,8,0,True,0,1
828.31,upi,network_timeout,2,4.6,13,11,17,0,False,0,1
1982.53,upi,authentication_failed,1,1.9,18,19,20,0,True,0,0
1645.5,card,insufficient_funds,1,0.7,11,16,12,1,False,0,1
927.6,card,insufficient_funds,2,0.6,18,7,5,0,False,0,0
1913.26,upi,authentication_failed,2,0.3,19,8,9,0,True,0,1
2706.48,netbanking,authentication_failed,1,1.6,24,13,1,0,False,1,1
2713.96,card,insufficient_funds,3,3.3,21,10,9,0,True,0,0
5060.37,subscription_mandate,card_expired,1,2.0,11,15,12,0,False,1,1
2363.23,subscription_mandate,insufficient_funds,1,2.5,29,20,16,0,True,1,1
3922.75,card,card_expired,1,1.0,7,9,6,1,True,0,1
1084.83,upi,network_timeout,1,0.6,26,8,5,0,True,0,1
5590.19,card,network_timeout,1,0.4,28,14,3,1,False,0,1
6303.94,card,insufficient_funds,2,0.2,27,10,14,0,False,0,1
6171.2,card,card_expired,2,2.3,16,16,4,0,True,0,0
4445.86,upi,card_expired,1,0.9,21,8,11,0,False,0,0
2202.27,netbanking,insufficient_funds,1,0.6,25,18,5,1,True,0,1
2127.53,card,card_expired,1,1.7,8,10,4,1,True,0,0
2627.26,subscription_mandate,network_timeout,1,0.8,14,21,7,0,True,1,1
4207.58,card,high_risk_fraud,3,0.4,1,11,13,0,True,0,0
1947.0,netbanking,insufficient_funds,1,2.9,1,4,4,0,True,0,1
667.92,card,high_risk_fraud,1,4.0,6,10,10,2,False,0,0
1500.24,netbanking,network_timeout,1,7.4,5,18,3,0,False,1,1
2337.23,upi,card_expired,1,0.2,26,11,8,1,True,0,1
2596.77,upi,insufficient_funds,2,0.4,27,17,7,1,True,1,1
908.55,card,network_timeout,2,6.1,9,13,4,0,True,0,1
5609.28,card,bank_outage,1,0.7,26,13,7,0,False,1,1
6792.13,upi,insufficient_funds,1,0.0,14,11,4,1,False,0,1
900.15,card,card_expired,1,0.0,9,15,19,2,True,0,1
2263.79,card,high_risk_fraud,2,5.5,10,18,5,0,False,1,0
5758.61,card,insufficient_funds,2,0.8,10,13,5,1,False,0,1
5959.82,subscription_mandate,network_timeout,2,2.5,17,13,11,1,True,1,1
816.41,card,insufficient_funds,1,1.1,5,11,5,0,True,0,1
958.6,subscription_mandate,high_risk_fraud,2,0.0,22,15,13,0,True,1,0
2881.92,netbanking,authentication_failed,1,3.4,31,2,8,0,True,0,1
426.35,card,network_timeout,3,0.6,24,20,13,1,False,1,0
2398.76,card,high_risk_fraud,2,0.9,14,14,9,1,False,0,0
838.87,card,insufficient_funds,1,2.4,12,15,8,1,False,1,1
230.14,card,insufficient_funds,2,0.8,16,21,10,0,True,0,1
1418.39,card,insufficient_funds,1,0.9,16,17,17,0,True,0,1
1209.03,upi,insufficient_funds,1,4.8,18,17,18,1,True,0,1
2477.84,netbanking,high_risk_fraud,2,3.1,11,18,0,0,False,1,0
1541.35,card,bank_outage,1,3.5,27,11,9,1,True,0,1
311.84,upi,insufficient_funds,3,1.0,17,13,10,1,True,0,1
934.87,upi,card_expired,2,1.0,10,8,2,0,False,0,1
1851.73,card,authentication_failed,2,4.7,9,12,8,0,True,0,0
526.93,subscription_mandate,insufficient_funds,3,1.2,29,11,3,0,False,1,1
2593.99,netbanking,network_timeout,2,0.5,9,9,10,0,True,0,1
1300.91,upi,insufficient_funds,1,0.6,26,9,1,1,False,0,1
1742.02,netbanking,card_expired,1,3.1,20,2,12,0,True,0,1
985.72,card,card_expired,2,0.5,29,21,18,0,False,0,1
4678.99,card,high_risk_fraud,1,1.5,2,21,7,0,True,0,0
4063.71,card,insufficient_funds,2,4.1,28,18,19,1,False,0,1
11011.49,card,insufficient_funds,1,2.6,15,11,4,1,True,1,1
2476.0,card,card_expired,2,1.2,9,19,9,0,True,0,1
6658.51,subscription_mandate,network_timeout,1,2.7,17,0,5,2,True,1,1
204.41,card,insufficient_funds,2,0.2,16,13,6,0,False,0,1
3189.46,upi,bank_outage,1,0.1,28,10,2,0,False,0,1
5203.57,card,insufficient_funds,2,1.0,18,9,9,2,True,0,1
388.05,upi,network_timeout,2,0.7,24,16,27,0,True,1,1
1625.02,upi,bank_outage,2,1.4,20,8,3,1,False,1,1
512.43,subscription_mandate,card_expired,1,0.5,21,19,9,2,True,1,1
3610.45,upi,insufficient_funds,2,1.2,11,10,10,0,True,0,0
2433.07,subscription_mandate,insufficient_funds,2,1.5,2,10,12,1,True,1,1
2368.69,subscription_mandate,bank_outage,2,0.9,1,13,8,0,False,1,1
2323.13,upi,insufficient_funds,1,2.4,30,19,10,0,False,0,1
6499.26,netbanking,high_risk_fraud,1,0.8,3,14,7,0,True,0,0
5170.8,card,network_timeout,2,2.4,19,14,3,0,False,1,1
2676.2,card,network_timeout,2,2.4,1,10,10,0,True,1,1
1578.55,card,insufficient_funds,1,5.4,29,18,6,2,True,0,1
1212.34,upi,insufficient_funds,2,6.6,19,14,11,0,True,1,1
7805.87,upi,card_expired,2,2.7,22,17,13,0,True,1,0
11028.01,upi,card_expired,2,0.1,22,12,10,0,True,0,0
1352.71,netbanking,card_expired,1,0.9,9,9,2,0,False,0,0
1819.49,subscription_mandate,high_risk_fraud,1,0.4,25,12,4,1,True,1,1
345.48,upi,high_risk_fraud,3,1.0,22,17,13,0,True,0,0
1253.82,subscription_mandate,insufficient_funds,1,0.3,15,9,12,1,True,1,1
10232.56,card,high_risk_fraud,3,3.4,8,20,5,0,True,0,0
10320.77,subscription_mandate,card_expired,1,2.3,26,15,3,1,False,1,1
4410.38,subscription_mandate,authentication_failed,1,3.4,11,7,1,0,False,1,1
628.77,card,authentication_failed,1,2.8,9,0,11,0,True,0,0
13956.2,card,bank_outage,5,0.3,16,19,1,2,False,1,0
1966.55,netbanking,bank_outage,1,0.6,5,17,1,2,False,0,1
3180.92,card,authentication_failed,3,3.1,10,11,4,1,False,0,1
2749.12,netbanking,card_expired,1,0.4,4,18,16,0,True,1,1
6295.18,subscription_mandate,authentication_failed,2,0.3,20,8,3,1,False,1,0
1551.51,upi,card_expired,1,0.6,4,18,16,0,True,0,1
5353.77,subscription_mandate,insufficient_funds,1,1.6,24,17,7,0,False,1,1
1491.73,card,insufficient_funds,1,0.9,11,1,3,2,False,1,1
3326.83,netbanking,network_timeout,1,0.7,8,14,5,2,True,0,1
2778.59,card,card_expired,2,3.6,22,17,6,0,False,0,1
788.22,card,network_timeout,1,0.6,29,15,4,0,True,0,1
8663.2,card,insufficient_funds,1,2.6,18,10,2,0,False,0,1
3809.3,upi,network_timeout,1,4.5,4,11,14,2,False,1,1
1797.18,card,insufficient_funds,1,0.8,22,14,24,0,False,0,1
1191.02,card,bank_outage,1,0.6,21,9,8,0,True,0,1
1634.97,card,insufficient_funds,1,0.9,19,14,8,0,True,0,1
523.05,subscription_mandate,bank_outage,5,1.1,8,11,9,0,True,1,0
5375.94,upi,authentication_failed,3,3.3,24,19,7,2,True,0,1
1888.37,upi,insufficient_funds,1,0.3,13,16,2,1,False,1,1
1887.32,card,insufficient_funds,1,2.4,10,8,6,1,False,0,0
16296.81,card,authentication_failed,3,2.0,29,9,14,0,True,0,1
2571.26,upi,insufficient_funds,1,8.5,27,8,7,1,False,1,1
18734.21,subscription_mandate,insufficient_funds,2,0.4,15,16,11,2,False,1,1
3670.09,subscription_mandate,card_expired,1,0.1,7,17,18,2,True,1,1
9258.5,card,insufficient_funds,2,2.1,24,15,3,3,False,1,0
3579.81,card,insufficient_funds,1,0.8,16,15,10,1,True,1,1
8842.78,subscription_mandate,high_risk_fraud,4,0.8,23,20,5,1,False,1,0
885.74,card,network_timeout,3,6.4,4,0,3,1,False,0,1
3505.39,card,network_timeout,1,0.3,11,11,14,2,False,1,1
19107.21,card,insufficient_funds,1,0.5,3,14,10,0,True,0,1
1616.05,card,authentication_failed,1,1.8,5,20,9,0,True,0,1
454.04,upi,network_timeout,1,5.6,8,17,14,1,True,0,1
6234.36,upi,network_timeout,1,0.4,22,9,3,0,False,0,1
1241.7,card,bank_outage,2,6.6,17,19,8,1,True,0,0
338.27,card,card_expired,1,0.4,7,16,5,0,True,0,1
3702.23,upi,card_expired,1,0.4,2,12,5,2,False,1,1
1555.65,subscription_mandate,insufficient_funds,1,2.0,26,10,6,2,True,1,1
1490.18,upi,insufficient_funds,1,3.4,29,8,5,0,False,0,1
1155.53,subscription_mandate,card_expired,1,0.4,16,17,9,0,False,1,1
3560.54,card,insufficient_funds,2,2.4,12,15,13,1,False,0,1
2453.33,subscription_mandate,card_expired,2,1.3,30,23,17,0,False,1,1
1288.99,netbanking,insufficient_funds,2,0.2,16,18,5,0,True,0,1
3691.51,subscription_mandate,insufficient_funds,2,2.7,11,17,4,0,True,1,1
3188.46,upi,bank_outage,1,11.7,9,20,8,3,True,0,1
1542.51,card,insufficient_funds,2,3.2,20,14,2,2,False,0,0
9510.1,upi,insufficient_funds,1,8.4,14,10,4,1,True,0,0
2961.61,netbanking,high_risk_fraud,2,2.1,28,7,7,1,True,0,0
3512.74,card,network_timeout,2,0.0,28,20,3,0,False,0,1
900.4,subscription_mandate,insufficient_funds,2,0.5,22,11,11,1,False,1,1
1150.09,upi,insufficient_funds,1,0.6,16,22,2,0,False,0,1
7858.91,card,insufficient_funds,2,1.2,12,19,0,3,False,0,0
5995.22,subscription_mandate,network_timeout,3,2.1,21,9,8,0,True,1,1
1955.28,netbanking,bank_outage,2,0.4,10,9,7,0,False,0,1
2123.99,card,network_timeout,1,1.3,27,19,7,1,True,0,1
5960.41,netbanking,insufficient_funds,1,5.2,30,2,10,0,True,1,1
8073.37,card,insufficient_funds,2,3.8,29,3,2,2,False,0,1
3283.86,upi,bank_outage,2,1.6,6,16,8,1,False,0,1
866.91,netbanking,card_expired,1,0.3,31,19,6,0,True,1,0
2060.45,subscription_mandate,authentication_failed,1,6.9,3,9,6,0,True,1,1
13359.87,upi,network_timeout,5,1.0,9,5,5,0,True,0,1
3990.42,card,insufficient_funds,3,1.5,24,15,4,1,False,0,1
4666.13,card,network_timeout,1,0.7,6,17,11,0,True,0,1
1960.23,card,card_expired,1,1.8,28,18,14,0,True,0,1
20791.44,card,insufficient_funds,5,1.1,4,20,7,2,False,0,0
7668.85,upi,high_risk_fraud,2,0.4,15,17,7,0,True,0,0
2865.23,card,bank_outage,1,3.5,20,18,8,0,False,0,1
1031.25,card,bank_outage,2,6.8,12,6,7,2,True,0,1
878.65,netbanking,bank_outage,1,0.7,8,16,9,1,False,0,1
7431.89,netbanking,network_timeout,1,0.7,7,5,6,0,True,0,1
3666.1,card,bank_outage,1,1.0,26,11,6,1,False,0,1
15317.41,upi,card_expired,1,2.8,21,22,1,1,False,0,0
2453.67,subscription_mandate,insufficient_funds,3,0.2,6,3,3,0,False,1,1
2302.89,card,insufficient_funds,3,0.8,19,12,14,2,False,0,1
1328.71,card,authentication_failed,1,1.5,26,10,6,3,True,0,0
389.6,upi,card_expired,1,1.1,27,13,19,0,True,1,0
2743.26,card,card_expired,1,1.5,12,15,14,2,False,0,1
7289.52,card,high_risk_fraud,3,0.8,23,10,10,1,True,0,0
3392.43,card,card_expired,1,0.8,16,6,16,0,False,0,1
1440.87,card,network_timeout,1,8.1,9,22,4,0,False,1,1
453.09,upi,bank_outage,1,7.6,21,8,14,0,True,0,0
930.86,upi,insufficient_funds,1,6.1,2,22,6,1,False,1,1
6349.13,card,authentication_failed,2,0.4,16,16,4,2,True,0,1
17304.15,card,insufficient_funds,1,1.9,11,13,8,1,True,0,1
1464.87,card,card_expired,1,4.1,2,11,5,0,True,0,0
1503.16,card,bank_outage,1,0.7,31,13,9,0,False,0,1
1631.88,upi,authentication_failed,2,0.4,6,10,4,1,False,0,1
3540.11,card,insufficient_funds,1,4.4,31,9,4,0,False,0,1
4764.98,upi,network_timeout,1,4.6,9,11,9,1,False,0,1
1350.88,card,insufficient_funds,1,2.8,8,17,17,1,True,0,1
3361.21,card,network_timeout,1,1.3,14,11,13,2,True,0,1
1730.24,upi,network_timeout,2,5.4,22,10,14,2,True,0,1
2652.17,card,card_expired,5,0.8,3,16,7,0,True,0,0
2823.23,card,insufficient_funds,1,2.7,18,17,9,0,False,0,1
6396.98,upi,authentication_failed,1,0.2,7,3,3,0,False,0,1
464.87,card,high_risk_fraud,1,14.0,9,6,2,1,False,0,0
9998.06,netbanking,network_timeout,1,4.8,19,10,7,1,True,0,1
1165.49,upi,card_expired,3,1.1,7,10,5,1,True,1,0
1858.72,card,insufficient_funds,1,1.7,27,9,6,1,True,0,1
1610.69,card,card_expired,1,2.4,27,9,8,0,True,0,1
1346.71,subscription_mandate,bank_outage,1,2.5,9,9,10,0,True,1,1
5320.52,upi,insufficient_funds,2,4.7,7,13,10,0,True,0,1
405.78,upi,authentication_failed,1,5.2,15,8,9,1,True,0,1
1587.49,subscription_mandate,authentication_failed,1,0.9,3,6,1,4,False,1,1
1296.32,upi,bank_outage,1,0.1,18,14,1,0,False,0,1
2072.28,upi,insufficient_funds,2,0.4,11,21,15,1,True,1,1
510.98,card,bank_outage,3,2.5,16,19,15,0,True,0,1
525.7,upi,insufficient_funds,2,0.8,28,9,8,1,True,0,1
8711.5,upi,high_risk_fraud,2,5.3,2,8,3,1,False,0,1
1572.26,card,insufficient_funds,1,2.7,19,19,3,1,False,0,1
5225.99,netbanking,authentication_failed,2,4.1,22,19,0,1,False,0,1
4251.73,upi,card_expired,1,3.0,8,22,13,0,False,1,0
2885.11,upi,insufficient_funds,1,3.4,2,8,12,0,False,0,0
3092.72,card,card_expired,2,0.3,17,12,14,0,True,0,0
1492.29,card,card_expired,2,9.1,19,15,18,3,True,0,0
6720.77,subscription_mandate,network_timeout,2,2.0,13,18,3,0,False,1,1
1164.79,card,bank_outage,3,4.6,24,12,10,0,True,0,1
3965.64,card,card_expired,5,1.2,16,9,10,1,True,0,0
2414.91,card,bank_outage,1,6.3,30,8,12,1,True,0,1
1780.83,card,insufficient_funds,1,0.4,24,14,12,1,True,0,1
2155.77,card,authentication_failed,1,1.6,14,19,5,1,False,0,1
8159.2,card,authentication_failed,1,0.1,2,14,4,0,False,1,1
5777.02,netbanking,card_expired,3,1.0,9,15,10,2,True,1,1
23569.21,subscription_mandate,insufficient_funds,1,0.4,26,13,2,1,False,1,1
516.62,card,insufficient_funds,3,2.0,5,19,4,0,True,0,0
1873.38,netbanking,insufficient_funds,3,0.8,17,11,6,1,True,1,1
1478.25,subscription_mandate,insufficient_funds,1,0.1,10,10,4,2,False,1,1
497.88,upi,insufficient_funds,2,1.3,17,11,0,2,False,0,0
441.67,upi,card_expired,1,4.5,3,10,17,1,True,0,0
5444.37,card,network_timeout,1,2.6,13,10,12,0,False,0,1
3130.16,upi,insufficient_funds,1,7.9,20,2,13,2,True,0,0
3218.01,upi,insufficient_funds,1,0.3,5,22,13,0,True,1,1
15567.46,subscription_mandate,network_timeout,1,0.6,10,3,0,0,False,1,1
5055.32,card,authentication_failed,1,0.7,18,15,2,0,False,1,1
4087.93,card,card_expired,1,14.0,10,17,2,0,False,0,0
1222.73,subscription_mandate,insufficient_funds,5,1.1,31,18,2,0,False,1,0
1362.69,card,insufficient_funds,1,0.4,10,11,7,1,True,1,0
1608.91,upi,insufficient_funds,2,0.2,26,10,2,0,False,0,0
4690.88,upi,authentication_failed,1,1.5,11,18,4,1,True,1,1
8101.34,subscription_mandate,card_expired,1,0.9,7,19,7,0,True,1,1
430.49,card,authentication_failed,1,6.0,28,9,8,1,True,0,1
2368.06,card,insufficient_funds,4,11.0,1,9,1,4,False,0,0
2452.08,subscription_mandate,authentication_failed,1,1.9,14,15,0,2,False,1,1
5778.24,upi,authentication_failed,1,1.0,15,20,3,0,False,0,0
7600.51,card,network_timeout,1,1.5,20,18,7,1,True,0,1
3199.9,upi,card_expired,1,2.8,13,10,4,1,True,0,0
304.19,card,insufficient_funds,1,0.7,15,19,9,0,True,1,1
3645.23,netbanking,insufficient_funds,1,9.4,29,22,6,1,False,0,1
2205.08,upi,insufficient_funds,2,4.5,5,9,4,1,False,0,1
5071.37,card,insufficient_funds,1,1.3,15,11,4,1,True,0,1
769.06,card,bank_outage,1,0.1,19,18,2,0,False,0,1
1641.53,netbanking,network_timeout,1,1.4,9,13,5,1,False,0,1
2750.58,upi,network_timeout,1,2.0,22,19,4,0,True,1,0
2609.74,upi,network_timeout,1,0.3,14,22,1,0,False,0,1
1680.76,upi,authentication_failed,3,2.5,18,14,5,2,True,0,1
1003.63,upi,high_risk_fraud,2,0.3,25,10,5,1,True,0,0
852.62,upi,insufficient_funds,1,7.4,2,18,6,0,False,0,1
612.98,upi,network_timeout,1,2.0,27,12,5,2,True,0,1
1067.47,upi,card_expired,4,0.9,9,18,9,1,False,0,1
2575.9,upi,insufficient_funds,1,0.4,31,4,14,0,False,0,1
7558.84,upi,network_timeout,1,1.2,20,22,2,1,False,1,1
626.2,card,network_timeout,1,2.1,16,13,5,2,False,0,1
1749.67,card,high_risk_fraud,4,1.7,31,3,11,1,True,0,0
13123.26,card,card_expired,1,3.3,4,10,3,1,False,0,0
2052.43,upi,insufficient_funds,1,4.8,26,7,8,0,True,0,1
4396.92,subscription_mandate,network_timeout,1,2.0,2,8,5,1,True,1,1
4828.67,subscription_mandate,card_expired,3,0.7,21,19,11,0,True,1,1
876.06,card,bank_outage,2,3.3,16,8,5,0,True,1,1
885.69,subscription_mandate,card_expired,1,7.1,15,10,8,1,True,1,1
1513.79,card,insufficient_funds,3,0.8,25,18,6,2,True,0,1
1736.9,netbanking,insufficient_funds,2,4.3,18,7,14,0,True,0,1
8165.37,card,insufficient_funds,3,4.9,4,22,6,0,True,0,1
1497.75,card,bank_outage,2,1.4,11,15,9,0,True,1,1
1252.79,upi,insufficient_funds,1,2.8,10,16,0,0,False,0,0
4594.6,upi,insufficient_funds,1,2.7,16,18,13,2,False,0,0
14243.13,subscription_mandate,network_timeout,1,0.2,15,11,14,1,True,1,1
2379.78,card,bank_outage,2,2.8,18,12,15,0,False,0,1
2405.37,upi,network_timeout,2,6.4,15,22,1,3,False,0,1
7617.23,upi,insufficient_funds,3,2.6,22,9,10,1,True,1,1
1240.55,upi,authentication_failed,1,0.4,11,12,7,1,True,0,1
1645.68,upi,authentication_failed,1,1.3,7,10,1,1,False,0,1
7314.38,upi,insufficient_funds,1,1.5,31,9,7,1,False,0,1
4129.62,subscription_mandate,card_expired,1,4.9,8,18,5,3,True,1,1
2119.35,card,insufficient_funds,1,0.1,15,13,6,0,True,0,1
8723.44,upi,high_risk_fraud,2,0.3,9,11,12,2,False,0,0
481.58,card,network_timeout,1,7.3,24,12,7,0,True,0,1
2761.2,upi,authentication_failed,1,1.7,3,22,10,1,True,0,0
28815.82,upi,bank_outage,1,2.5,7,10,23,0,True,0,1
7032.25,card,insufficient_funds,3,0.1,1,17,3,1,False,0,1
15099.9,upi,insufficient_funds,1,0.4,28,21,10,1,True,0,1
854.85,upi,authentication_failed,1,14.0,10,13,6,1,False,1,1
873.3,card,insufficient_funds,1,4.1,17,6,9,0,True,0,1
4759.78,card,card_expired,2,9.8,28,11,9,1,True,1,0
3322.43,card,network_timeout,1,2.4,3,8,2,3,False,0,0
327.06,subscription_mandate,network_timeout,3,1.6,26,11,10,1,True,1,1
4464.51,upi,authentication_failed,1,2.9,1,16,1,0,False,0,0
3929.4,card,insufficient_funds,2,0.0,30,3,9,0,True,0,1
2019.23,card,high_risk_fraud,2,1.5,28,11,7,1,True,0,0
6648.0,upi,insufficient_funds,1,1.8,29,19,10,1,True,0,0
6233.03,card,insufficient_funds,2,3.3,22,11,2,0,False,0,0
5041.22,subscription_mandate,bank_outage,2,1.5,28,21,4,3,False,1,1
4869.54,upi,bank_outage,2,0.1,9,12,11,1,True,1,0
2495.17,upi,authentication_failed,1,0.7,12,9,2,3,False,1,1
12641.03,card,card_expired,1,1.4,10,11,7,1,True,0,1
1295.51,card,insufficient_funds,1,3.5,4,11,8,0,True,1,1
275.63,upi,high_risk_fraud,2,3.7,10,20,10,1,True,0,0
988.11,card,bank_outage,1,0.7,27,21,7,0,True,0,1
823.29,card,authentication_failed,1,1.6,27,18,6,2,False,0,1
3313.98,card,bank_outage,1,3.3,7,23,7,0,False,1,1
2126.69,upi,insufficient_funds,1,8.9,8,16,6,0,True,0,1
652.14,card,authentication_failed,2,6.6,5,10,6,1,False,1,0
3495.05,upi,insufficient_funds,1,1.1,24,18,7,1,True,0,0
4881.19,upi,bank_outage,2,0.7,10,10,3,1,False,0,0
3665.5,upi,insufficient_funds,1,2.5,31,12,10,1,True,0,1
1822.47,card,card_expired,1,0.3,12,9,6,1,True,0,0
189.68,card,insufficient_funds,2,0.9,14,17,4,0,True,0,0
2097.8,card,authentication_failed,2,6.2,30,15,4,1,False,0,0
2312.09,upi,bank_outage,2,4.2,18,12,16,0,True,0,1
2556.53,upi,bank_outage,4,0.8,25,10,11,0,False,0,1
8510.48,card,insufficient_funds,2,0.5,4,20,13,0,True,0,1
1403.75,upi,card_expired,2,1.3,24,12,3,0,False,0,0
622.29,subscription_mandate,insufficient_funds,4,2.3,27,14,6,0,False,1,1
521.14,card,insufficient_funds,1,0.7,30,12,6,2,False,0,1
775.97,card,insufficient_funds,2,0.2,8,20,13,1,True,1,1
3610.89,card,high_risk_fraud,1,2.3,3,16,6,0,True,0,0
4144.47,card,card_expired,1,2.0,15,11,4,2,True,0,1
3605.82,card,authentication_failed,1,1.8,21,2,9,1,True,1,1
5301.5,upi,insufficient_funds,1,0.7,9,20,5,0,True,0,1
407.23,upi,high_risk_fraud,1,0.6,25,22,4,2,True,1,1
1327.51,netbanking,insufficient_funds,1,0.1,13,15,2,2,False,0,1
1949.61,card,card_expired,1,1.5,23,18,9,2,False,1,0
4029.83,subscription_mandate,insufficient_funds,1,2.9,31,9,5,2,True,1,1
1507.32,card,insufficient_funds,2,5.8,30,17,1,0,False,1,1
2951.06,card,bank_outage,2,1.6,24,10,12,0,False,0,1
1049.24,card,bank_outage,1,1.2,28,5,3,1,False,0,1
3139.9,subscription_mandate,network_timeout,1,0.2,8,7,15,1,False,1,1
1670.91,upi,high_risk_fraud,1,2.0,31,12,8,0,True,1,0
820.22,card,bank_outage,1,0.2,14,10,3,1,False,0,1
3314.09,card,bank_outage,1,0.5,19,11,10,0,True,1,1
3802.46,upi,card_expired,1,1.2,16,13,15,2,True,0,1
2532.58,card,insufficient_funds,1,1.7,9,14,8,0,True,0,0
2169.53,card,insufficient_funds,4,3.9,29,15,2,1,False,1,0
2492.7,upi,network_timeout,1,6.9,8,20,8,2,True,1,1
1136.21,netbanking,authentication_failed,1,1.1,9,22,3,1,False,0,1
1419.14,card,insufficient_funds,1,0.6,16,3,11,0,False,0,1
1366.89,upi,card_expired,2,0.8,17,16,2,0,False,0,0
1227.34,netbanking,card_expired,1,2.1,3,11,3,0,False,1,0
8003.81,subscription_mandate,card_expired,1,0.9,19,16,18,0,False,1,0
3421.39,card,network_timeout,1,5.3,4,8,11,1,False,0,1
4226.08,card,network_timeout,2,1.4,2,8,3,2,False,1,1
17567.93,subscription_mandate,insufficient_funds,2,0.4,13,23,6,0,True,1,1
4727.38,upi,network_timeout,1,3.0,14,11,3,2,False,0,1
2899.37,card,network_timeout,2,4.7,25,18,3,0,False,0,1
3665.29,upi,card_expired,3,2.2,6,9,15,0,True,0,1
8338.98,subscription_mandate,card_expired,1,1.1,20,13,5,0,True,1,1
1262.29,card,authentication_failed,1,1.8,9,17,14,1,True,1,1
5749.65,card,insufficient_funds,1,6.4,8,21,3,1,False,0,0
2531.04,card,card_expired,3,2.5,15,12,10,2,True,0,1
1188.6,card,high_risk_fraud,1,5.5,6,22,5,1,True,0,0
1317.02,card,bank_outage,2,0.4,14,15,7,0,True,0,1
4087.56,upi,insufficient_funds,1,3.8,9,15,2,2,False,0,0
2066.33,netbanking,card_expired,1,2.0,5,17,8,0,False,0,0
3010.37,netbanking,network_timeout,1,2.8,25,17,19,0,True,0,1
1821.29,netbanking,authentication_failed,2,3.5,22,13,27,2,True,1,0
4451.45,subscription_mandate,insufficient_funds,4,0.7,20,6,4,2,True,1,1
3963.93,subscription_mandate,authentication_failed,1,6.1,21,19,11,0,False,1,1
1040.43,subscription_mandate,bank_outage,3,2.9,6,15,4,0,False,1,1
2314.76,card,insufficient_funds,1,7.5,24,20,12,1,True,0,0
4963.91,upi,insufficient_funds,3,0.1,12,12,2,1,False,0,1
1995.05,subscription_mandate,bank_outage,2,1.2,2,18,5,0,True,1,1
1857.26,upi,network_timeout,1,3.8,7,16,0,0,False,0,1
1341.57,card,card_expired,1,4.9,27,8,7,2,True,0,1
1429.57,upi,insufficient_funds,3,0.1,2,8,12,1,True,0,1
1048.29,upi,insufficient_funds,1,3.3,22,22,6,0,True,0,1
2261.35,card,bank_outage,1,0.4,31,9,4,0,False,0,1
2122.9,upi,network_timeout,4,7.5,7,11,12,1,True,0,0
1980.6,card,card_expired,1,0.4,21,9,2,0,False,0,0
505.48,card,card_expired,2,2.9,9,19,5,3,True,0,0
632.86,subscription_mandate,bank_outage,2,3.4,20,14,5,1,True,1,1
1907.0,card,insufficient_funds,1,0.9,18,12,8,0,True,0,1
4117.41,upi,insufficient_funds,2,5.9,21,20,17,0,False,0,0
1556.73,card,high_risk_fraud,1,1.4,29,22,6,0,True,0,1
13826.82,card,card_expired,3,0.9,9,17,3,0,False,1,0
8347.66,card,card_expired,1,1.3,21,13,3,1,False,0,0
456.87,card,high_risk_fraud,1,0.5,15,8,1,1,False,1,0
310.63,card,bank_outage,1,3.7,12,8,6,3,False,1,1
6167.7,subscription_mandate,network_timeout,1,0.7,17,17,1,0,False,1,1
806.65,upi,insufficient_funds,2,0.0,15,10,2,1,False,0,1
7085.19,upi,card_expired,2,0.2,27,16,6,2,True,0,0
2441.28,card,insufficient_funds,3,3.2,6,8,3,2,False,0,0
1266.9,upi,insufficient_funds,1,1.3,27,21,8,1,True,1,1
2685.56,netbanking,authentication_failed,1,0.6,18,12,13,1,True,0,1
7435.2,netbanking,insufficient_funds,2,0.9,5,12,16,0,False,1,1
7475.78,card,network_timeout,1,0.7,28,10,1,2,False,1,1
1675.46,upi,insufficient_funds,2,1.8,15,15,7,1,True,0,1
1197.64,upi,insufficient_funds,2,0.0,8,11,2,1,False,0,1
5489.09,upi,network_timeout,2,0.5,23,5,8,0,False,0,1
2948.84,upi,network_timeout,1,0.5,15,16,9,0,False,0,1
6833.45,card,bank_outage,4,0.9,8,18,15,0,False,0,1
24868.11,subscription_mandate,insufficient_funds,1,8.4,16,12,4,0,True,1,1
2517.78,card,insufficient_funds,1,3.1,8,16,8,0,True,0,1
3760.31,upi,insufficient_funds,1,0.8,8,14,14,0,False,0,1
5083.05,upi,card_expired,2,3.0,7,14,4,1,True,0,0
3324.27,card,insufficient_funds,2,1.9,25,9,8,0,True,0,1
2156.17,card,insufficient_funds,1,0.4,9,22,9,0,False,0,1
5270.47,card,card_expired,2,2.5,9,23,8,0,True,0,0
2639.63,upi,authentication_failed,1,0.1,11,13,14,1,False,1,1
802.03,card,card_expired,1,1.3,17,14,12,0,False,0,1
2782.04,upi,network_timeout,3,0.6,18,14,2,0,False,0,1
2033.54,netbanking,bank_outage,1,0.8,5,12,3,0,False,0,0
7073.93,upi,high_risk_fraud,1,0.1,11,10,10,1,True,0,1
2226.93,card,authentication_failed,1,4.7,17,14,2,0,False,0,1
4112.16,subscription_mandate,insufficient_funds,1,0.1,8,14,15,1,True,1,1
8092.55,card,card_expired,4,0.5,11,19,6,1,True,1,1
544.04,upi,authentication_failed,1,1.1,20,12,8,2,True,0,1
3327.57,card,authentication_failed,1,2.8,18,14,3,1,False,0,0
2144.87,card,insufficient_funds,1,2.4,1,22,6,0,False,0,1
872.4,card,insufficient_funds,1,0.4,22,19,3,1,False,1,1
2735.52,upi,network_timeout,2,3.9,1,8,2,1,False,0,0
3869.1,upi,card_expired,2,4.3,26,16,4,2,True,1,0
1661.34,card,high_risk_fraud,2,0.6,14,10,2,0,False,0,0
2580.33,card,network_timeout,1,1.1,10,2,1,0,False,0,1
4046.9,card,bank_outage,4,2.1,14,21,2,4,False,0,0
12012.75,upi,authentication_failed,1,4.7,13,11,3,1,False,0,1
6924.31,card,authentication_failed,1,1.5,12,20,2,0,False,0,1
1877.47,upi,authentication_failed,1,9.6,17,2,15,0,True,0,1
1109.74,subscription_mandate,card_expired,2,3.0,18,22,22,1,True,1,0
3575.28,card,insufficient_funds,1,0.5,7,10,11,3,True,0,1
17587.97,card,insufficient_funds,1,6.9,12,11,8,1,False,0,1
4495.07,upi,insufficient_funds,2,1.8,11,8,14,1,True,0,0
976.85,card,insufficient_funds,1,4.7,8,8,7,1,True,0,1
3439.79,card,high_risk_fraud,2,2.8,29,10,7,1,True,1,0
6117.16,card,network_timeout,1,0.0,3,13,13,0,True,0,1
1917.11,card,card_expired,2,7.9,14,18,7,1,True,0,0
1152.59,upi,high_risk_fraud,1,3.4,13,9,7,0,True,1,0
3022.98,upi,insufficient_funds,2,3.8,26,14,4,0,True,0,1
1639.94,card,bank_outage,3,8.7,22,14,5,1,False,0,0
18689.43,card,insufficient_funds,3,1.3,6,0,2,0,False,0,0
2571.18,card,network_timeout,1,2.4,11,8,9,2,True,0,1
2579.5,card,card_expired,3,2.8,30,10,6,0,True,0,0
2191.58,subscription_mandate,card_expired,1,2.8,30,22,1,1,False,1,0
8279.96,subscription_mandate,card_expired,1,0.1,11,16,5,1,True,1,1
1401.11,subscription_mandate,insufficient_funds,2,1.5,20,11,4,0,False,1,1
296.39,netbanking,network_timeout,1,5.1,16,22,4,0,True,0,1
1392.29,upi,network_timeout,1,1.1,11,19,3,0,False,0,1
2178.76,card,card_expired,2,3.4,9,15,17,1,False,1,0
1993.97,subscription_mandate,network_timeout,1,1.0,10,9,8,1,False,1,1
7540.86,card,insufficient_funds,2,0.7,12,3,4,0,False,0,1
1486.72,card,card_expired,2,4.5,10,0,13,1,False,1,0
2890.45,card,insufficient_funds,1,3.4,27,20,1,1,False,0,0
2823.15,netbanking,card_expired,2,0.3,26,7,5,0,False,0,0
22644.21,card,bank_outage,1,1.3,14,15,11,0,True,0,1
4876.72,upi,card_expired,1,3.7,30,13,7,2,True,0,1
3431.25,subscription_mandate,network_timeout,1,1.2,8,9,1,1,False,1,1
3460.87,card,card_expired,1,3.9,10,11,7,0,True,0,1
2481.45,upi,insufficient_funds,1,5.7,19,15,10,3,False,0,0
1522.61,upi,authentication_failed,3,5.3,2,18,10,1,True,1,1
1213.15,subscription_mandate,insufficient_funds,1,7.3,28,14,6,2,False,1,0
2841.58,card,bank_outage,1,3.4,21,18,6,1,True,0,1
1728.13,card,card_expired,3,5.1,6,18,20,1,True,0,0
4892.46,card,card_expired,1,0.8,19,20,12,0,True,1,0
6215.45,card,bank_outage,1,0.4,17,8,4,2,True,1,1
7857.38,upi,insufficient_funds,1,2.6,25,12,4,2,True,1,1
1737.57,upi,high_risk_fraud,1,4.2,10,6,9,1,True,0,0
7806.21,upi,card_expired,3,1.0,16,18,2,2,False,0,0
1530.21,upi,authentication_failed,1,0.4,1,14,0,0,False,0,1
12613.19,subscription_mandate,card_expired,1,0.3,8,21,4,0,True,1,1
450.97,netbanking,high_risk_fraud,1,1.1,24,9,15,0,True,0,0
4020.63,netbanking,card_expired,3,5.2,25,7,8,0,True,0,0
2967.26,upi,authentication_failed,1,1.5,14,20,2,0,False,1,1
1203.01,card,bank_outage,1,0.2,10,20,4,0,True,0,1
1371.1,card,insufficient_funds,1,0.4,23,8,0,1,False,1,1
2055.43,subscription_mandate,card_expired,1,5.8,21,18,7,0,True,1,1
6245.73,card,network_timeout,1,1.2,28,14,12,0,True,0,1
6530.7,upi,insufficient_funds,2,0.9,21,17,2,1,False,1,0
6076.4,card,insufficient_funds,4,0.9,16,18,11,0,True,0,1
1754.03,upi,bank_outage,2,0.2,13,11,12,0,True,1,1
7081.38,card,insufficient_funds,1,3.7,16,8,3,1,False,0,1
1421.27,subscription_mandate,insufficient_funds,3,0.3,2,15,0,0,False,1,1
1747.45,card,insufficient_funds,1,0.8,6,17,7,1,False,0,1
1905.09,upi,authentication_failed,2,1.2,26,11,3,1,False,0,0
4487.4,upi,card_expired,1,2.6,14,12,13,3,True,1,0
489.21,upi,card_expired,1,0.2,20,1,5,1,True,0,0
6060.1,card,insufficient_funds,2,4.6,16,11,3,2,False,1,0
412.83,card,bank_outage,1,1.8,3,16,1,1,False,0,1
1050.87,upi,insufficient_funds,3,0.1,24,16,6,2,True,0,0
1975.79,upi,card_expired,1,1.5,26,13,6,1,False,0,1
2957.43,upi,bank_outage,1,0.9,1,21,1,0,False,0,1
1362.78,card,insufficient_funds,4,2.3,9,19,19,1,True,0,1
3742.02,upi,card_expired,2,3.0,28,21,15,0,True,0,0
3028.63,card,insufficient_funds,1,2.3,28,14,3,0,False,0,1
1160.96,netbanking,insufficient_funds,1,0.2,18,21,16,2,True,1,1
3070.98,card,bank_outage,1,1.9,17,22,2,0,False,0,1
3892.23,card,card_expired,2,3.4,28,10,13,0,True,1,0
9240.39,subscription_mandate,bank_outage,1,0.6,14,17,3,0,False,1,1
19682.86,netbanking,insufficient_funds,3,0.7,5,15,13,0,True,0,1
1756.27,card,network_timeout,1,2.8,7,16,5,0,False,0,1
10859.09,card,card_expired,2,0.4,30,11,6,1,True,0,0
994.23,subscription_mandate,network_timeout,2,4.4,3,19,2,4,False,1,0
332.92,upi,insufficient_funds,1,1.2,5,18,11,2,True,1,1
14708.67,upi,card_expired,2,4.1,1,10,11,1,True,0,0
3983.76,netbanking,insufficient_funds,1,1.6,30,9,12,0,False,0,1
2823.06,upi,card_expired,1,1.0,10,21,4,0,True,0,1
336.97,card,bank_outage,1,0.1,16,13,9,0,False,0,1
9647.94,card,authentication_failed,3,0.4,9,13,12,2,True,0,1
6275.25,upi,insufficient_funds,1,0.1,15,7,2,1,False,0,1
1212.07,subscription_mandate,network_timeout,1,2.4,15,12,7,1,False,1,1
15199.14,subscription_mandate,insufficient_funds,1,4.2,7,8,11,0,True,1,1
2251.23,upi,network_timeout,2,2.4,14,14,3,0,False,0,0
494.71,upi,insufficient_funds,1,3.1,22,15,5,0,True,0,1
5415.96,card,card_expired,2,0.5,1,17,9,2,True,0,1
1741.39,card,insufficient_funds,1,5.2,18,11,13,0,False,0,1
788.22,subscription_mandate,network_timeout,1,0.7,28,8,16,0,True,1,1
4150.26,card,insufficient_funds,3,2.9,13,21,8,2,False,0,0
9126.2,card,bank_outage,1,5.2,14,10,2,3,False,0,1
2095.34,card,network_timeout,1,1.2,23,11,8,0,True,0,1
4952.06,card,bank_outage,2,0.4,13,11,0,2,False,0,0
653.89,subscription_mandate,network_timeout,1,1.1,28,7,9,0,False,1,1
364.7,subscription_mandate,card_expired,1,1.4,5,12,3,0,False,1,1
5206.91,subscription_mandate,bank_outage,2,1.4,24,16,7,1,False,1,1
6202.14,card,insufficient_funds,1,1.1,3,12,4,1,True,1,1
1097.16,netbanking,insufficient_funds,1,0.9,25,18,3,0,False,0,1
6934.45,upi,insufficient_funds,2,1.9,28,20,8,1,True,1,1
2426.33,upi,card_expired,1,3.3,7,5,8,1,True,1,0
2143.93,card,card_expired,3,1.8,10,12,7,0,False,0,0
1002.29,card,card_expired,1,2.1,14,19,9,2,True,1,0
1534.02,upi,network_timeout,2,4.2,13,12,6,0,True,0,1
917.76,upi,insufficient_funds,1,0.7,10,10,10,1,False,0,1
2386.49,card,insufficient_funds,3,2.8,19,15,1,2,False,0,1
4283.51,subscription_mandate,network_timeout,2,1.1,27,8,31,0,True,1,1
3924.07,subscription_mandate,insufficient_funds,1,5.6,11,16,12,3,True,1,1
2163.91,subscription_mandate,network_timeout,1,5.4,10,14,8,1,False,1,1
1608.84,card,insufficient_funds,1,0.5,3,11,1,0,False,0,1
5748.89,card,high_risk_fraud,1,0.3,21,22,13,1,True,1,0
2679.98,subscription_mandate,insufficient_funds,1,5.4,24,10,11,0,True,1,1
3838.96,upi,network_timeout,1,0.8,31,11,14,1,True,0,1
6995.96,subscription_mandate,high_risk_fraud,1,1.3,6,15,14,2,True,1,0
572.98,netbanking,authentication_failed,1,0.2,27,16,3,0,False,0,1
2187.97,upi,network_timeout,3,1.8,24,17,6,0,True,1,1
676.04,upi,card_expired,2,3.2,22,15,6,0,True,1,0
1271.19,subscription_mandate,insufficient_funds,2,2.8,22,12,10,0,True,1,1
1760.01,subscription_mandate,insufficient_funds,1,0.1,8,19,5,1,True,1,1
3989.11,subscription_mandate,bank_outage,2,2.4,12,9,4,1,True,1,1
1830.86,upi,network_timeout,2,1.8,18,15,6,2,True,0,0
3030.79,card,card_expired,3,1.1,16,17,0,1,False,1,0
5826.68,upi,bank_outage,2,2.4,5,14,3,0,False,0,1
14612.95,card,insufficient_funds,4,1.5,24,14,9,0,True,0,0
5033.7,netbanking,network_timeout,1,5.6,5,17,16,0,False,1,1
2057.15,upi,insufficient_funds,1,1.7,16,15,5,3,True,1,1
2281.81,subscription_mandate,insufficient_funds,1,3.7,28,10,2,1,False,1,0
1330.28,card,authentication_failed,1,2.3,9,16,4,1,True,0,0
2602.86,upi,high_risk_fraud,1,3.4,4,19,6,0,True,0,0
3661.7,upi,bank_outage,1,1.8,27,19,2,1,False,0,1
28820.1,card,bank_outage,1,0.2,24,17,5,1,False,1,1
11375.48,upi,insufficient_funds,1,3.6,14,16,6,1,False,0,1
3255.2,subscription_mandate,network_timeout,1,0.2,27,16,7,0,True,1,1
9841.74,card,insufficient_funds,1,0.2,2,21,5,0,False,0,1
1659.56,upi,insufficient_funds,1,2.8,2,10,8,0,False,0,1
2730.95,subscription_mandate,insufficient_funds,3,1.9,1,13,3,0,False,1,1
9428.58,card,high_risk_fraud,1,0.5,20,16,1,1,False,0,0
1076.26,card,network_timeout,2,3.6,16,11,5,0,False,1,1
6863.15,netbanking,insufficient_funds,3,7.2,26,21,4,0,True,1,0
2543.19,card,insufficient_funds,1,1.4,17,15,19,0,True,0,1
2235.0,card,card_expired,1,2.4,16,18,5,0,True,0,0
36168.89,upi,insufficient_funds,4,0.0,29,14,9,3,True,0,0
6130.69,subscription_mandate,insufficient_funds,1,2.9,1,7,17,0,False,1,1
2353.96,upi,insufficient_funds,1,3.2,5,8,5,0,False,0,1
4259.68,card,insufficient_funds,1,2.9,26,15,6,0,True,0,1
3605.69,upi,network_timeout,1,0.8,10,12,6,0,True,0,1
2504.15,netbanking,card_expired,1,1.7,18,23,10,0,True,1,1
1933.7,upi,bank_outage,1,0.6,16,10,19,0,True,1,1
3040.11,upi,insufficient_funds,1,3.6,8,11,4,0,False,0,1
3771.54,card,insufficient_funds,3,11.5,21,22,5,3,True,0,0
1442.15,upi,network_timeout,1,0.5,27,10,5,0,True,0,1
9141.35,subscription_mandate,network_timeout,1,3.5,15,11,7,0,True,1,1
5281.92,subscription_mandate,insufficient_funds,1,2.5,8,13,1,0,False,1,1
3487.62,upi,insufficient_funds,1,3.2,10,16,12,3,True,1,0
3150.66,card,card_expired,1,1.4,28,12,2,0,False,0,1
4379.77,card,insufficient_funds,1,0.6,18,18,11,4,True,0,1
8672.32,netbanking,insufficient_funds,2,6.9,20,18,5,2,True,1,1
5740.57,netbanking,bank_outage,1,0.9,26,10,7,1,False,0,1
3917.27,upi,insufficient_funds,1,4.7,20,11,9,2,False,0,0
862.91,upi,insufficient_funds,2,3.9,17,19,12,1,False,0,1
741.41,card,insufficient_funds,1,2.4,21,13,1,0,False,1,1
562.11,netbanking,authentication_failed,4,6.5,24,14,3,1,False,0,1
2498.97,upi,card_expired,1,4.7,20,19,11,0,False,0,1
2126.5,upi,network_timeout,4,2.0,21,14,10,0,False,0,1
2529.07,card,bank_outage,1,3.8,24,18,11,0,False,1,1
3606.82,upi,card_expired,1,0.7,14,18,16,1,True,1,1
889.09,card,card_expired,1,2.3,8,1,4,0,True,0,0
1762.87,card,authentication_failed,3,3.3,14,16,11,2,False,0,0
1904.98,upi,network_timeout,4,0.3,8,8,9,1,False,0,1
9072.28,upi,bank_outage,1,0.3,15,2,5,0,True,0,1
3099.21,upi,bank_outage,1,0.9,10,14,7,1,True,0,1
1690.69,card,bank_outage,1,0.4,11,9,0,0,False,0,1
3688.24,upi,authentication_failed,1,1.2,5,19,13,2,False,0,1
839.59,upi,insufficient_funds,4,12.9,8,14,13,2,True,0,0
3511.59,upi,card_expired,2,0.9,10,9,5,2,False,0,0
1700.25,upi,network_timeout,2,0.6,26,12,10,2,True,1,1
3900.73,upi,insufficient_funds,1,1.0,11,13,1,1,False,0,0
2152.19,subscription_mandate,authentication_failed,1,0.3,1,10,5,1,False,1,1
3352.79,upi,insufficient_funds,1,3.7,9,6,6,0,True,0,1
1836.63,card,high_risk_fraud,1,0.0,28,17,2,0,False,1,0
2157.49,netbanking,bank_outage,1,0.7,26,8,8,2,False,0,1
1722.21,card,insufficient_funds,2,2.6,11,14,4,1,True,0,1
1204.1,netbanking,network_timeout,1,1.2,23,16,6,0,True,1,1
2943.08,card,insufficient_funds,1,0.3,25,11,2,2,False,0,0
1308.49,card,card_expired,1,5.0,31,8,11,2,True,0,1
5004.57,card,card_expired,1,6.6,31,19,14,4,True,1,0
5586.54,subscription_mandate,card_expired,1,2.5,2,12,4,1,True,1,0
9084.72,card,bank_outage,1,3.5,18,10,6,1,True,1,1
2372.55,card,card_expired,1,1.0,4,18,0,0,False,1,0
1284.77,subscription_mandate,insufficient_funds,1,1.9,30,17,2,1,False,1,1
5776.13,subscription_mandate,insufficient_funds,1,0.3,29,2,3,0,False,1,1
1104.43,card,bank_outage,1,0.6,22,16,4,1,True,0,1
1204.06,card,authentication_failed,1,0.3,30,19,2,1,False,1,0
928.03,subscription_mandate,insufficient_funds,1,10.4,10,14,5,1,True,1,1
1717.83,card,insufficient_funds,2,4.6,28,22,6,1,False,1,0
7885.8,card,bank_outage,1,1.4,3,10,1,3,False,1,1
999.37,subscription_mandate,insufficient_funds,1,4.7,16,8,3,1,False,1,0
5997.97,subscription_mandate,insufficient_funds,3,3.0,16,9,11,2,True,1,0
12580.86,card,card_expired,3,8.6,7,5,13,1,True,0,1
3604.47,netbanking,insufficient_funds,1,2.4,20,12,5,2,True,0,1
688.53,upi,insufficient_funds,2,0.7,5,10,2,0,False,0,1
3478.77,upi,card_expired,2,1.2,21,13,6,2,False,1,0
7015.91,upi,authentication_failed,1,2.3,6,7,3,1,False,0,1
2228.59,card,card_expired,2,6.6,14,3,12,0,True,0,1
836.72,card,card_expired,2,0.8,7,11,3,0,False,0,1
2557.26,card,bank_outage,1,1.1,1,21,5,0,True,1,1
710.37,upi,network_timeout,1,0.7,6,20,2,0,False,0,1
4254.8,upi,authentication_failed,4,1.8,31,9,4,1,False,1,0
1722.04,card,insufficient_funds,1,2.8,16,15,4,0,True,1,0
7320.12,card,insufficient_funds,2,2.7,26,11,7,0,True,1,1
1908.88,card,network_timeout,1,2.2,18,21,5,0,True,0,1
3661.37,card,card_expired,2,0.7,13,13,10,0,True,0,1
4067.15,upi,insufficient_funds,2,3.1,18,12,0,0,False,0,0
863.51,upi,high_risk_fraud,2,3.7,22,23,4,0,True,1,0
6051.5,upi,network_timeout,1,0.0,31,14,6,0,True,1,1
305.95,card,insufficient_funds,3,2.1,23,18,6,1,False,1,0
2027.18,upi,card_expired,1,1.3,14,21,15,0,True,0,1
714.15,upi,bank_outage,1,2.2,24,14,8,2,True,0,1
4784.36,upi,insufficient_funds,1,1.9,26,11,2,0,False,0,1
7464.47,card,authentication_failed,5,9.2,16,19,11,2,True,0,1
2354.4,card,card_expired,1,2.7,23,12,2,1,False,0,0
816.98,upi,bank_outage,2,6.0,18,12,13,3,True,0,1
4192.38,card,insufficient_funds,1,2.9,28,13,6,0,False,0,1
607.63,card,network_timeout,1,4.1,16,19,10,1,False,0,1
2217.34,card,insufficient_funds,2,4.2,3,18,17,1,False,0,1
373.97,netbanking,card_expired,1,0.1,7,10,2,1,False,0,0
1220.32,card,network_timeout,1,5.6,10,9,8,1,True,0,1
1125.32,netbanking,insufficient_funds,1,0.5,15,15,0,0,False,0,0
3404.96,upi,network_timeout,1,1.5,15,18,1,2,False,0,1
4172.5,upi,card_expired,1,4.0,8,21,2,0,False,0,1
1875.28,card,bank_outage,1,14.0,11,16,6,1,True,0,1
1822.43,card,network_timeout,1,3.1,23,13,2,0,False,0,1
355.67,card,authentication_failed,2,1.6,15,10,3,1,False,1,0
6210.22,card,card_expired,2,0.6,31,17,8,1,True,1,1
4462.96,upi,bank_outage,1,5.1,28,16,9,0,True,1,1
3062.47,card,card_expired,1,4.4,18,11,20,0,True,1,1
2141.72,card,authentication_failed,1,1.3,22,19,8,1,True,0,1
9151.66,upi,authentication_failed,4,0.7,3,11,5,1,True,0,1
837.51,card,insufficient_funds,3,3.2,15,11,3,1,False,0,0
343.55,card,network_timeout,1,7.4,17,11,8,3,True,0,0
1013.26,card,insufficient_funds,2,0.6,14,11,6,1,True,0,1
497.35,subscription_mandate,high_risk_fraud,1,3.9,28,19,3,0,False,1,0
3387.84,upi,card_expired,2,0.1,8,18,3,0,False,0,1
3673.61,upi,insufficient_funds,4,7.1,23,18,9,3,False,0,0
1968.97,upi,insufficient_funds,1,2.2,8,14,4,0,False,0,1
6791.72,card,network_timeout,1,0.4,18,16,5,0,True,0,1
547.07,card,high_risk_fraud,3,0.5,24,14,11,1,True,1,1
24475.39,upi,authentication_failed,1,0.6,26,18,6,1,False,0,1
1078.4,card,card_expired,1,2.7,9,11,6,0,True,1,0
21074.31,card,authentication_failed,2,2.7,2,12,1,2,False,1,1
2215.35,upi,insufficient_funds,2,2.5,29,19,6,0,True,1,0
1297.54,upi,network_timeout,1,10.4,1,8,4,2,True,1,0
157.17,card,authentication_failed,1,1.1,4,12,7,1,True,0,1
1187.21,netbanking,insufficient_funds,2,0.8,18,10,10,2,False,0,0
7714.99,card,high_risk_fraud,1,1.8,13,16,2,0,False,0,0
5271.98,card,insufficient_funds,1,0.8,22,10,0,1,False,0,1
699.08,upi,insufficient_funds,2,5.0,30,11,9,1,False,0,1
1002.26,upi,insufficient_funds,3,2.4,7,8,4,2,False,0,1
2575.73,card,card_expired,1,2.0,20,18,1,0,False,0,0
4034.86,upi,insufficient_funds,1,11.1,9,13,5,0,True,0,0
770.3,upi,insufficient_funds,1,0.7,25,9,1,0,False,0,1
980.45,upi,bank_outage,1,6.1,18,8,15,1,False,1,1
6563.21,card,high_risk_fraud,2,1.1,17,19,1,1,False,0,0
6135.84,upi,authentication_failed,2,3.2,28,1,13,0,True,0,1
945.45,netbanking,insufficient_funds,1,1.2,25,7,6,1,False,0,1
1594.88,upi,bank_outage,1,1.7,12,12,11,0,True,0,1
9645.39,upi,insufficient_funds,1,6.3,30,12,11,0,False,1,1
2711.75,subscription_mandate,network_timeout,1,1.3,14,23,5,2,False,1,1
2978.43,card,insufficient_funds,2,5.1,11,7,2,1,False,1,1
7564.75,upi,card_expired,1,0.4,29,13,0,1,False,0,1
2836.22,card,bank_outage,1,0.3,6,9,11,2,True,1,1
4339.55,card,authentication_failed,2,2.0,29,17,6,0,True,0,1
300.38,upi,authentication_failed,1,1.0,25,14,6,2,True,0,1
2023.36,netbanking,insufficient_funds,2,2.7,31,12,4,0,True,0,1
1106.44,netbanking,card_expired,2,0.6,14,17,4,0,False,0,1
1981.68,subscription_mandate,high_risk_fraud,4,0.2,24,12,5,0,True,1,0
889.23,upi,bank_outage,1,4.5,15,17,12,1,True,0,1
1923.83,upi,network_timeout,1,0.3,27,21,13,0,True,0,0
1177.85,subscription_mandate,bank_outage,1,3.2,7,13,6,0,True,1,1
16049.67,netbanking,insufficient_funds,2,0.0,14,19,3,4,False,0,1
2836.75,card,network_timeout,1,0.6,15,16,25,0,False,0,0
1344.1,card,bank_outage,1,0.9,3,10,5,2,False,1,1
737.93,upi,network_timeout,2,5.4,1,13,0,2,False,1,1
1638.55,card,high_risk_fraud,1,0.0,31,7,11,1,True,1,0
1789.88,upi,bank_outage,1,7.8,26,19,9,3,False,1,1
2159.38,card,insufficient_funds,1,4.7,4,20,13,1,True,0,1
2169.74,card,bank_outage,2,0.8,15,7,11,1,True,1,1
1320.25,card,bank_outage,1,3.3,19,20,3,2,False,0,1
6049.02,card,authentication_failed,1,2.1,26,10,4,1,True,1,1
622.37,card,bank_outage,2,1.2,29,18,1,0,False,0,1
1363.26,card,insufficient_funds,1,1.1,12,11,3,0,False,0,1
1163.55,card,insufficient_funds,1,2.0,15,13,9,2,True,0,1
3964.4,card,authentication_failed,1,1.5,10,9,5,1,True,0,0
2210.04,card,high_risk_fraud,3,0.7,10,18,9,3,False,0,0
2163.12,netbanking,insufficient_funds,1,0.7,20,19,5,0,True,0,1
6726.67,upi,insufficient_funds,1,1.3,20,11,15,2,True,0,1
494.34,upi,network_timeout,2,0.0,7,22,3,1,False,0,1
1210.51,upi,authentication_failed,1,1.3,3,11,10,0,False,0,1
3540.27,netbanking,network_timeout,1,0.5,11,20,29,0,False,0,1
2101.35,upi,insufficient_funds,1,5.6,24,7,16,0,True,1,1
8240.66,upi,insufficient_funds,1,0.3,18,14,0,0,False,0,1
988.43,upi,network_timeout,1,0.4,17,12,11,0,True,0,1
3319.16,subscription_mandate,authentication_failed,1,0.4,25,13,3,1,False,1,1
3630.49,card,insufficient_funds,2,0.5,7,7,2,0,False,0,0
20050.47,card,insufficient_funds,1,3.3,11,10,1,0,False,1,0
1985.05,upi,insufficient_funds,1,2.4,7,17,3,2,False,0,0
6810.25,card,card_expired,3,3.6,21,20,10,1,True,0,0
1175.18,upi,bank_outage,1,2.5,22,15,3,1,False,0,1
2186.62,card,insufficient_funds,2,3.7,1,17,6,0,True,0,1
681.42,upi,card_expired,1,0.2,24,1,5,0,True,0,1
4555.48,upi,insufficient_funds,1,7.4,8,10,7,1,True,1,1
2620.6,upi,bank_outage,2,0.6,30,18,11,0,True,0,1
1151.41,netbanking,insufficient_funds,1,0.2,4,18,4,0,True,0,1
2046.92,upi,high_risk_fraud,1,3.7,15,18,3,0,False,0,0
3416.91,card,insufficient_funds,1,1.4,3,19,8,1,True,1,1
4289.12,netbanking,card_expired,2,1.3,27,11,9,1,True,0,1
2089.25,card,insufficient_funds,2,2.1,7,12,6,0,True,0,1
735.59,netbanking,insufficient_funds,2,0.7,21,6,12,0,False,0,1
2430.51,netbanking,insufficient_funds,1,0.9,7,19,5,3,True,0,1
2994.71,upi,high_risk_fraud,3,3.0,16,8,4,0,True,0,0
3659.4,card,card_expired,1,0.3,26,17,5,1,True,0,0
9118.15,card,insufficient_funds,2,1.1,31,8,2,0,False,0,1
9144.76,card,authentication_failed,2,0.2,13,20,4,0,True,0,1
903.65,card,insufficient_funds,4,7.7,27,9,3,0,False,0,1
1049.97,netbanking,bank_outage,4,0.3,24,6,7,0,True,1,1
735.46,card,insufficient_funds,2,1.9,14,11,19,1,True,0,1
3493.02,card,insufficient_funds,1,4.0,18,19,0,0,False,0,0
2166.1,card,insufficient_funds,1,0.7,25,18,5,2,False,1,1
2339.5,upi,card_expired,4,0.9,16,11,4,2,True,1,1
1715.96,subscription_mandate,card_expired,2,0.2,23,21,6,1,True,1,0
7078.01,card,insufficient_funds,3,2.1,11,11,3,0,False,0,1
3932.26,subscription_mandate,insufficient_funds,2,10.5,21,12,3,1,False,1,1
17185.6,card,insufficient_funds,2,1.3,24,20,10,1,True,0,0
1705.78,upi,insufficient_funds,1,6.4,13,22,5,1,True,0,0
8051.08,card,insufficient_funds,1,0.6,25,12,3,1,False,1,1
2590.64,subscription_mandate,insufficient_funds,1,4.0,6,10,3,2,False,1,1
3272.05,upi,bank_outage,1,0.6,21,20,14,1,False,0,1
2673.2,card,bank_outage,2,4.4,21,11,6,0,False,0,1
5098.28,upi,card_expired,1,0.9,27,14,13,1,True,0,0
6840.12,upi,insufficient_funds,1,0.7,14,16,13,0,True,0,0
2947.33,upi,card_expired,1,0.1,14,19,4,2,True,0,1
1152.85,upi,insufficient_funds,1,1.1,24,17,11,1,False,0,1
1488.69,upi,network_timeout,1,1.3,5,13,8,1,False,1,1
1503.45,card,insufficient_funds,1,3.3,26,20,4,0,True,0,1
788.44,card,card_expired,1,2.1,14,15,8,2,False,0,1
3481.88,upi,network_timeout,1,4.8,15,2,2,0,False,0,1
625.86,card,insufficient_funds,3,1.2,30,7,6,2,False,0,1
777.4,upi,high_risk_fraud,3,0.4,22,18,5,1,False,0,0
5123.23,card,authentication_failed,1,0.3,19,7,7,1,False,0,1
2549.06,card,bank_outage,1,1.1,6,7,10,0,False,0,1
3039.71,card,card_expired,1,2.1,20,11,4,2,False,0,0
8460.31,card,authentication_failed,1,3.9,12,10,2,0,False,0,1
3529.01,upi,insufficient_funds,1,0.6,2,20,4,0,True,1,1
2000.86,card,authentication_failed,2,2.7,11,17,16,1,True,0,1
195.04,subscription_mandate,bank_outage,1,7.1,28,12,19,1,True,1,1
834.32,card,card_expired,2,0.7,24,10,7,2,True,0,0
1657.23,upi,network_timeout,2,0.8,9,20,4,1,False,0,1
3776.6,netbanking,insufficient_funds,1,1.8,12,7,6,0,False,0,1
12518.08,card,authentication_failed,2,0.5,10,18,6,0,True,0,1
1434.06,card,card_expired,1,2.3,2,10,10,0,True,0,1
1246.73,netbanking,card_expired,1,3.6,15,21,4,4,True,1,0
2109.09,card,bank_outage,3,1.8,15,10,4,4,True,0,1
8975.31,card,card_expired,1,0.0,22,10,14,1,False,0,1
2436.39,netbanking,high_risk_fraud,2,3.8,28,23,2,0,False,1,0
1947.56,upi,insufficient_funds,1,0.5,6,8,13,0,True,0,1
502.33,card,bank_outage,1,0.8,4,10,1,0,False,0,1
3557.13,upi,network_timeout,1,1.7,3,13,3,0,False,0,1
2992.28,upi,insufficient_funds,4,3.4,10,16,2,1,False,0,1
5805.96,card,authentication_failed,1,0.2,8,18,7,0,False,0,1
3721.24,card,insufficient_funds,4,3.1,18,12,9,0,False,0,0
653.62,subscription_mandate,insufficient_funds,2,1.8,9,8,6,3,True,1,1
1517.8,card,insufficient_funds,1,3.8,8,19,3,0,False,0,1
4219.67,upi,insufficient_funds,1,0.2,15,11,1,1,False,0,1
2033.62,subscription_mandate,insufficient_funds,1,4.5,14,9,6,0,False,1,1
5685.4,card,authentication_failed,1,8.3,18,21,1,0,False,0,1
2591.04,netbanking,network_timeout,2,4.4,25,13,12,0,False,0,1
2798.47,upi,card_expired,2,6.8,9,9,8,0,True,0,0
4077.83,upi,insufficient_funds,3,0.4,31,18,2,1,False,0,1
3414.15,upi,bank_outage,1,0.6,26,11,7,1,True,1,1
612.34,upi,authentication_failed,2,1.4,8,6,0,0,False,0,0
4162.93,upi,network_timeout,1,0.1,4,11,2,0,False,0,1
3480.65,card,authentication_failed,1,0.3,29,16,3,0,False,1,1
862.29,upi,bank_outage,3,0.4,13,13,13,1,True,0,1
1023.48,subscription_mandate,insufficient_funds,1,3.2,28,13,19,3,True,1,1
6100.89,card,high_risk_fraud,2,1.1,4,18,1,0,False,0,0
1597.76,card,card_expired,1,5.5,16,15,4,0,True,0,0
6950.72,upi,insufficient_funds,1,6.0,3,10,7,1,True,0,1
2352.36,card,insufficient_funds,1,1.7,1,5,9,2,False,0,1
1268.05,card,card_expired,3,2.4,23,18,12,0,True,1,0
2941.37,upi,card_expired,1,1.1,28,20,2,0,False,0,0
4167.29,upi,network_timeout,1,1.0,29,13,1,2,False,0,1
2250.7,card,authentication_failed,2,1.1,25,22,5,0,True,0,0
3265.96,card,authentication_failed,2,2.9,17,15,14,1,False,0,0
9487.08,netbanking,card_expired,4,4.7,2,15,3,0,False,0,0
2386.19,subscription_mandate,insufficient_funds,1,0.2,20,21,4,0,True,1,0
735.71,upi,insufficient_funds,3,4.1,6,7,3,2,False,0,0
2304.37,card,authentication_failed,1,0.9,14,22,14,0,True,0,1
829.77,upi,network_timeout,4,2.1,21,17,11,1,True,0,1
1965.15,card,bank_outage,1,4.5,15,13,5,0,True,1,1
2080.67,subscription_mandate,card_expired,1,1.7,9,12,8,2,False,1,0
1539.99,upi,insufficient_funds,1,2.3,7,9,5,1,True,0,1
1620.86,upi,insufficient_funds,2,5.5,7,19,0,1,False,0,0
1133.44,card,network_timeout,1,0.5,14,8,9,1,True,0,1
3937.6,upi,network_timeout,3,1.2,17,12,1,1,False,0,0
1199.58,card,network_timeout,1,0.5,6,18,10,0,True,0,1
2337.25,upi,network_timeout,2,0.6,16,11,2,0,False,0,1
2366.54,subscription_mandate,bank_outage,1,3.9,13,6,2,1,False,1,1
5556.51,card,insufficient_funds,1,1.4,11,10,5,1,False,0,1
1441.9,card,insufficient_funds,2,4.5,12,7,9,1,False,0,1
1336.79,subscription_mandate,authentication_failed,1,0.1,7,7,3,0,False,1,1
1493.43,upi,insufficient_funds,1,5.0,18,19,3,1,False,0,1
3522.89,card,bank_outage,2,0.2,19,19,19,0,False,0,1
392.8,upi,card_expired,1,2.9,26,9,1,0,False,0,1
5338.11,upi,insufficient_funds,1,0.2,16,13,1,0,False,0,1
3001.02,upi,card_expired,2,5.3,22,17,6,0,True,0,0
1333.59,subscription_mandate,authentication_failed,4,0.9,23,11,2,0,False,1,1
823.46,upi,card_expired,1,0.8,28,13,5,0,False,0,1
261.74,subscription_mandate,network_timeout,1,9.8,12,16,0,2,False,1,1
2489.9,upi,authentication_failed,1,1.7,28,18,1,0,False,0,1
1005.69,card,card_expired,2,2.9,12,11,0,0,False,1,0
3216.45,netbanking,card_expired,1,1.5,21,12,4,0,True,0,0
2894.23,card,card_expired,1,1.0,2,11,4,1,False,0,0
2090.71,upi,card_expired,1,1.7,2,11,12,1,True,1,1
1610.12,card,network_timeout,1,1.6,21,13,3,1,False,1,1
1443.97,card,insufficient_funds,1,0.0,28,19,2,1,False,1,1
2055.94,card,insufficient_funds,1,1.3,1,16,0,1,False,1,1
4958.74,upi,insufficient_funds,1,14.0,1,12,5,4,False,1,0
976.07,card,high_risk_fraud,1,1.3,7,20,9,0,False,1,1
1250.66,card,high_risk_fraud,1,1.8,3,17,8,1,True,0,0
2944.53,upi,insufficient_funds,3,0.5,29,19,4,0,False,1,1
621.61,card,card_expired,3,1.5,10,20,22,0,True,0,0
4612.89,upi,card_expired,1,6.1,27,7,5,0,False,0,1
859.03,card,insufficient_funds,1,0.9,23,10,5,0,False,0,1
2121.93,upi,authentication_failed,1,0.3,7,7,1,1,False,0,1
8951.08,card,network_timeout,2,3.6,4,19,7,0,True,1,1
1696.47,card,network_timeout,1,0.7,31,12,4,0,True,1,1
1924.87,upi,card_expired,1,2.2,22,18,9,1,True,0,1
2834.1,upi,insufficient_funds,2,4.5,20,12,8,1,True,1,1
1296.46,upi,insufficient_funds,3,9.4,1,18,17,1,True,1,1
3031.49,card,authentication_failed,1,2.3,14,13,0,1,False,0,1
750.38,card,insufficient_funds,1,0.2,29,0,20,1,True,1,1
2112.42,subscription_mandate,network_timeout,1,0.4,22,2,6,1,True,1,1
3890.32,card,insufficient_funds,1,0.9,26,9,6,1,False,1,1
651.64,card,network_timeout,2,0.2,2,13,1,0,False,0,1
5980.12,upi,insufficient_funds,2,8.1,31,14,17,1,False,0,1
591.26,upi,insufficient_funds,1,0.9,6,14,8,0,True,0,0
3701.33,subscription_mandate,authentication_failed,4,3.1,31,11,2,0,False,1,0
1957.2,upi,card_expired,1,1.8,26,9,1,0,False,0,1
1715.86,card,network_timeout,1,1.6,4,12,3,0,False,0,1
1066.34,card,card_expired,4,14.0,18,17,3,1,False,0,0
3357.91,card,card_expired,1,3.9,4,15,14,0,True,0,1
4511.58,netbanking,authentication_failed,2,0.0,31,16,12,0,True,1,1
3923.36,subscription_mandate,high_risk_fraud,1,0.2,10,19,3,2,False,1,0
3955.75,upi,bank_outage,1,2.3,31,7,5,1,False,1,1
1423.5,card,network_timeout,1,0.8,26,19,11,1,False,0,1
3224.42,upi,insufficient_funds,1,0.0,31,8,11,1,False,0,0
16797.08,card,card_expired,1,1.6,9,22,0,1,False,1,0
882.03,upi,bank_outage,3,6.7,11,12,22,0,True,0,1
1281.72,card,card_expired,2,1.1,21,13,6,2,True,0,0
7928.86,upi,insufficient_funds,1,1.1,11,20,5,0,True,0,0
3263.91,upi,authentication_failed,1,0.4,9,5,2,0,False,0,1
2156.02,card,insufficient_funds,1,4.3,1,19,16,0,False,1,1
1884.87,card,authentication_failed,2,5.2,7,8,4,1,True,1,1
5443.24,subscription_mandate,insufficient_funds,1,2.5,20,18,1,1,False,1,1
1132.04,card,card_expired,2,1.3,8,13,6,0,False,1,0
2975.62,card,insufficient_funds,3,4.4,18,10,14,0,False,0,0
6244.0,card,network_timeout,1,1.9,31,13,23,0,True,1,1
3510.59,upi,card_expired,1,2.6,25,10,9,0,False,0,1
945.71,card,network_timeout,5,2.1,28,13,1,0,False,0,0
1636.67,upi,authentication_failed,1,4.4,15,9,7,0,True,0,1
1793.83,card,card_expired,2,4.0,14,19,6,2,True,0,0
3317.35,subscription_mandate,network_timeout,1,1.3,11,9,7,0,False,1,1
1963.87,card,card_expired,2,1.9,27,20,14,1,True,1,1
875.49,card,insufficient_funds,1,3.7,9,3,10,2,True,1,1
24634.94,card,network_timeout,2,0.7,14,11,3,1,False,1,1
651.03,upi,insufficient_funds,1,0.8,10,7,1,1,False,0,1
1959.08,netbanking,bank_outage,2,4.4,18,17,8,0,False,0,1
1251.34,card,insufficient_funds,1,8.9,5,20,3,1,False,0,1
1260.59,upi,insufficient_funds,1,8.6,16,13,5,2,True,1,0
2880.0,upi,bank_outage,2,0.1,4,13,2,0,False,0,1
935.85,netbanking,bank_outage,2,5.0,12,12,7,0,True,1,1
12153.62,upi,card_expired,1,3.7,31,20,5,2,True,0,1
3249.0,upi,insufficient_funds,2,1.5,31,16,6,0,True,0,1
1101.53,card,insufficient_funds,1,5.2,9,13,3,0,False,0,1
8596.04,card,insufficient_funds,1,1.0,3,10,8,0,False,1,1
1376.25,upi,network_timeout,1,0.7,18,17,8,0,True,0,1
1184.09,upi,authentication_failed,1,2.5,25,0,10,1,True,0,1
2706.0,upi,card_expired,1,0.1,22,14,9,0,True,1,1
2882.41,card,network_timeout,1,2.4,7,12,11,2,True,1,1
3061.2,upi,insufficient_funds,2,2.5,3,0,6,0,True,0,1
1169.18,card,bank_outage,1,1.7,25,8,3,0,False,0,1
4003.36,card,card_expired,1,0.9,24,18,3,2,False,1,0
7000.76,card,bank_outage,1,0.3,6,12,3,1,False,0,1
1987.85,upi,card_expired,2,0.3,27,10,2,3,False,0,0
2291.45,card,bank_outage,3,0.8,2,21,4,0,False,0,1
1055.59,card,bank_outage,5,1.0,21,20,4,1,True,0,0
3281.56,card,authentication_failed,2,0.3,3,13,2,1,False,1,1
466.64,subscription_mandate,card_expired,1,5.1,3,1,3,2,False,1,1
1065.62,card,network_timeout,2,4.8,3,17,1,1,False,0,1
1917.61,subscription_mandate,insufficient_funds,2,6.7,16,20,12,2,False,1,1
15156.48,card,network_timeout,5,4.4,9,10,13,2,False,0,0
813.21,upi,card_expired,2,1.2,16,11,14,1,True,0,1
767.15,netbanking,network_timeout,1,1.3,28,14,7,2,True,0,1
1651.03,netbanking,insufficient_funds,1,0.7,1,16,2,0,False,0,1
8892.7,card,card_expired,1,1.8,24,9,0,1,False,0,0
1502.05,upi,insufficient_funds,1,1.3,24,22,6,0,True,0,1
1332.32,upi,network_timeout,1,0.6,29,15,3,2,False,1,1
4003.92,card,bank_outage,1,4.4,24,6,7,2,True,0,1
2165.6,upi,bank_outage,5,0.3,12,15,5,0,False,0,1
1472.32,card,high_risk_fraud,1,3.4,5,14,17,1,True,0,0
1297.98,card,insufficient_funds,1,1.0,13,16,8,2,False,0,1
7635.39,card,bank_outage,1,0.0,5,13,9,0,False,0,0
934.81,card,insufficient_funds,1,0.4,1,19,9,0,False,0,1
3584.23,upi,insufficient_funds,1,0.5,4,14,15,1,True,0,1
9827.03,upi,insufficient_funds,1,0.6,11,8,4,0,False,0,1
6813.18,upi,bank_outage,1,1.8,10,9,0,2,False,1,1
4048.83,upi,bank_outage,1,0.7,16,12,2,1,False,0,0
332.98,netbanking,card_expired,1,1.5,15,9,6,0,True,1,1
1292.76,card,high_risk_fraud,1,3.9,25,17,2,2,False,0,0
2440.18,card,insufficient_funds,1,1.7,13,9,1,2,False,0,1
8077.62,subscription_mandate,authentication_failed,2,1.5,17,14,13,1,True,1,0
3214.61,upi,insufficient_funds,4,4.7,23,2,3,1,False,0,1
10133.55,card,authentication_failed,3,0.5,27,13,1,2,False,0,0
748.24,subscription_mandate,insufficient_funds,1,8.3,14,0,4,1,False,1,1
7371.36,netbanking,insufficient_funds,1,0.9,4,14,8,0,False,0,1
5942.11,card,bank_outage,1,0.4,10,23,2,2,False,0,1
2224.87,upi,authentication_failed,3,4.6,9,4,3,0,False,0,1
3029.24,card,network_timeout,4,1.7,5,6,6,0,False,0,0
3452.55,card,authentication_failed,1,0.8,26,13,5,0,True,0,1
1663.34,netbanking,bank_outage,2,0.0,18,12,8,1,True,1,1
789.63,card,bank_outage,1,2.7,11,11,1,1,False,0,1
3957.68,upi,insufficient_funds,1,0.2,3,12,7,0,True,0,1
1202.14,card,high_risk_fraud,1,2.5,2,18,6,0,False,0,0
4295.52,netbanking,insufficient_funds,1,0.4,12,14,12,1,False,1,1
5299.2,card,authentication_failed,4,2.0,29,21,8,2,True,0,0
2899.26,card,card_expired,2,2.5,6,16,3,3,False,0,0
2756.17,netbanking,authentication_failed,1,0.1,5,11,4,0,True,1,1
7860.13,card,insufficient_funds,3,0.5,19,18,2,3,False,1,0
3759.27,upi,insufficient_funds,1,3.1,20,19,4,0,False,0,1
2989.52,upi,network_timeout,3,5.4,9,17,7,1,True,0,1
1899.55,subscription_mandate,bank_outage,1,0.7,27,11,8,0,True,1,1
2962.29,subscription_mandate,card_expired,1,1.4,9,9,4,0,False,1,0
350.2,card,card_expired,1,1.2,20,5,4,0,True,0,0
770.45,netbanking,card_expired,1,4.0,15,10,4,1,True,0,0
7656.16,card,authentication_failed,3,3.9,25,16,14,0,True,0,1
2330.41,card,insufficient_funds,1,4.2,28,17,14,0,False,0,1
11464.13,upi,insufficient_funds,2,0.4,13,12,10,0,True,0,1
4302.45,card,network_timeout,1,0.3,27,0,11,4,False,0,1
16311.13,card,network_timeout,2,3.3,27,14,5,1,False,0,1
3607.58,netbanking,bank_outage,3,0.3,24,12,3,0,False,0,1
454.99,upi,insufficient_funds,3,3.9,13,8,14,0,True,0,1
1535.95,card,card_expired,1,0.4,22,16,4,2,True,0,1
1022.36,card,network_timeout,3,0.6,24,16,6,0,True,1,1
1257.26,netbanking,card_expired,2,1.1,23,7,4,0,True,0,1
1747.97,card,high_risk_fraud,1,0.7,16,7,7,1,True,0,0
1156.2,upi,card_expired,1,1.9,30,17,12,3,True,0,1
5253.01,card,insufficient_funds,1,0.8,21,10,8,0,True,0,1
2776.29,card,network_timeout,1,0.9,26,14,8,1,False,1,1
2094.93,card,authentication_failed,2,2.5,26,17,7,0,True,1,1
861.62,upi,insufficient_funds,1,2.4,13,20,11,0,True,0,1
5435.98,card,network_timeout,1,3.5,3,11,4,1,False,1,1
3731.48,card,high_risk_fraud,3,0.4,25,18,0,1,False,1,0
7936.27,upi,bank_outage,1,0.1,2,18,5,1,True,0,1
1144.82,card,insufficient_funds,3,1.2,11,10,2,1,False,1,1
422.53,netbanking,network_timeout,1,1.5,3,18,11,1,True,0,1
593.72,card,network_timeout,1,0.8,26,8,11,0,True,0,1
1006.99,card,insufficient_funds,4,3.1,10,10,19,0,True,0,1
1537.32,upi,card_expired,1,1.3,23,15,8,2,False,0,0
4265.17,card,bank_outage,1,8.8,26,18,8,2,True,0,1
3155.35,card,insufficient_funds,1,0.5,24,12,4,2,True,1,0
3739.87,subscription_mandate,insufficient_funds,1,2.5,20,18,8,2,True,1,1
719.25,upi,insufficient_funds,1,0.1,9,16,3,1,False,1,1
2329.24,subscription_mandate,insufficient_funds,2,0.8,1,13,5,1,False,1,1
3658.73,subscription_mandate,high_risk_fraud,1,1.2,27,8,7,0,True,1,0
1227.45,card,insufficient_funds,2,0.7,17,8,2,2,False,1,1
2240.89,upi,network_timeout,1,2.0,14,6,8,3,False,1,1
32316.02,upi,high_risk_fraud,1,2.1,17,11,7,1,True,0,0
7188.95,card,insufficient_funds,1,2.4,16,17,4,0,False,0,0
3628.69,upi,network_timeout,3,0.2,3,14,2,1,False,0,1
1152.5,upi,insufficient_funds,3,0.3,8,9,12,1,True,1,1
1376.84,upi,card_expired,1,0.5,6,12,5,1,False,0,0
5305.64,upi,card_expired,4,4.2,13,6,6,0,True,0,0
535.72,subscription_mandate,bank_outage,2,2.4,28,16,5,0,True,1,1
6262.39,subscription_mandate,network_timeout,1,0.8,13,12,12,4,True,1,1
6743.61,netbanking,bank_outage,3,1.7,14,18,7,0,True,0,1
2261.79,card,bank_outage,2,6.8,11,22,14,1,False,0,1
5018.12,upi,insufficient_funds,2,1.5,21,17,8,2,True,0,1
1269.76,card,authentication_failed,1,0.9,2,12,3,1,False,0,0
566.1,upi,insufficient_funds,2,2.4,9,23,4,1,False,0,0
390.38,upi,bank_outage,2,5.4,7,18,3,1,False,0,1
497.1,card,card_expired,3,0.8,17,21,8,1,True,0,1
1106.56,upi,card_expired,1,5.2,18,7,3,1,False,1,0
2854.31,card,bank_outage,3,1.3,28,5,0,0,False,1,1
1455.2,upi,network_timeout,3,2.3,12,9,7,2,False,0,1
2767.46,upi,card_expired,1,4.3,5,21,14,1,True,0,1
498.03,upi,insufficient_funds,1,4.5,27,20,2,1,False,1,1
2524.39,upi,insufficient_funds,3,0.5,23,20,7,0,False,0,1
1659.81,upi,card_expired,1,2.4,2,12,10,1,False,0,0
6336.55,netbanking,insufficient_funds,1,0.5,5,3,9,1,False,0,1
2516.62,card,insufficient_funds,1,9.1,21,18,1,3,False,1,1
535.23,upi,network_timeout,1,8.0,13,16,1,1,False,0,1
3838.19,subscription_mandate,insufficient_funds,1,0.8,12,18,14,1,False,1,1
4042.5,upi,insufficient_funds,3,1.2,19,1,10,1,False,0,0
8806.49,card,network_timeout,1,10.2,27,5,2,0,False,0,0
2623.75,card,card_expired,2,1.0,26,11,10,1,True,1,1
2883.18,upi,insufficient_funds,1,2.9,9,19,1,0,False,0,1
1390.94,netbanking,high_risk_fraud,3,2.4,17,14,5,3,False,0,0
4248.33,upi,insufficient_funds,1,2.5,22,7,4,1,True,0,1
1570.11,upi,network_timeout,3,3.7,28,2,2,2,False,0,1
41382.58,upi,bank_outage,1,1.3,19,11,0,0,False,0,1
1032.39,netbanking,insufficient_funds,1,2.9,23,11,6,0,False,0,1
871.21,subscription_mandate,network_timeout,1,14.0,16,14,0,1,False,1,0
565.77,card,authentication_failed,1,0.1,6,11,2,0,False,0,1
794.68,card,network_timeout,1,1.8,16,7,11,0,True,0,1
1328.83,netbanking,card_expired,1,2.8,1,12,6,1,False,0,1
8102.91,card,network_timeout,3,5.4,11,20,1,2,False,0,1
9851.96,card,network_timeout,2,1.0,2,14,4,1,True,0,0
1878.2,card,high_risk_fraud,2,0.3,5,15,0,1,False,0,0
22011.82,netbanking,insufficient_funds,1,4.3,6,14,13,2,True,0,0
11067.81,upi,authentication_failed,2,9.3,30,9,3,1,False,0,0
4321.92,upi,network_timeout,1,0.8,2,19,12,3,True,0,1
1552.28,upi,high_risk_fraud,2,0.7,4,19,15,1,False,0,0
1325.0,upi,high_risk_fraud,1,0.7,18,17,4,1,False,0,0
2649.5,upi,authentication_failed,1,0.4,2,12,2,3,False,0,0
3007.79,subscription_mandate,insufficient_funds,1,6.5,1,13,1,0,False,1,1
3321.89,card,network_timeout,2,1.4,21,15,9,1,True,0,1
3542.93,upi,network_timeout,1,3.7,31,13,10,3,True,0,1
665.04,card,insufficient_funds,1,0.3,26,5,8,2,True,0,1
6423.98,upi,network_timeout,1,2.2,8,18,5,1,False,0,1
4484.05,upi,card_expired,2,0.1,10,18,10,0,False,0,1
2171.96,netbanking,insufficient_funds,1,0.2,5,21,4,0,False,0,1
8755.09,upi,network_timeout,1,2.1,29,13,6,1,False,1,1
3407.27,card,insufficient_funds,1,2.2,20,10,9,4,True,0,0
4837.4,subscription_mandate,card_expired,2,6.2,12,16,1,0,False,1,1
2520.99,upi,insufficient_funds,4,4.2,3,17,6,0,True,0,1
2841.9,subscription_mandate,bank_outage,1,0.0,30,13,2,0,False,1,1
1056.26,upi,insufficient_funds,3,4.4,28,9,12,0,True,0,1
2062.2,subscription_mandate,bank_outage,1,4.0,6,10,11,0,True,1,1
2873.79,netbanking,authentication_failed,1,6.0,27,17,10,1,False,0,1
1962.24,card,bank_outage,2,2.0,14,12,3,1,False,0,1
708.39,card,bank_outage,2,2.3,3,6,4,0,True,0,1
3406.5,upi,insufficient_funds,4,0.3,29,12,3,0,False,0,1
1762.31,subscription_mandate,card_expired,1,1.8,4,17,7,1,True,1,0
6023.94,upi,bank_outage,1,2.6,26,19,9,0,False,0,1
2079.16,upi,insufficient_funds,1,2.1,12,18,7,0,False,1,1
1189.05,upi,network_timeout,3,7.2,6,10,14,0,False,0,1
2661.14,upi,insufficient_funds,3,0.6,19,16,3,2,False,0,0
2136.37,upi,insufficient_funds,1,1.7,13,1,7,0,True,1,0
1002.32,upi,insufficient_funds,1,1.5,6,17,10,0,True,0,1
2744.39,upi,card_expired,1,4.8,18,13,5,0,True,1,1
5621.64,upi,insufficient_funds,1,0.5,13,4,2,0,False,0,1
1572.65,subscription_mandate,insufficient_funds,1,0.8,16,10,1,1,False,1,1
9499.44,card,authentication_failed,2,0.6,25,19,11,1,True,1,1
4058.56,card,insufficient_funds,4,1.9,7,15,15,2,True,0,1
1602.44,card,insufficient_funds,1,0.5,13,15,5,1,True,1,1
1561.45,card,insufficient_funds,2,3.1,4,11,1,1,False,0,1
1583.8,card,card_expired,1,0.3,4,18,3,0,False,1,1
3962.39,card,card_expired,1,2.7,23,7,24,0,True,0,1
2704.69,upi,card_expired,1,1.5,31,4,8,0,False,1,1
1164.41,card,network_timeout,1,1.5,4,12,10,0,False,1,0
1598.47,card,high_risk_fraud,1,0.5,15,17,7,0,False,0,0
1035.26,card,insufficient_funds,1,4.3,7,21,6,0,True,0,1
2259.52,card,insufficient_funds,1,1.6,16,5,5,1,True,0,0
2178.65,netbanking,bank_outage,1,1.5,11,14,4,2,True,0,1
9115.0,card,card_expired,1,0.5,14,18,0,2,False,1,1
305.93,upi,network_timeout,3,0.1,6,12,10,3,False,0,1
2851.54,card,insufficient_funds,1,0.7,4,10,4,1,True,0,1
751.15,card,bank_outage,1,0.4,22,10,5,2,True,0,1
1162.74,card,bank_outage,1,5.6,13,16,4,1,True,1,1
2158.75,upi,insufficient_funds,3,0.3,23,14,4,1,True,0,1
9995.91,upi,network_timeout,1,1.3,31,10,12,2,True,0,1
1484.0,card,authentication_failed,1,0.1,29,9,5,1,False,0,1
8560.59,subscription_mandate,insufficient_funds,1,1.4,22,8,5,1,False,1,0
2735.14,card,insufficient_funds,1,1.9,6,14,3,1,False,1,0
2230.39,card,insufficient_funds,1,1.6,7,13,7,1,True,0,0
669.2,card,network_timeout,2,1.3,17,11,0,0,False,0,1
2817.99,upi,insufficient_funds,2,0.6,19,15,14,0,True,0,0
960.01,card,network_timeout,2,6.0,25,10,3,0,False,0,0
3934.61,upi,insufficient_funds,2,0.6,24,16,8,2,True,0,1
1104.67,netbanking,network_timeout,2,2.9,13,15,2,1,False,0,1
8949.87,netbanking,bank_outage,2,5.1,12,19,3,2,False,0,1
3578.85,upi,bank_outage,1,2.9,16,12,0,1,False,1,1
1388.58,card,insufficient_funds,2,2.0,24,16,5,0,False,1,1
2113.69,netbanking,card_expired,2,2.5,23,10,14,2,True,1,1
3926.42,card,insufficient_funds,2,1.4,11,13,0,0,False,0,1
1096.44,card,card_expired,2,2.4,3,18,0,1,False,0,0
6005.64,card,insufficient_funds,1,3.7,6,21,4,1,False,1,1
4132.3,card,card_expired,1,1.8,24,19,2,2,False,0,0
6606.02,card,insufficient_funds,1,4.2,25,14,8,0,True,0,1
268.17,upi,bank_outage,1,1.7,4,18,20,2,True,0,1
2604.51,card,high_risk_fraud,2,3.2,24,22,5,3,False,0,0
597.01,upi,insufficient_funds,1,2.8,17,18,5,3,False,0,1
5214.86,card,insufficient_funds,1,0.0,3,12,5,1,True,0,1
779.32,card,insufficient_funds,1,0.4,23,14,4,0,False,0,1
1110.21,card,network_timeout,2,1.8,5,18,2,0,False,0,1
9761.23,card,network_timeout,2,9.1,1,11,6,1,True,0,1
3083.6,netbanking,network_timeout,1,0.7,22,20,4,1,False,1,1
5598.43,upi,bank_outage,4,0.7,8,10,3,1,False,0,1
4577.48,card,card_expired,3,2.0,28,18,6,2,False,0,0
2658.4,card,card_expired,1,7.2,23,18,3,0,False,0,1
4088.22,card,network_timeout,2,1.6,23,22,3,2,False,0,1
5078.55,upi,insufficient_funds,3,0.8,6,18,4,1,True,1,1
1766.7,card,insufficient_funds,1,0.1,11,17,8,2,True,0,1
16520.79,upi,card_expired,2,1.4,18,20,4,0,True,0,0
99.0,netbanking,authentication_failed,1,4.3,31,22,7,0,True,0,1
597.02,card,bank_outage,1,2.9,29,19,14,0,True,0,1
2176.76,subscription_mandate,card_expired,3,1.1,12,22,5,0,False,1,0
10994.89,card,card_expired,3,3.0,1,16,2,0,False,0,0
3031.97,netbanking,insufficient_funds,5,4.0,3,8,1,1,False,0,1
1131.69,upi,card_expired,1,1.6,6,12,9,0,True,0,1
545.01,card,bank_outage,2,0.7,29,16,13,0,True,0,1
8666.66,card,authentication_failed,4,0.1,9,11,2,1,False,1,1
2011.44,upi,card_expired,1,2.4,17,14,5,0,False,0,1
2461.76,card,authentication_failed,1,5.2,31,14,5,1,True,0,1
735.33,card,insufficient_funds,1,1.1,31,8,4,0,False,0,0
1259.46,upi,authentication_failed,1,2.4,6,10,2,1,False,1,1
2560.26,card,insufficient_funds,2,8.8,26,8,8,1,True,1,1
1007.61,upi,network_timeout,1,0.6,6,6,8,0,True,0,1
1784.57,netbanking,insufficient_funds,1,2.5,9,11,4,0,True,0,1
14196.25,card,insufficient_funds,2,0.1,6,7,6,0,True,0,1
1444.58,upi,card_expired,1,5.0,2,19,5,1,True,1,1
3532.03,card,insufficient_funds,2,2.0,23,8,11,0,True,1,0
2010.21,upi,insufficient_funds,1,1.9,11,10,7,0,False,0,1
3245.69,subscription_mandate,insufficient_funds,3,1.4,20,10,2,1,False,1,1
4414.79,subscription_mandate,insufficient_funds,2,1.4,1,17,19,1,True,1,1
800.76,card,card_expired,2,3.7,13,13,12,1,True,0,1
3854.94,card,insufficient_funds,2,0.2,23,2,12,3,True,0,0
2183.79,card,network_timeout,3,3.3,18,3,21,1,True,0,1
5237.35,upi,insufficient_funds,1,1.3,25,8,6,0,False,1,1
15767.6,upi,high_risk_fraud,1,2.3,16,20,6,0,True,1,0
6316.96,upi,insufficient_funds,2,0.9,24,12,5,0,True,0,1
587.67,upi,card_expired,2,1.0,20,14,6,0,False,0,0
1419.31,card,card_expired,1,0.6,27,17,0,1,False,0,0
2367.7,card,card_expired,1,1.3,1,11,6,0,False,0,0
4080.64,upi,insufficient_funds,1,4.3,28,12,10,1,True,1,1
4128.55,card,bank_outage,1,1.7,15,14,8,3,False,1,1
1830.8,card,insufficient_funds,1,3.1,13,8,3,1,False,1,1
1827.34,upi,card_expired,2,3.0,19,2,6,0,True,0,0
4274.0,card,network_timeout,1,4.7,15,3,4,1,False,0,1
3018.33,upi,insufficient_funds,2,8.5,3,9,8,1,True,0,1
1002.63,upi,high_risk_fraud,2,0.2,22,20,6,3,False,0,0
3677.88,upi,bank_outage,1,2.7,19,10,14,0,False,0,1
3689.03,upi,insufficient_funds,1,2.7,15,16,22,1,False,1,1
1203.95,card,card_expired,3,1.7,22,17,11,2,True,0,1
2721.75,card,card_expired,1,1.9,24,13,5,1,True,1,1
6299.89,card,card_expired,3,2.6,24,18,8,0,False,0,0
8317.25,subscription_mandate,bank_outage,2,0.3,14,15,8,1,True,1,1
5225.17,netbanking,bank_outage,1,1.0,20,8,18,1,False,0,0
9812.91,subscription_mandate,card_expired,1,0.2,20,8,3,2,False,1,0
2124.36,card,high_risk_fraud,3,0.0,18,11,5,0,False,0,0
941.93,upi,authentication_failed,1,0.0,6,13,8,0,False,0,0
1645.54,card,bank_outage,1,0.8,23,12,4,0,True,0,1
1047.63,upi,card_expired,1,0.9,19,21,3,0,False,0,1
7369.1,subscription_mandate,high_risk_fraud,1,0.1,13,13,6,0,True,1,0
1449.11,card,network_timeout,1,3.5,18,16,11,2,True,0,1
613.43,card,network_timeout,1,2.9,2,9,10,1,True,1,1
2551.31,upi,bank_outage,2,2.1,2,21,2,1,False,0,1
2899.21,card,network_timeout,1,2.0,28,17,3,3,False,1,1
984.46,card,insufficient_funds,1,0.7,9,16,10,1,True,1,1
2604.02,card,insufficient_funds,1,0.2,12,12,5,0,True,0,1
1281.96,card,insufficient_funds,2,3.1,29,10,14,0,False,0,1
2189.23,subscription_mandate,card_expired,2,2.3,12,12,9,0,True,1,1
690.65,card,network_timeout,1,0.2,15,15,3,2,False,1,0
1535.64,netbanking,network_timeout,1,4.3,24,18,4,0,False,0,1
4475.01,card,insufficient_funds,1,1.6,1,20,3,0,False,0,1
1098.79,card,network_timeout,1,3.1,17,14,7,3,False,0,1
376.28,subscription_mandate,insufficient_funds,1,0.3,8,20,10,1,False,1,1
1979.19,upi,bank_outage,1,0.8,23,0,5,0,False,0,1
4790.37,subscription_mandate,authentication_failed,1,2.5,27,15,8,1,True,1,1
1057.23,upi,network_timeout,4,2.1,3,0,11,0,False,0,0
897.51,upi,insufficient_funds,2,6.2,9,13,10,0,True,0,1
2501.23,card,bank_outage,1,2.0,3,15,1,1,False,0,1
3070.73,card,network_timeout,1,0.5,29,10,3,1,False,0,1
4060.12,subscription_mandate,authentication_failed,1,7.8,23,13,9,2,True,1,1
5427.41,card,insufficient_funds,1,2.7,21,12,10,2,True,1,1
7318.55,upi,insufficient_funds,1,2.8,28,12,7,1,True,0,1
826.65,upi,bank_outage,1,1.2,4,7,7,0,True,1,1
2246.43,upi,authentication_failed,1,3.0,6,12,6,0,True,0,1
2699.1,card,bank_outage,4,4.2,6,17,11,1,False,1,0
1095.67,upi,insufficient_funds,1,5.8,26,2,2,1,False,0,1
4315.84,upi,bank_outage,2,2.1,16,8,6,1,True,0,1
5794.91,netbanking,network_timeout,2,1.4,10,16,6,2,False,1,1
3356.53,upi,high_risk_fraud,2,0.6,17,13,0,0,False,0,0
6346.58,card,insufficient_funds,1,2.8,15,9,12,0,True,0,1
2230.91,upi,insufficient_funds,2,0.8,8,13,5,0,True,0,1
683.19,card,card_expired,2,1.6,28,13,11,0,True,0,0
1807.08,card,bank_outage,1,0.6,3,9,6,0,True,0,1
249.57,upi,bank_outage,4,1.8,27,9,8,1,True,1,1
594.72,upi,bank_outage,1,5.0,2,12,21,2,True,0,1
2257.42,card,card_expired,5,1.8,25,15,5,0,False,1,0
1690.0,subscription_mandate,authentication_failed,5,1.1,15,14,12,1,False,1,0
566.53,card,card_expired,1,3.9,13,13,12,1,False,0,1
1400.17,netbanking,bank_outage,2,0.2,14,15,7,0,True,0,1
4329.2,upi,insufficient_funds,1,0.8,8,20,5,0,True,0,1
2136.19,card,card_expired,1,1.5,9,7,8,0,True,0,1
1173.15,upi,bank_outage,1,2.3,25,9,16,0,True,1,1
661.39,upi,card_expired,1,2.8,20,21,11,2,True,0,0
4346.85,netbanking,authentication_failed,1,3.2,8,18,11,0,False,1,1
845.44,card,bank_outage,1,8.9,25,9,2,2,False,0,0
5098.62,card,insufficient_funds,1,4.5,28,18,4,0,False,1,1
2515.44,subscription_mandate,card_expired,1,6.2,14,19,13,1,True,1,0
630.51,card,insufficient_funds,1,5.5,18,9,2,0,False,1,1
7974.8,subscription_mandate,insufficient_funds,1,0.3,24,6,6,0,True,1,1
6508.94,card,insufficient_funds,3,1.2,14,17,1,2,False,1,0
27671.43,upi,network_timeout,2,2.0,6,1,12,1,False,0,1
2024.9,upi,network_timeout,2,3.0,20,14,1,0,False,0,0
6210.9,card,card_expired,2,0.9,21,22,8,3,True,0,0
3077.63,netbanking,network_timeout,3,0.4,26,11,11,3,True,0,1
874.01,upi,insufficient_funds,2,3.6,4,15,9,0,True,0,1
924.73,card,bank_outage,2,0.4,13,0,4,2,True,0,1
1766.81,netbanking,network_timeout,2,1.1,7,10,23,1,True,0,1
2282.47,upi,card_expired,1,0.7,14,15,10,0,False,0,0
8980.31,upi,bank_outage,4,4.2,19,11,5,0,True,0,0
1569.54,upi,insufficient_funds,1,1.6,11,11,12,1,True,1,1
8940.56,upi,card_expired,2,4.3,18,1,13,0,True,0,1
592.99,card,network_timeout,1,1.1,5,8,3,0,False,0,1
4121.27,upi,card_expired,1,3.9,1,19,7,0,True,0,0
2023.02,subscription_mandate,insufficient_funds,3,2.8,6,16,4,2,True,1,0
247.17,upi,insufficient_funds,2,2.3,24,20,15,0,True,0,1
1976.02,upi,insufficient_funds,2,1.6,2,21,7,0,True,1,1
956.52,upi,insufficient_funds,1,2.8,19,14,16,0,False,0,0
7948.73,upi,card_expired,1,0.3,18,14,3,0,False,0,0
1539.65,card,bank_outage,2,0.5,26,11,0,0,False,1,1
4021.02,upi,network_timeout,1,7.3,18,17,13,0,False,0,1
2324.26,card,card_expired,1,1.0,12,12,4,0,False,0,0
3404.96,card,network_timeout,1,4.0,25,19,5,0,True,1,0
1470.73,card,network_timeout,1,0.2,24,4,30,1,True,1,1
1772.22,subscription_mandate,bank_outage,2,3.6,17,12,2,1,False,1,1
5955.14,card,card_expired,3,3.5,4,14,4,1,True,1,1
2300.12,card,high_risk_fraud,1,6.3,26,9,3,1,False,1,0
1510.0,upi,card_expired,1,1.9,28,11,7,1,True,0,1
2507.16,card,insufficient_funds,1,0.0,17,15,3,1,False,1,1
1495.69,upi,card_expired,1,0.8,22,10,5,2,True,1,1
3077.09,card,card_expired,2,2.7,10,5,11,0,True,0,1
3078.56,upi,bank_outage,1,14.0,19,10,3,1,False,0,1
3125.3,card,high_risk_fraud,1,5.4,13,12,2,0,False,0,0
1465.48,netbanking,authentication_failed,1,2.4,3,13,4,0,True,0,1
3439.45,upi,network_timeout,1,1.8,15,17,8,0,True,0,1
1886.18,upi,network_timeout,1,1.5,31,10,6,1,False,0,0
3561.06,upi,card_expired,3,0.9,16,11,11,1,False,0,0
2878.27,subscription_mandate,insufficient_funds,2,4.1,7,14,7,0,False,1,1
2602.92,upi,authentication_failed,1,4.8,25,23,1,0,False,0,1
1754.49,card,network_timeout,3,2.5,14,11,8,2,True,1,1
8028.97,card,authentication_failed,1,0.2,20,22,1,1,False,0,1
2817.68,subscription_mandate,insufficient_funds,1,0.4,21,12,8,2,True,1,1
1719.52,card,bank_outage,3,1.2,29,13,12,0,True,1,1
4658.46,upi,insufficient_funds,2,0.3,25,1,5,1,True,0,1
1068.18,card,bank_outage,2,0.4,8,19,4,0,True,0,1
3842.41,card,card_expired,2,3.2,22,11,6,2,True,0,1
3886.04,card,card_expired,1,0.0,30,13,3,2,False,0,0
3193.06,card,insufficient_funds,1,1.0,18,19,4,1,True,1,1
12625.23,upi,insufficient_funds,2,3.7,10,9,7,0,False,0,1
2336.14,subscription_mandate,authentication_failed,1,0.6,7,17,7,2,True,1,1
1554.08,subscription_mandate,authentication_failed,1,3.0,5,14,5,2,True,1,1
4888.23,upi,bank_outage,1,4.9,2,19,7,2,True,1,1
9363.04,card,high_risk_fraud,2,4.8,16,12,9,0,False,1,0
1193.57,card,insufficient_funds,2,3.2,10,12,5,0,False,0,1
2254.75,upi,insufficient_funds,1,2.8,23,15,12,1,True,0,1
1119.12,card,insufficient_funds,3,2.6,4,11,4,1,True,0,1
1549.06,card,bank_outage,1,5.9,20,19,14,0,True,0,1
1713.77,subscription_mandate,network_timeout,1,1.7,3,21,4,0,False,1,1
1241.41,subscription_mandate,insufficient_funds,2,0.5,8,16,7,0,True,1,0
719.09,card,card_expired,5,4.5,19,18,6,0,True,0,0
1288.41,card,insufficient_funds,1,1.4,24,9,1,2,False,0,1
12973.7,netbanking,bank_outage,1,2.9,15,9,5,0,True,0,1
846.44,card,insufficient_funds,2,0.1,14,15,31,0,True,0,1
2308.38,upi,bank_outage,2,1.0,30,19,7,3,True,1,1
609.77,card,card_expired,1,2.6,7,20,13,3,True,0,0
2916.18,card,authentication_failed,2,1.6,21,14,8,1,True,0,1
2273.71,card,insufficient_funds,1,0.4,23,14,2,1,False,0,1
7891.16,netbanking,insufficient_funds,1,0.9,3,18,3,0,False,0,0
2874.3,card,network_timeout,1,0.7,25,15,2,1,False,0,1
582.62,upi,insufficient_funds,2,0.8,18,19,20,0,True,0,1
10673.69,upi,insufficient_funds,2,0.3,11,16,8,1,True,1,0
1814.31,upi,card_expired,1,1.2,15,10,6,1,False,0,0
1371.53,card,authentication_failed,1,9.6,12,10,1,0,False,0,0
1319.09,card,bank_outage,1,1.8,23,21,4,0,False,0,1
2033.23,upi,authentication_failed,1,1.4,15,8,27,2,True,0,1
1278.96,netbanking,insufficient_funds,1,5.8,26,11,5,2,True,0,1
1751.41,card,network_timeout,2,0.9,29,15,11,4,False,0,1
2000.27,card,insufficient_funds,1,4.9,19,13,1,3,False,1,0
261.86,netbanking,bank_outage,1,1.4,10,21,4,1,True,1,1
4693.27,card,card_expired,2,0.4,29,20,7,0,False,1,0
1007.92,upi,network_timeout,1,6.7,20,9,33,2,False,0,1
7358.05,upi,authentication_failed,1,0.8,4,11,7,2,True,0,1
3685.08,card,card_expired,1,0.2,24,17,11,0,True,1,0
993.42,upi,network_timeout,3,0.6,4,19,9,0,True,0,1
2539.02,card,insufficient_funds,1,2.7,8,21,12,2,True,1,1
3898.86,card,insufficient_funds,1,0.3,23,11,4,0,False,1,1
1297.92,subscription_mandate,insufficient_funds,3,0.4,26,2,5,1,True,1,1
3534.2,upi,network_timeout,3,3.9,25,17,6,1,False,1,1
2268.77,upi,card_expired,2,0.2,22,13,9,1,True,0,0
935.1,subscription_mandate,card_expired,3,6.1,9,12,8,3,True,1,1
1518.82,upi,insufficient_funds,2,1.8,30,9,3,2,False,0,1
2221.39,netbanking,network_timeout,1,0.8,8,11,12,0,False,0,1
1901.03,card,network_timeout,1,1.5,24,21,12,0,False,0,1
2493.28,netbanking,insufficient_funds,2,9.9,6,12,19,3,True,1,1
2163.87,card,card_expired,2,1.8,13,5,7,1,True,0,1
8239.49,netbanking,insufficient_funds,3,0.3,30,11,6,0,False,0,1
2265.55,card,card_expired,1,0.9,21,20,9,0,True,0,1
8219.3,card,insufficient_funds,2,5.8,9,15,6,0,True,0,1
2322.44,upi,card_expired,1,0.1,21,22,5,0,True,0,0
1907.1,card,network_timeout,1,1.2,16,16,18,1,True,0,1
1085.36,card,network_timeout,1,5.2,4,18,18,2,False,0,0
2225.43,card,insufficient_funds,1,4.8,15,19,6,0,True,0,1
17116.15,card,insufficient_funds,1,0.3,2,17,14,0,True,0,1
5657.06,card,bank_outage,2,1.7,20,19,10,1,False,1,1
1312.46,upi,bank_outage,2,0.8,19,13,11,3,True,0,1
691.94,upi,insufficient_funds,3,1.8,25,9,13,2,True,0,1
908.35,upi,bank_outage,2,0.9,4,17,7,4,False,0,0
20920.01,netbanking,network_timeout,2,1.7,12,7,11,1,True,0,1
5015.07,upi,high_risk_fraud,3,1.5,17,11,5,0,True,0,0
1773.18,upi,network_timeout,1,0.8,15,7,5,1,True,0,1
1035.29,card,authentication_failed,2,2.1,7,18,5,1,True,0,1
484.97,subscription_mandate,insufficient_funds,1,1.1,12,6,8,3,False,1,0
2581.29,upi,network_timeout,1,0.4,4,12,8,0,True,0,1
2859.03,upi,insufficient_funds,1,3.0,14,3,8,0,True,0,1
838.95,card,card_expired,1,2.4,17,18,13,0,True,1,1
4186.1,netbanking,authentication_failed,1,3.0,3,12,1,0,False,0,0
6180.28,upi,bank_outage,3,2.7,19,18,5,0,True,1,1
2280.26,upi,insufficient_funds,1,2.2,6,11,12,1,True,0,1
3252.02,netbanking,insufficient_funds,1,3.8,7,5,1,1,False,0,0
2003.07,card,insufficient_funds,2,1.2,23,0,27,0,True,0,1
1860.78,upi,insufficient_funds,1,3.2,23,8,14,0,True,0,1
1656.12,upi,authentication_failed,1,0.4,4,2,8,1,True,0,1
1730.16,card,insufficient_funds,1,3.2,21,17,11,0,False,0,1
3988.35,upi,insufficient_funds,1,0.3,28,12,12,2,True,0,1
1610.53,upi,card_expired,1,1.7,16,10,6,1,True,0,1
1580.08,upi,network_timeout,2,2.4,5,11,8,1,True,0,1
4289.65,card,authentication_failed,3,1.1,12,16,2,1,False,0,0
5300.8,card,bank_outage,1,1.2,13,18,4,0,True,0,1
2966.54,subscription_mandate,insufficient_funds,1,2.7,28,21,3,0,False,1,1
5307.92,card,insufficient_funds,2,5.5,28,13,9,1,True,1,1
443.22,card,card_expired,1,3.1,31,13,3,0,False,0,0
3117.86,upi,bank_outage,1,1.1,12,9,2,1,False,0,0
8222.59,card,card_expired,1,0.9,20,8,4,0,True,0,0
4565.96,upi,card_expired,5,4.9,19,13,4,3,False,0,0
1335.47,subscription_mandate,insufficient_funds,1,2.4,10,15,28,1,False,1,1
589.21,card,network_timeout,1,2.1,27,21,1,0,False,0,0
2995.76,card,network_timeout,1,0.7,24,8,2,2,False,0,0
3089.75,netbanking,network_timeout,2,0.4,5,23,2,2,False,1,0
659.74,card,authentication_failed,2,0.5,21,20,4,1,True,0,1
4811.45,card,bank_outage,4,0.5,9,16,10,2,False,0,1
11208.0,card,insufficient_funds,2,3.2,4,7,5,1,True,0,1
2653.74,upi,network_timeout,1,1.4,21,9,1,1,False,0,1
8426.44,upi,network_timeout,1,4.1,19,12,8,1,True,1,1
2134.14,card,network_timeout,1,2.4,11,17,3,0,False,1,1
33384.9,upi,insufficient_funds,2,1.5,6,8,21,0,False,0,0
9679.15,upi,network_timeout,2,2.9,8,9,4,3,True,1,1
678.31,subscription_mandate,insufficient_funds,3,8.0,4,10,15,0,True,1,1
3265.05,upi,insufficient_funds,1,3.2,4,11,3,2,False,0,1
1157.82,upi,insufficient_funds,3,0.6,9,22,3,1,False,0,1
2800.41,upi,bank_outage,2,1.2,8,9,9,1,False,0,1
2057.72,upi,insufficient_funds,1,7.9,2,1,10,0,True,1,0
850.41,card,authentication_failed,2,4.0,27,20,9,0,False,0,1
1222.07,subscription_mandate,card_expired,1,0.4,28,16,1,1,False,1,1
2007.9,subscription_mandate,high_risk_fraud,1,0.0,11,10,5,1,True,1,0
346.92,card,insufficient_funds,3,0.2,20,18,4,1,False,0,1
9495.11,card,bank_outage,1,1.6,16,15,3,0,False,0,1
1026.42,card,card_expired,1,0.5,14,14,13,1,True,0,1
3701.23,card,authentication_failed,2,0.6,13,18,9,1,True,1,1
2630.03,upi,insufficient_funds,1,1.5,11,17,16,0,True,1,1
4792.41,upi,authentication_failed,1,0.2,23,9,4,0,True,0,1
2768.48,upi,network_timeout,3,1.8,9,9,4,1,True,1,1
10056.04,subscription_mandate,high_risk_fraud,4,1.1,3,5,10,3,False,1,0
2536.51,card,card_expired,5,0.9,25,17,4,0,False,0,0
1682.34,card,insufficient_funds,2,2.5,31,6,8,0,True,0,0
2171.37,upi,insufficient_funds,1,1.4,3,10,2,1,False,1,1
814.77,upi,insufficient_funds,2,1.6,9,20,7,1,True,0,1
3028.1,card,insufficient_funds,1,1.9,11,10,5,0,False,0,1
4985.42,netbanking,network_timeout,1,3.7,12,23,2,1,False,0,1
603.53,subscription_mandate,bank_outage,2,0.8,11,21,0,0,False,1,1
1634.97,netbanking,bank_outage,1,2.8,13,10,11,1,True,0,0
4918.08,subscription_mandate,bank_outage,1,1.7,24,10,10,1,False,1,1
928.99,upi,bank_outage,1,0.1,22,6,10,1,True,1,1
1951.14,upi,bank_outage,2,0.5,14,1,13,0,True,0,1
1050.16,netbanking,card_expired,1,0.2,13,18,1,1,False,0,0
27906.68,card,card_expired,2,5.1,17,15,3,0,False,0,1
9181.35,upi,bank_outage,1,0.8,14,11,13,0,False,1,1
8944.45,upi,card_expired,1,4.2,7,17,2,0,False,0,0
1651.41,subscription_mandate,card_expired,2,0.7,16,9,2,1,False,1,0
2989.48,upi,network_timeout,1,0.8,14,1,3,0,False,0,1
1821.07,subscription_mandate,card_expired,1,0.2,17,10,8,0,True,1,0
439.32,card,insufficient_funds,2,3.7,9,17,8,0,False,0,0
2636.49,card,card_expired,1,1.0,31,19,3,0,False,0,1
5409.57,card,card_expired,1,0.7,18,14,7,0,False,0,1
4677.69,subscription_mandate,insufficient_funds,2,3.8,26,13,7,0,True,1,1
2681.17,subscription_mandate,bank_outage,3,2.8,20,15,6,1,False,1,1
1736.41,upi,card_expired,1,1.9,31,19,9,0,False,0,1
226.43,upi,insufficient_funds,1,2.7,11,9,9,0,False,0,1
1186.65,upi,card_expired,1,3.1,23,18,12,1,True,0,0
2579.98,subscription_mandate,high_risk_fraud,1,5.4,17,12,3,0,False,1,0
530.73,card,card_expired,2,0.0,14,9,15,0,True,0,1
1494.94,subscription_mandate,card_expired,1,3.7,6,11,20,0,True,1,1
10467.47,card,bank_outage,2,0.4,12,2,1,0,False,0,1
816.23,card,insufficient_funds,4,1.1,28,2,3,0,False,0,0
3768.76,subscription_mandate,authentication_failed,2,2.6,2,19,4,0,True,1,1
4433.47,card,card_expired,2,2.9,20,12,14,1,True,0,0
1727.46,card,authentication_failed,1,2.5,26,8,5,2,True,1,1
1975.3,upi,card_expired,3,5.7,2,5,8,1,True,0,0
1910.44,card,authentication_failed,1,0.5,31,7,7,0,True,0,1
5005.85,upi,bank_outage,2,4.5,21,17,3,2,False,0,1
1007.72,netbanking,network_timeout,2,7.3,24,19,5,0,True,0,1
3182.3,netbanking,authentication_failed,1,1.3,20,16,6,1,False,0,0
1162.77,card,network_timeout,3,1.5,12,22,3,0,False,0,1
5943.6,netbanking,authentication_failed,1,1.6,21,9,2,1,False,1,1
8061.16,netbanking,bank_outage,1,3.2,20,15,4,1,True,1,1
1168.15,upi,high_risk_fraud,1,10.9,30,12,9,0,True,1,0
4497.96,card,insufficient_funds,1,0.1,26,17,10,0,False,0,0
2083.93,card,insufficient_funds,1,1.8,28,2,15,2,True,0,1
17853.63,card,insufficient_funds,4,3.9,11,9,6,1,False,0,1
1968.85,upi,insufficient_funds,2,0.6,26,11,7,0,True,0,1
1403.32,netbanking,bank_outage,2,1.3,3,12,13,0,True,0,1
3110.89,card,high_risk_fraud,1,1.9,25,12,6,0,False,1,1
641.68,upi,card_expired,1,1.4,6,12,2,3,False,0,1
4157.71,upi,bank_outage,2,0.6,18,11,6,1,False,0,1
4171.16,card,card_expired,3,3.7,18,13,3,0,False,1,0
3578.31,upi,card_expired,1,2.4,9,10,13,0,False,0,1
13868.76,upi,network_timeout,2,2.4,15,9,11,0,False,0,1
1660.2,netbanking,card_expired,1,1.9,13,13,3,0,False,0,0
2027.11,upi,insufficient_funds,1,1.5,3,9,10,1,False,1,1
1860.98,card,insufficient_funds,1,4.5,20,17,8,1,False,0,0
947.22,card,insufficient_funds,1,7.1,25,19,13,1,True,0,1
1279.65,upi,bank_outage,2,1.5,9,14,7,1,True,0,1
1825.41,subscription_mandate,insufficient_funds,4,0.7,19,12,6,1,True,1,1
1008.91,card,insufficient_funds,2,0.1,10,16,6,0,True,0,0
11075.86,upi,card_expired,1,0.7,3,17,8,1,True,0,1
1245.31,upi,insufficient_funds,1,0.3,11,17,4,3,False,0,1
13486.4,card,bank_outage,2,4.0,22,21,7,0,False,0,1
1053.34,card,high_risk_fraud,4,1.7,28,13,11,1,True,0,0
1955.26,card,network_timeout,1,0.1,23,11,17,2,True,0,1
2508.06,upi,bank_outage,2,0.7,31,10,4,0,False,0,1
3004.08,upi,insufficient_funds,2,0.3,5,13,3,0,False,0,1
4160.04,netbanking,insufficient_funds,1,2.2,14,6,8,1,True,0,0
2186.02,netbanking,bank_outage,3,10.2,12,2,3,0,False,0,0
1343.09,card,insufficient_funds,1,0.3,27,10,1,0,False,0,1
3135.76,upi,card_expired,1,2.3,14,8,12,0,False,1,1
3661.54,upi,network_timeout,1,7.5,26,7,11,2,True,1,1
1578.01,card,network_timeout,1,0.2,8,16,5,0,False,0,1
3601.54,card,authentication_failed,1,0.4,3,14,4,0,True,0,1
3890.24,card,insufficient_funds,2,2.8,18,9,12,0,False,0,1
2904.96,netbanking,insufficient_funds,1,2.5,9,12,9,0,True,0,1
2402.01,upi,network_timeout,1,6.6,23,17,1,0,False,0,1
683.92,card,bank_outage,1,0.8,28,16,6,0,False,0,1
873.79,netbanking,insufficient_funds,2,0.5,10,18,12,0,False,0,1
1095.63,card,bank_outage,3,3.3,19,10,4,1,True,0,1
7662.61,card,insufficient_funds,1,3.2,16,17,7,0,False,0,1
5671.46,subscription_mandate,insufficient_funds,1,1.1,12,21,13,0,True,1,1
858.7,subscription_mandate,insufficient_funds,1,5.3,15,21,4,1,True,1,1
12210.59,card,card_expired,1,5.9,17,10,6,0,True,1,1
3211.15,card,bank_outage,1,1.0,10,18,5,1,False,1,1
1397.06,subscription_mandate,network_timeout,1,0.7,22,16,6,0,True,1,1
708.14,card,insufficient_funds,1,3.7,15,19,4,0,True,0,1
1784.52,card,card_expired,2,3.8,10,10,7,3,True,0,0
5016.31,netbanking,insufficient_funds,2,0.3,24,10,6,2,False,0,1
496.65,netbanking,card_expired,1,2.3,2,17,3,0,False,0,0
904.62,upi,network_timeout,1,4.8,13,8,3,4,False,1,1
4011.45,upi,network_timeout,2,0.2,7,10,1,1,False,0,1
4482.57,upi,network_timeout,3,0.7,1,2,6,0,True,0,1
2728.83,card,insufficient_funds,1,1.2,7,12,10,0,True,0,1
3942.07,upi,bank_outage,1,0.2,9,13,14,0,True,1,1
3546.56,subscription_mandate,bank_outage,2,4.0,19,20,5,1,True,1,1
2630.83,subscription_mandate,high_risk_fraud,1,3.0,5,18,12,0,True,1,0
1054.24,upi,bank_outage,1,4.2,5,13,5,0,True,0,1
11061.91,card,card_expired,1,5.6,4,16,12,1,False,0,1
3105.0,upi,card_expired,1,1.3,2,7,4,0,False,0,0
1520.93,upi,network_timeout,2,1.4,4,11,2,0,False,0,1
5836.93,subscription_mandate,authentication_failed,2,0.9,18,13,6,0,True,1,1
1077.28,card,high_risk_fraud,1,4.1,15,12,3,0,False,0,0
3518.3,card,authentication_failed,3,1.4,4,19,7,1,True,0,1
5015.4,upi,card_expired,1,1.7,17,15,2,0,False,0,0
1582.13,upi,insufficient_funds,1,0.3,23,19,2,1,False,1,0
2342.29,upi,network_timeout,1,1.0,2,20,13,0,True,0,1
7665.0,card,authentication_failed,3,0.1,29,19,2,0,False,0,0
1745.36,upi,network_timeout,1,14.0,22,13,4,0,False,0,1
3527.38,card,bank_outage,1,0.4,19,10,3,1,False,0,1
5622.99,card,insufficient_funds,1,3.9,12,2,5,1,True,0,1
601.27,upi,insufficient_funds,1,3.8,21,11,4,1,True,0,1
15711.5,card,insufficient_funds,1,0.7,3,12,13,3,True,0,1
7271.98,card,insufficient_funds,1,1.0,24,13,3,1,False,0,0
2051.96,upi,bank_outage,1,1.0,2,20,4,0,True,0,1
1921.74,upi,insufficient_funds,1,2.0,22,18,3,0,False,1,1
5635.64,card,bank_outage,1,1.0,2,18,5,1,True,0,1
1990.93,card,card_expired,3,0.5,1,13,11,0,False,0,0
1806.27,upi,network_timeout,1,5.1,2,15,11,0,True,0,1
5064.4,card,card_expired,2,2.7,25,4,4,0,True,1,1
2118.0,card,card_expired,1,1.0,18,10,12,0,False,1,1
2372.03,card,insufficient_funds,1,0.9,10,17,2,1,False,0,1
1496.05,subscription_mandate,network_timeout,2,2.6,13,21,12,1,True,1,1
5585.56,upi,network_timeout,2,0.1,23,17,5,0,True,0,1
2062.4,card,network_timeout,2,3.9,31,16,6,0,True,0,1
358.47,subscription_mandate,high_risk_fraud,1,0.6,1,1,3,1,False,1,0
1648.48,card,card_expired,1,0.1,15,3,9,0,True,0,0
2370.88,upi,network_timeout,1,7.5,5,9,4,1,False,0,1
1219.91,card,network_timeout,2,0.8,28,11,15,1,False,0,0
7873.87,card,bank_outage,1,10.4,25,17,2,3,False,0,1
2130.16,subscription_mandate,network_timeout,2,0.2,26,9,9,1,True,1,1
6880.77,card,bank_outage,2,2.9,11,12,8,0,False,0,1
1815.63,card,insufficient_funds,3,4.1,25,18,6,2,False,0,1
2817.25,netbanking,insufficient_funds,4,0.6,30,19,12,0,True,0,0
956.62,card,insufficient_funds,2,1.0,10,9,1,2,False,0,1
1250.78,upi,insufficient_funds,1,0.9,30,16,9,0,False,0,1
2139.68,card,card_expired,3,3.5,16,19,9,1,False,0,0
3027.57,upi,card_expired,1,0.5,8,14,4,1,False,0,0
1475.08,card,high_risk_fraud,1,4.8,24,18,2,1,False,1,0
3083.27,card,bank_outage,1,0.7,8,18,3,0,False,0,1
1344.11,card,network_timeout,2,0.9,13,10,3,1,False,0,1
450.2,card,card_expired,1,0.1,7,16,3,1,False,1,1
2625.97,upi,bank_outage,3,2.7,18,12,0,0,False,1,1
10344.38,card,insufficient_funds,1,6.9,27,12,10,2,True,1,1
611.33,upi,insufficient_funds,2,1.5,4,7,9,0,True,0,1
1921.71,card,insufficient_funds,3,1.4,7,11,12,1,True,1,1
2417.56,card,insufficient_funds,1,0.6,31,22,5,1,True,0,1
5197.66,card,authentication_failed,1,4.8,25,6,3,0,False,0,0
8174.83,subscription_mandate,insufficient_funds,2,0.2,20,10,6,0,True,1,1
1758.79,card,insufficient_funds,2,0.3,22,2,9,0,True,0,0
1086.12,card,insufficient_funds,1,1.8,9,17,10,0,True,0,1
820.06,upi,network_timeout,1,0.0,20,8,5,1,True,0,1
6325.85,netbanking,high_risk_fraud,1,6.9,10,12,1,1,False,0,0
2369.23,subscription_mandate,authentication_failed,2,4.6,18,18,5,0,False,1,1
5427.34,subscription_mandate,network_timeout,1,5.3,21,18,2,0,False,1,0
2362.31,card,insufficient_funds,1,1.8,13,11,17,3,True,0,1
4795.99,card,card_expired,2,1.2,4,10,8,2,True,0,0
1756.79,upi,network_timeout,1,0.1,28,12,18,2,True,0,1
679.7,upi,high_risk_fraud,1,0.7,2,9,2,4,False,1,0
2186.9,subscription_mandate,insufficient_funds,1,1.6,8,4,1,1,False,1,0
2123.58,card,insufficient_funds,1,0.6,14,10,9,0,True,0,1
1323.63,upi,insufficient_funds,1,0.4,17,12,10,1,True,0,1
1395.24,subscription_mandate,network_timeout,1,1.0,26,10,13,3,False,1,1
553.39,upi,bank_outage,3,2.0,20,16,16,3,True,0,1
4424.48,upi,network_timeout,1,1.2,15,20,2,0,False,0,1
1524.4,upi,authentication_failed,2,1.6,8,17,5,1,False,1,1
1225.26,upi,authentication_failed,1,6.3,8,19,8,1,True,0,1
4017.53,card,high_risk_fraud,3,6.4,16,14,14,5,True,0,0
980.67,upi,card_expired,1,2.8,8,6,6,0,True,0,1
3020.03,card,high_risk_fraud,1,1.1,19,9,11,1,True,0,0
641.94,upi,bank_outage,1,1.9,10,20,10,0,False,0,1
3798.34,card,insufficient_funds,1,3.9,19,21,3,1,False,0,1
1874.43,card,card_expired,1,0.3,6,19,1,0,False,1,1
5225.84,card,network_timeout,1,2.4,30,19,9,0,False,0,1
847.62,card,insufficient_funds,1,13.9,18,14,9,3,True,0,1
2963.86,card,insufficient_funds,3,0.2,5,17,2,0,False,1,1
3764.07,card,insufficient_funds,1,0.3,5,18,2,0,False,0,1
2952.48,card,card_expired,3,6.6,16,10,10,1,True,0,0
6228.18,card,insufficient_funds,1,1.3,3,10,22,0,False,0,1
1643.96,netbanking,insufficient_funds,1,2.0,1,17,23,2,True,0,1
3683.24,card,card_expired,1,0.1,21,13,19,2,False,0,0
1862.2,card,card_expired,1,9.0,9,20,5,1,True,0,1
1967.6,netbanking,insufficient_funds,2,0.5,20,21,3,1,False,0,0
3581.49,upi,authentication_failed,1,4.0,26,8,15,0,True,0,1
3178.36,card,insufficient_funds,1,0.2,10,5,4,0,True,0,1
4809.86,subscription_mandate,bank_outage,1,3.1,30,17,2,1,False,1,1
812.12,card,insufficient_funds,2,4.3,2,18,14,1,True,0,1
1439.22,upi,network_timeout,1,1.6,2,13,0,1,False,0,1
2545.0,card,insufficient_funds,1,4.0,10,0,4,1,True,1,1
1275.51,card,card_expired,2,2.4,9,13,7,1,False,0,0
2173.14,card,card_expired,1,0.9,14,9,8,1,True,1,1
1532.01,card,insufficient_funds,3,1.9,31,8,3,3,False,0,0
2753.24,card,card_expired,1,1.6,28,14,7,0,True,0,0
1496.86,upi,bank_outage,3,0.1,22,16,4,2,True,0,1
3476.65,card,insufficient_funds,1,5.5,13,20,0,0,False,0,1
13033.25,subscription_mandate,card_expired,1,1.4,31,20,2,3,False,1,1
2097.15,card,bank_outage,2,3.6,5,15,7,1,True,1,1
1790.31,netbanking,high_risk_fraud,3,1.8,29,8,4,1,True,0,0
1797.52,subscription_mandate,bank_outage,1,0.9,22,16,13,0,False,1,1
2556.85,upi,insufficient_funds,1,2.6,2,12,15,1,True,1,1
2041.29,card,bank_outage,3,6.3,22,13,9,1,True,0,1
2078.8,netbanking,insufficient_funds,1,2.0,22,11,4,0,False,1,1
1863.06,card,card_expired,2,4.9,5,22,9,1,False,0,1
2870.34,upi,bank_outage,3,0.8,4,10,4,3,False,0,1
2286.06,card,card_expired,1,1.0,16,11,14,0,True,0,1
1160.81,card,insufficient_funds,1,0.9,22,12,8,0,False,0,1
2917.89,card,insufficient_funds,2,0.5,28,10,11,0,True,0,1
2896.39,upi,bank_outage,3,9.5,19,14,7,1,False,0,0
1220.21,subscription_mandate,insufficient_funds,2,2.3,21,22,7,0,False,1,1
3590.88,netbanking,insufficient_funds,1,6.0,15,6,13,2,True,0,0
950.47,upi,insufficient_funds,2,2.8,22,13,11,2,True,0,1
1827.74,upi,bank_outage,1,0.3,6,21,2,0,False,0,1
2691.6,card,card_expired,1,1.0,11,18,0,0,False,0,1
1525.03,upi,card_expired,1,4.1,11,5,6,0,True,0,0
2441.07,upi,insufficient_funds,1,3.2,18,8,7,0,True,0,1
1324.53,card,authentication_failed,1,0.5,28,15,19,1,False,1,1
1619.45,upi,authentication_failed,3,2.0,2,20,7,2,True,0,1
779.28,upi,insufficient_funds,1,6.2,14,10,0,1,False,0,1
3886.41,card,high_risk_fraud,1,0.5,20,11,6,0,True,1,0
9597.43,upi,insufficient_funds,1,0.5,22,16,14,1,True,0,1
2633.92,card,bank_outage,1,0.0,14,10,7,1,True,0,1
880.36,upi,insufficient_funds,1,2.3,21,9,2,0,False,0,0
3542.24,card,bank_outage,2,4.0,19,16,14,0,True,1,1
2889.16,card,bank_outage,1,1.1,26,18,7,0,True,0,1
2965.38,upi,bank_outage,2,4.0,22,16,1,0,False,0,1
1887.83,card,insufficient_funds,2,11.3,9,12,6,0,True,0,1
5392.74,upi,insufficient_funds,3,0.4,4,16,7,1,True,0,1
560.88,subscription_mandate,network_timeout,2,8.4,14,22,0,1,False,1,1
641.27,card,insufficient_funds,2,0.3,8,17,8,2,False,1,1
10225.68,subscription_mandate,insufficient_funds,1,2.1,5,13,6,1,False,1,1
3705.31,upi,authentication_failed,1,0.9,13,16,13,0,True,0,1
1155.02,card,card_expired,1,1.7,8,12,29,1,False,0,0
1045.81,card,high_risk_fraud,2,1.8,11,10,3,0,False,1,0
3630.44,card,card_expired,1,4.3,18,19,14,1,True,0,0
2367.39,card,card_expired,2,2.0,17,11,7,0,False,0,1
1767.23,card,insufficient_funds,4,0.3,8,14,8,0,True,1,1
1529.47,card,card_expired,1,1.0,17,8,8,1,True,1,1
795.6,card,authentication_failed,1,0.2,18,9,5,0,True,0,0
4303.08,card,insufficient_funds,3,0.5,20,15,8,1,False,0,1
904.2,card,authentication_failed,1,0.9,15,13,15,2,False,0,1
2223.5,card,authentication_failed,1,0.1,15,22,3,2,False,0,1
2969.11,card,card_expired,1,4.7,23,8,5,1,True,0,1
278.13,card,insufficient_funds,2,3.0,26,19,12,0,False,0,1
2567.12,upi,insufficient_funds,1,0.3,7,13,5,0,False,0,1
2720.51,card,insufficient_funds,1,2.2,16,20,7,2,False,0,0
2187.55,card,high_risk_fraud,1,2.4,28,11,3,0,False,0,0
2024.05,card,bank_outage,1,4.1,26,11,17,1,True,0,1
2740.69,upi,authentication_failed,2,14.0,1,11,6,1,True,0,1
1227.61,upi,network_timeout,1,1.4,30,20,1,2,False,0,1
4194.13,card,insufficient_funds,1,3.9,9,16,3,0,False,0,0
774.55,netbanking,insufficient_funds,1,0.5,27,9,10,0,True,0,1
6178.05,card,insufficient_funds,4,0.1,19,16,13,2,False,1,0
763.23,upi,network_timeout,1,2.9,27,8,4,1,True,0,1
4013.73,card,insufficient_funds,1,3.7,25,20,1,0,False,0,1
685.89,card,insufficient_funds,2,6.2,4,13,12,3,True,0,1
3319.98,card,bank_outage,1,2.7,14,10,2,0,False,0,1
455.27,card,insufficient_funds,1,1.9,19,17,3,2,False,0,0
3104.39,subscription_mandate,network_timeout,1,0.0,28,10,14,1,True,1,1
4265.92,card,high_risk_fraud,3,0.7,22,15,6,1,True,1,0
3396.63,card,insufficient_funds,1,0.3,28,17,7,0,True,0,1
9440.41,upi,bank_outage,1,0.2,2,18,18,0,False,0,1
20954.94,upi,insufficient_funds,1,1.8,28,15,1,1,False,0,1
9022.27,subscription_mandate,insufficient_funds,1,1.3,17,17,4,1,True,1,1
738.37,subscription_mandate,bank_outage,1,1.2,17,22,6,1,False,1,1
1498.99,card,bank_outage,1,5.5,6,14,25,1,True,0,1
1630.17,card,insufficient_funds,2,1.7,16,5,11,2,False,0,1
1249.64,card,insufficient_funds,1,0.7,6,21,12,3,False,0,1
4130.84,netbanking,bank_outage,1,0.7,23,9,3,1,False,0,1
967.17,subscription_mandate,network_timeout,1,2.0,5,17,10,0,True,1,1
1485.88,card,insufficient_funds,1,0.2,14,14,14,0,False,0,1
1389.03,upi,bank_outage,1,14.0,4,0,7,0,True,0,1
4278.45,upi,bank_outage,5,0.7,11,11,2,0,False,0,1
2131.62,subscription_mandate,network_timeout,1,1.0,24,21,8,2,True,1,1
1708.56,subscription_mandate,authentication_failed,1,2.5,7,11,15,2,True,1,1
761.93,upi,network_timeout,1,1.8,10,8,0,1,False,0,0
2816.51,card,high_risk_fraud,1,2.5,31,16,13,1,False,1,0
1183.51,upi,card_expired,1,2.9,21,8,3,0,False,0,1
10421.05,card,insufficient_funds,2,0.6,1,14,4,0,True,1,1
2046.45,subscription_mandate,bank_outage,1,2.3,29,20,6,1,False,1,1
3974.12,subscription_mandate,network_timeout,3,3.6,18,13,4,1,False,1,1
4907.7,card,bank_outage,1,0.9,9,20,9,0,False,1,1
538.97,card,insufficient_funds,1,1.0,31,11,13,0,True,0,1
5937.57,upi,high_risk_fraud,1,0.2,4,16,8,0,True,1,0
1480.87,upi,bank_outage,2,0.0,6,16,8,3,True,1,1
4209.55,upi,high_risk_fraud,1,7.1,22,11,5,1,False,1,0
841.24,upi,insufficient_funds,1,1.3,26,8,2,1,False,0,1
720.68,card,network_timeout,1,0.4,24,9,16,1,True,1,1
6823.76,upi,high_risk_fraud,2,3.6,25,12,0,0,False,0,0
826.93,netbanking,authentication_failed,1,0.4,5,15,4,0,True,0,1
2608.28,card,network_timeout,1,0.6,15,20,9,2,False,0,1
2758.92,card,network_timeout,1,0.0,18,10,6,1,False,0,1
1646.24,upi,card_expired,1,8.0,1,12,8,0,False,0,0
1260.48,upi,insufficient_funds,2,0.1,12,3,4,1,False,0,0
1367.57,netbanking,insufficient_funds,4,4.0,24,17,9,0,True,1,0
1686.22,card,insufficient_funds,2,2.8,9,19,6,0,True,0,1
9250.94,card,insufficient_funds,4,4.4,19,9,6,0,False,1,0
6284.7,upi,network_timeout,4,4.8,3,7,7,1,True,0,1
6658.89,upi,insufficient_funds,1,0.9,28,12,2,0,False,0,1
1615.69,upi,authentication_failed,1,7.7,27,15,24,2,False,0,1
373.52,upi,insufficient_funds,1,3.8,22,12,1,3,False,0,1
1742.8,card,insufficient_funds,1,1.9,24,17,3,0,False,0,1
809.77,card,network_timeout,1,2.0,15,12,1,2,False,1,1
473.42,upi,insufficient_funds,2,0.5,12,11,2,2,False,1,0
2801.78,upi,insufficient_funds,1,0.0,18,13,6,1,False,1,1
5287.18,card,bank_outage,3,4.0,10,16,1,1,False,1,1
383.77,upi,insufficient_funds,1,5.7,9,18,2,0,False,0,1
5534.3,upi,card_expired,2,3.0,8,11,1,1,False,0,1
606.45,upi,bank_outage,3,1.4,9,14,3,0,False,0,0
5621.23,card,card_expired,3,0.5,31,21,6,1,False,0,1
1132.66,card,network_timeout,1,0.5,20,15,7,1,True,0,1
1884.67,upi,insufficient_funds,1,0.6,9,18,2,1,False,1,1
5280.47,card,authentication_failed,2,0.6,9,16,16,2,False,1,1
2676.34,card,high_risk_fraud,1,1.5,30,16,3,0,False,1,0
1731.25,card,bank_outage,2,0.1,19,14,1,2,False,0,1
1288.4,card,network_timeout,1,4.2,5,16,5,2,False,1,1
2487.48,netbanking,authentication_failed,2,0.5,19,16,0,0,False,0,1
2298.92,upi,card_expired,1,5.7,18,3,5,0,True,0,1
5249.64,upi,insufficient_funds,1,0.1,19,7,2,1,False,1,0
2435.26,upi,network_timeout,1,2.3,14,17,5,1,True,0,1
3650.91,card,card_expired,2,3.7,18,11,7,2,True,1,0
2474.18,upi,insufficient_funds,3,1.1,8,9,6,2,False,0,0
3036.85,card,card_expired,1,0.5,16,14,5,2,True,0,0
1238.96,subscription_mandate,network_timeout,1,7.0,10,15,7,2,True,1,1
4412.14,card,insufficient_funds,1,2.0,20,9,4,2,True,0,1
6025.1,card,insufficient_funds,2,1.5,14,10,10,1,True,0,1
2138.51,card,network_timeout,1,4.2,2,12,9,0,True,0,1
1338.56,upi,network_timeout,1,4.5,11,0,7,1,False,1,1
3258.44,upi,insufficient_funds,1,5.2,8,7,5,0,False,0,0
4415.04,card,insufficient_funds,2,1.0,2,13,7,1,False,1,1
1962.77,card,card_expired,1,0.1,1,13,2,0,False,1,0
2669.81,upi,bank_outage,1,1.9,27,18,10,1,True,0,0
4836.4,card,insufficient_funds,1,2.8,20,15,2,1,False,0,1
1898.14,card,bank_outage,3,3.5,28,18,12,1,True,0,1
434.65,subscription_mandate,network_timeout,1,6.1,4,12,8,1,True,1,1
578.21,upi,card_expired,1,1.8,27,21,16,0,False,1,1
2399.99,upi,insufficient_funds,2,5.0,31,8,5,0,False,0,1
4735.55,subscription_mandate,card_expired,1,2.5,11,16,6,0,True,1,1
4412.75,card,insufficient_funds,4,1.9,6,19,14,1,True,1,0
2675.83,card,high_risk_fraud,2,5.0,26,16,2,0,False,0,1
289.16,card,high_risk_fraud,1,1.6,16,12,12,1,False,0,0
1109.56,card,card_expired,1,1.4,5,13,14,0,True,0,1
664.34,card,insufficient_funds,1,3.5,12,12,9,0,True,0,1
965.05,upi,bank_outage,1,5.3,22,8,15,0,False,0,1
945.23,upi,insufficient_funds,2,0.1,4,13,2,0,False,1,1
4154.94,upi,bank_outage,1,0.9,2,9,11,1,True,1,1
1972.04,netbanking,bank_outage,3,5.2,9,18,6,0,True,0,1
1387.88,upi,card_expired,4,0.4,14,14,18,2,True,0,0
2655.03,upi,card_expired,1,2.9,3,10,10,1,False,0,0
1278.87,subscription_mandate,bank_outage,1,10.6,4,19,6,0,True,1,1
6168.2,upi,card_expired,2,3.2,9,12,5,1,False,1,0
2224.56,card,authentication_failed,1,3.3,10,13,5,0,False,0,1
6176.11,upi,bank_outage,3,1.3,9,10,3,1,False,1,1
767.35,netbanking,bank_outage,1,0.8,17,11,9,0,False,0,1
2333.78,upi,card_expired,1,1.7,4,16,5,0,False,0,1
9037.35,card,network_timeout,1,3.3,23,11,9,0,True,0,1
1011.38,upi,card_expired,1,1.7,11,0,23,0,False,0,1
3544.06,card,network_timeout,2,2.5,4,17,6,0,True,0,1
383.21,upi,insufficient_funds,1,2.8,3,13,12,1,False,0,1
8384.7,card,card_expired,4,0.8,4,9,4,0,False,1,0
3223.32,upi,bank_outage,1,3.8,10,2,5,0,False,0,1
298.77,card,insufficient_funds,1,2.2,6,8,4,1,True,0,0
876.78,upi,bank_outage,1,10.8,19,10,2,0,False,0,1
11211.53,subscription_mandate,insufficient_funds,1,0.7,28,15,4,2,False,1,1
5725.7,card,insufficient_funds,2,0.3,2,19,5,0,False,0,1
3964.85,upi,card_expired,1,2.7,30,21,7,0,True,0,0
712.92,netbanking,network_timeout,1,1.9,15,13,8,0,False,1,1
6463.55,card,card_expired,2,5.6,30,18,9,0,True,1,0
1302.88,upi,insufficient_funds,2,0.5,21,7,8,2,False,0,1
745.19,card,authentication_failed,4,3.2,22,14,13,0,True,0,0
4450.85,upi,card_expired,1,6.5,5,17,13,0,True,0,0
14388.17,subscription_mandate,network_timeout,1,2.8,3,12,6,1,True,1,1
1549.04,card,card_expired,1,1.6,15,23,3,1,False,1,1
5588.06,card,insufficient_funds,2,3.0,30,11,4,3,True,1,1
670.36,upi,bank_outage,2,0.5,9,21,9,2,True,0,1
1061.57,card,bank_outage,1,3.0,7,17,9,2,False,0,1
1410.24,upi,insufficient_funds,1,1.0,15,10,9,2,True,0,1
2400.12,upi,insufficient_funds,1,3.6,22,19,2,0,False,0,0
3209.87,upi,insufficient_funds,1,0.2,15,14,2,1,False,0,0
12928.86,subscription_mandate,card_expired,3,7.0,10,10,13,0,False,1,1
633.13,upi,card_expired,1,11.4,25,8,2,2,False,0,0
1941.28,card,insufficient_funds,1,0.2,14,16,8,0,False,1,1
464.43,netbanking,bank_outage,4,2.2,10,14,4,0,False,0,0
15115.55,subscription_mandate,bank_outage,2,3.1,26,11,3,1,False,1,1
3504.04,upi,insufficient_funds,1,0.5,10,19,7,1,True,0,1
6857.33,card,network_timeout,1,0.4,18,14,3,0,False,1,1
3690.65,card,bank_outage,1,6.2,25,9,3,0,False,1,1
4477.24,card,insufficient_funds,1,1.8,19,9,14,1,False,0,1
2154.03,upi,network_timeout,2,0.3,28,12,5,1,False,1,1
6086.26,card,bank_outage,4,1.9,4,19,10,3,False,0,0
2696.52,upi,insufficient_funds,3,1.3,10,11,3,2,False,0,0
2011.73,card,card_expired,1,5.8,4,13,8,0,True,0,1
1171.39,card,insufficient_funds,4,0.5,3,16,1,1,False,1,0
3694.64,card,authentication_failed,1,2.7,16,16,3,2,False,0,1
8072.86,card,insufficient_funds,1,0.9,11,13,25,0,True,1,1
2227.0,upi,insufficient_funds,3,2.5,1,9,9,2,False,0,0
1790.68,netbanking,high_risk_fraud,1,7.3,17,3,11,0,False,0,0
6140.26,subscription_mandate,authentication_failed,1,8.3,27,20,3,0,False,1,1
3452.73,card,insufficient_funds,1,1.5,10,5,6,0,True,0,0
2570.48,card,insufficient_funds,2,1.6,29,9,1,0,False,0,1
2807.73,card,insufficient_funds,2,4.8,18,14,1,0,False,0,0
4813.83,card,card_expired,2,1.5,24,15,9,0,False,0,0
9886.93,card,card_expired,1,2.9,28,20,7,0,True,0,0
1598.34,upi,insufficient_funds,1,0.7,8,19,9,2,True,0,0
1896.06,card,bank_outage,2,0.8,12,22,9,1,True,1,1
2428.22,card,insufficient_funds,4,1.6,16,17,6,2,True,0,0
3427.09,upi,network_timeout,1,3.4,19,12,4,1,True,0,1
12757.97,upi,insufficient_funds,1,1.6,30,14,9,0,True,0,1
8188.57,upi,card_expired,1,4.5,2,14,13,1,True,1,1
2243.07,subscription_mandate,authentication_failed,1,0.3,11,14,4,3,False,1,0
2979.28,upi,bank_outage,4,3.1,3,8,6,1,True,0,1
2283.65,card,insufficient_funds,1,1.0,5,15,6,0,True,0,1
3214.64,upi,network_timeout,4,7.8,5,9,5,1,True,1,1
4021.63,card,card_expired,3,2.2,24,6,5,0,True,0,0
2375.63,upi,insufficient_funds,1,4.7,31,9,8,1,True,0,1
1526.53,upi,bank_outage,2,1.5,1,16,9,1,False,0,1
1440.0,card,high_risk_fraud,1,0.8,27,16,7,2,True,0,0
3993.7,card,card_expired,5,1.1,3,8,8,1,True,0,0
5460.06,card,network_timeout,2,1.5,23,15,6,0,False,1,1
814.05,card,bank_outage,2,1.5,3,11,10,0,False,0,1
1660.57,netbanking,insufficient_funds,2,2.4,3,23,1,1,False,0,1
1560.23,netbanking,insufficient_funds,2,2.5,17,18,9,0,True,0,1
2141.12,card,card_expired,2,2.0,23,10,3,1,False,0,1
2474.98,card,insufficient_funds,1,1.2,24,9,0,0,False,0,0
2363.99,upi,insufficient_funds,1,4.9,2,8,4,0,False,0,0
6971.7,card,authentication_failed,2,1.6,21,20,6,0,True,0,1
5879.17,card,authentication_failed,1,2.3,16,10,5,0,True,0,1
6787.81,subscription_mandate,card_expired,4,0.9,14,16,2,0,False,1,1
2634.58,card,insufficient_funds,3,4.2,12,16,6,1,False,0,0
365.52,upi,insufficient_funds,1,0.2,31,10,16,0,True,0,1
2953.12,card,card_expired,1,4.8,20,21,18,3,False,0,0
3991.89,upi,insufficient_funds,1,2.1,7,16,10,1,True,0,1
5023.28,card,card_expired,2,2.0,8,10,3,3,False,0,0
547.74,card,network_timeout,1,2.9,17,18,7,1,True,0,1
3637.67,card,card_expired,1,4.0,22,11,4,0,True,0,1
1205.51,card,card_expired,1,4.5,17,16,3,0,False,0,0
301.43,subscription_mandate,authentication_failed,4,2.2,22,13,7,0,True,1,0
7617.53,card,bank_outage,1,10.7,10,14,5,0,False,0,1
1033.9,upi,card_expired,2,0.0,29,10,1,2,False,0,0
2273.46,card,authentication_failed,5,0.8,14,8,21,0,False,1,1
1154.25,card,insufficient_funds,1,4.4,25,6,1,1,False,0,1
1432.76,card,authentication_failed,2,1.4,27,15,10,2,True,0,1
6773.84,card,insufficient_funds,1,0.0,29,9,2,2,False,0,1
1718.17,card,insufficient_funds,3,1.0,3,12,2,2,False,0,1
13831.97,card,network_timeout,2,0.5,13,12,4,1,True,0,1
2755.62,card,authentication_failed,2,3.8,2,12,6,1,False,0,1
981.56,upi,card_expired,1,1.1,6,20,6,2,True,1,1
1197.72,card,insufficient_funds,1,2.3,10,23,13,1,True,0,1
2486.39,card,insufficient_funds,1,1.9,19,11,7,0,True,0,0
1979.09,card,insufficient_funds,3,1.7,25,5,9,0,True,0,1
878.9,card,insufficient_funds,1,2.7,2,10,5,1,True,0,1
4401.41,upi,insufficient_funds,1,0.1,2,10,1,1,False,0,1
5215.67,upi,card_expired,3,2.9,16,9,13,0,True,0,0
6962.35,subscription_mandate,insufficient_funds,1,0.0,21,11,15,0,True,1,1
5354.82,subscription_mandate,bank_outage,3,4.1,14,13,8,2,False,1,1
5124.57,upi,insufficient_funds,3,4.2,20,15,23,2,True,0,1
8584.59,upi,network_timeout,1,1.0,23,19,12,2,False,0,0
3147.87,card,card_expired,2,1.1,16,16,7,0,False,0,0
3023.93,netbanking,insufficient_funds,4,0.0,12,18,1,2,False,0,1
2148.51,card,insufficient_funds,1,7.4,23,13,9,0,True,0,1
1886.6,upi,insufficient_funds,1,3.9,21,11,12,0,False,0,0
2500.47,upi,insufficient_funds,1,0.6,6,19,9,1,True,1,1
1651.13,upi,insufficient_funds,1,5.5,29,10,10,3,False,0,1
5608.23,card,card_expired,2,0.1,11,10,10,0,False,1,1
1765.96,card,network_timeout,2,3.1,3,16,4,0,False,1,1
5449.86,subscription_mandate,network_timeout,1,3.7,6,6,2,0,False,1,1
948.47,card,bank_outage,1,0.2,12,18,10,2,True,0,1
1532.41,netbanking,bank_outage,5,1.8,13,12,8,0,True,0,1
3438.5,upi,card_expired,2,7.8,12,18,22,0,False,1,1
18574.56,upi,bank_outage,2,7.6,18,18,1,0,False,0,1
7657.57,upi,insufficient_funds,1,10.1,6,19,1,3,False,0,0
2799.97,netbanking,bank_outage,3,0.1,11,12,4,1,True,1,1
119877.86,netbanking,insufficient_funds,2,1.8,31,18,1,0,False,1,1
994.75,subscription_mandate,authentication_failed,1,1.5,9,14,8,0,True,1,1
4286.36,card,network_timeout,2,5.5,15,16,2,0,False,0,1
14430.64,upi,insufficient_funds,4,3.0,31,21,7,0,False,0,0
914.11,card,card_expired,1,3.7,12,6,8,0,False,1,0
2133.84,netbanking,card_expired,4,0.6,3,11,25,0,True,0,1
1645.37,card,authentication_failed,1,1.9,4,12,6,2,True,1,0
1239.96,card,bank_outage,4,2.1,15,11,9,2,False,0,1
411.74,upi,network_timeout,1,0.1,23,1,11,1,False,0,1
9314.25,upi,insufficient_funds,2,1.3,16,14,11,1,True,1,0
1217.26,card,insufficient_funds,2,2.0,8,13,0,2,False,0,1
9526.74,card,authentication_failed,1,1.6,6,0,2,0,False,0,1
6790.33,upi,network_timeout,3,0.1,10,16,9,0,True,1,1
9338.8,card,insufficient_funds,1,1.5,3,7,0,1,False,0,1
3674.7,upi,bank_outage,2,2.2,25,16,3,1,False,0,1
2435.02,upi,network_timeout,3,2.3,15,20,4,1,True,1,1
885.61,card,insufficient_funds,1,0.3,28,11,5,0,True,0,1
658.23,upi,insufficient_funds,1,4.2,25,11,7,1,True,1,1
3094.69,upi,bank_outage,5,3.3,10,18,3,1,False,0,0
2441.41,upi,bank_outage,1,2.0,7,12,15,0,True,0,1
1404.61,subscription_mandate,card_expired,2,2.3,19,21,1,1,False,1,0
1864.76,card,insufficient_funds,1,0.3,29,10,10,1,True,0,1
1513.3,upi,network_timeout,3,4.5,7,13,5,1,True,0,1
7472.67,upi,card_expired,1,4.1,30,17,0,0,False,0,1
3790.21,card,bank_outage,2,7.8,25,8,3,2,False,0,0
1525.21,card,bank_outage,1,0.9,10,9,3,3,False,0,1
3348.82,card,high_risk_fraud,1,12.1,13,7,12,2,True,1,0
929.38,card,authentication_failed,3,0.9,5,11,10,1,False,0,0
12369.67,upi,network_timeout,3,0.4,5,18,6,1,False,1,1
1381.87,upi,card_expired,2,0.5,4,9,5,0,True,0,0
128.29,upi,card_expired,3,0.1,26,12,1,0,False,0,0
481.25,subscription_mandate,insufficient_funds,2,1.7,3,12,4,1,False,1,1
5662.85,netbanking,card_expired,2,2.1,16,8,21,0,True,0,1
1267.85,card,insufficient_funds,1,1.0,15,13,10,1,True,0,1
9064.14,subscription_mandate,insufficient_funds,1,3.7,5,12,4,0,False,1,1
7350.45,subscription_mandate,insufficient_funds,2,3.1,31,20,0,1,False,1,0
2745.07,upi,card_expired,2,3.7,11,13,3,0,False,1,0
2015.4,card,bank_outage,4,7.1,2,14,5,1,True,0,1
1633.3,card,insufficient_funds,1,2.2,18,2,7,1,False,1,1
659.8,card,bank_outage,1,0.5,18,19,6,0,True,0,1
708.47,card,insufficient_funds,1,0.7,1,2,4,2,False,1,0
2928.68,upi,insufficient_funds,1,0.6,9,17,15,0,True,0,0
1987.07,card,high_risk_fraud,1,1.0,6,13,7,2,False,0,0
2369.29,card,high_risk_fraud,2,1.6,10,13,6,0,True,1,0
6213.33,upi,card_expired,1,6.2,13,8,9,3,False,0,1
4597.89,card,card_expired,1,2.2,3,20,1,1,False,0,0
4973.5,upi,card_expired,1,4.7,27,10,9,1,False,0,0
1889.2,card,insufficient_funds,1,0.7,8,6,7,0,True,0,1
1178.15,netbanking,insufficient_funds,3,6.4,26,9,3,0,False,0,0
11270.24,upi,insufficient_funds,2,4.4,10,6,5,2,True,1,1
2370.18,card,card_expired,1,1.9,12,8,7,1,True,0,1
1908.21,upi,insufficient_funds,1,0.8,14,22,9,3,True,0,1
2118.31,upi,network_timeout,3,0.9,24,22,7,2,False,0,1
12035.84,upi,card_expired,1,4.0,19,13,16,0,False,1,1
1327.32,upi,card_expired,1,8.5,13,6,10,0,True,0,0
1469.12,upi,network_timeout,1,1.4,26,8,8,0,True,0,1
2320.45,card,insufficient_funds,1,0.8,28,16,4,0,True,0,1
2135.76,card,high_risk_fraud,2,0.1,19,20,6,0,True,0,0
2410.69,card,insufficient_funds,2,3.5,6,17,12,0,False,0,1
2081.05,card,card_expired,2,0.6,18,14,2,0,False,0,1
4230.69,card,card_expired,2,0.3,7,13,4,0,True,0,0
1403.06,upi,bank_outage,3,6.5,10,2,9,1,False,0,1
1602.83,card,card_expired,1,0.0,1,8,5,0,True,0,1
3730.94,card,authentication_failed,1,1.4,24,17,8,1,True,1,1
13895.1,upi,insufficient_funds,3,4.2,9,10,2,1,False,0,1
1869.9,card,insufficient_funds,3,8.0,21,17,17,0,True,1,0
1614.04,upi,bank_outage,1,2.1,8,11,2,1,False,0,1
4733.88,card,insufficient_funds,2,0.9,1,18,8,0,False,0,1
997.3,netbanking,insufficient_funds,1,3.5,26,17,10,1,True,0,1
4277.88,card,card_expired,1,1.2,11,14,2,2,False,0,0
746.15,card,bank_outage,1,1.0,22,9,9,0,False,1,1
2297.91,card,insufficient_funds,2,3.8,11,10,14,0,False,0,1
3541.42,card,insufficient_funds,2,4.5,5,15,10,1,False,0,1
2689.7,upi,high_risk_fraud,1,0.7,27,14,0,3,False,0,0
2232.4,upi,authentication_failed,2,4.8,7,15,3,0,False,0,1
547.56,card,bank_outage,1,1.0,30,23,4,3,False,1,1
911.61,netbanking,card_expired,1,10.1,6,19,10,1,True,0,1
4001.39,card,insufficient_funds,1,1.6,2,10,4,0,False,0,1
1927.37,card,insufficient_funds,2,2.5,25,14,2,0,False,0,0
3541.43,upi,insufficient_funds,1,2.6,5,8,4,2,True,1,1
1421.49,upi,card_expired,1,0.2,1,18,4,3,False,1,1
5938.05,upi,network_timeout,2,0.4,22,12,21,0,True,0,1
344.56,upi,insufficient_funds,2,0.1,13,21,9,0,True,0,1
7067.67,upi,insufficient_funds,1,1.0,25,13,5,1,True,0,1
4000.52,upi,insufficient_funds,3,5.8,18,12,3,1,False,0,1
825.74,upi,authentication_failed,1,0.4,28,18,6,1,True,0,1
1628.28,card,insufficient_funds,2,3.8,1,15,9,0,True,0,1
816.02,upi,network_timeout,1,0.8,22,18,7,0,True,0,1
1170.39,subscription_mandate,card_expired,1,3.9,4,19,6,0,False,1,1
7427.58,card,network_timeout,1,0.9,19,19,8,1,True,1,1
10652.98,subscription_mandate,bank_outage,1,3.3,26,13,14,1,True,1,1
5121.49,card,insufficient_funds,2,2.5,30,19,17,0,True,1,1
2775.72,netbanking,insufficient_funds,5,4.2,20,15,14,1,True,0,0
28631.96,card,bank_outage,1,1.2,12,15,5,0,True,0,1
3941.66,card,authentication_failed,1,2.6,22,10,1,0,False,0,1
779.74,upi,network_timeout,4,0.1,10,12,9,0,True,0,1
1138.87,card,insufficient_funds,1,4.6,12,14,2,1,False,0,1
2490.08,upi,insufficient_funds,2,14.0,14,12,6,3,False,0,0
2892.33,card,insufficient_funds,1,8.4,29,10,2,0,False,0,0
5600.27,card,bank_outage,1,0.0,21,12,2,1,False,0,1
1414.07,subscription_mandate,network_timeout,1,0.4,3,7,10,1,False,1,1
842.27,upi,bank_outage,1,1.1,8,20,17,3,True,0,1
4360.17,subscription_mandate,network_timeout,1,1.8,21,9,17,2,True,1,1
2593.93,card,network_timeout,1,1.7,25,11,5,0,False,0,1
936.43,subscription_mandate,network_timeout,1,3.9,25,8,10,1,True,1,1
1022.52,netbanking,authentication_failed,2,0.7,21,13,7,1,False,0,1
1536.92,upi,network_timeout,2,4.5,29,9,5,1,True,0,1
2931.96,card,card_expired,1,1.5,24,21,13,0,True,0,0
3169.19,upi,card_expired,1,0.3,6,9,2,0,False,0,0
555.16,card,high_risk_fraud,1,6.2,11,14,3,0,False,0,0
3156.78,card,network_timeout,1,2.9,19,10,9,0,True,0,1
838.05,netbanking,bank_outage,1,0.8,31,8,4,0,False,0,1
3800.95,subscription_mandate,insufficient_funds,3,4.0,1,6,3,1,False,1,0
1830.74,card,network_timeout,2,0.5,26,9,15,3,False,1,1
748.53,card,insufficient_funds,1,2.4,6,15,10,2,False,0,1
14017.35,card,network_timeout,1,0.8,30,12,6,0,True,1,1
6062.04,card,card_expired,1,3.4,20,14,9,0,False,0,1
1840.04,upi,bank_outage,1,1.5,13,22,4,1,True,1,0
3925.31,card,insufficient_funds,3,4.6,15,15,0,1,False,1,1
2761.82,subscription_mandate,card_expired,1,3.8,10,16,19,0,True,1,1
1871.1,upi,authentication_failed,1,0.4,27,12,6,0,False,0,1
5418.69,upi,card_expired,3,1.9,29,20,9,1,True,0,0
3637.07,upi,insufficient_funds,1,3.0,15,12,3,1,False,0,1
5389.26,card,card_expired,2,0.9,8,7,2,2,False,1,0
717.31,netbanking,high_risk_fraud,1,1.9,21,14,2,1,False,0,0
628.58,card,insufficient_funds,1,3.4,26,18,7,0,True,0,1
10005.93,upi,insufficient_funds,1,0.4,6,11,2,2,False,0,1
8578.74,netbanking,bank_outage,1,0.7,28,5,9,0,False,0,1
4341.77,upi,high_risk_fraud,1,3.4,8,14,8,0,False,0,0
2870.47,upi,bank_outage,2,2.5,15,2,4,1,True,0,1
1929.62,card,insufficient_funds,1,1.5,20,19,4,0,True,1,1
1409.68,card,insufficient_funds,1,0.1,6,7,10,1,True,1,1
2288.98,upi,bank_outage,1,0.4,13,10,13,0,True,1,1
2362.28,netbanking,network_timeout,1,2.2,31,19,3,1,False,0,0
8631.78,card,insufficient_funds,1,4.0,30,22,8,1,True,0,1
928.76,card,insufficient_funds,1,0.6,7,12,1,2,False,0,1
2038.72,card,authentication_failed,1,3.0,20,15,1,1,False,1,1
3323.9,upi,card_expired,1,2.2,27,12,3,0,False,1,0
12300.4,subscription_mandate,insufficient_funds,2,4.4,19,10,3,0,False,1,1
3982.39,upi,insufficient_funds,1,0.1,15,21,4,2,True,0,1
599.76,card,insufficient_funds,2,1.3,14,13,10,0,True,1,1
3985.74,upi,insufficient_funds,3,5.6,14,11,3,1,False,0,1
2771.31,upi,network_timeout,1,0.5,31,15,7,1,True,0,1
1391.08,upi,insufficient_funds,1,1.7,3,23,11,0,True,0,1
6846.88,card,bank_outage,1,2.6,7,8,3,0,False,1,1
2745.7,subscription_mandate,insufficient_funds,4,2.3,29,12,6,1,True,1,1
1891.05,upi,network_timeout,1,2.3,9,5,2,2,False,0,1
1241.62,card,insufficient_funds,4,1.7,6,17,5,0,False,0,1
1542.45,card,network_timeout,1,0.6,28,10,8,1,True,1,1
2085.35,upi,bank_outage,1,2.7,11,14,4,0,True,0,0
7621.98,upi,authentication_failed,1,4.6,15,17,8,1,False,0,1
2087.96,card,authentication_failed,2,3.2,31,4,6,1,True,0,1
1999.96,upi,card_expired,4,0.6,12,8,4,1,True,0,0
1102.01,upi,card_expired,1,2.3,8,18,2,2,False,1,0
840.47,netbanking,insufficient_funds,2,0.2,24,8,9,0,True,0,1
337.91,card,network_timeout,2,1.0,14,8,3,2,False,0,1
3435.09,upi,authentication_failed,1,5.4,22,19,1,0,False,0,1
5595.64,netbanking,insufficient_funds,3,1.8,3,2,4,0,False,0,1
1220.15,card,network_timeout,2,1.0,31,14,6,0,True,0,1
3460.01,card,card_expired,2,0.6,12,13,19,0,False,0,1
8346.2,card,insufficient_funds,2,0.0,24,14,4,0,True,1,1
1905.42,upi,insufficient_funds,1,4.4,5,15,2,2,False,1,1
511.93,upi,bank_outage,2,2.6,17,11,1,0,False,1,1
2903.28,card,card_expired,1,1.0,17,15,9,0,False,0,0
7808.91,upi,insufficient_funds,1,2.6,12,6,4,0,False,0,0
17085.09,card,bank_outage,2,2.0,30,23,15,0,False,0,1
1357.27,subscription_mandate,card_expired,2,3.3,6,9,2,0,False,1,1
6791.42,upi,bank_outage,1,0.1,7,7,6,2,False,0,1
4838.41,card,card_expired,1,1.9,23,18,8,1,False,1,0
6752.06,upi,insufficient_funds,1,0.2,9,9,2,2,False,1,1
6167.3,card,network_timeout,1,2.1,26,9,4,0,False,0,1
626.6,card,authentication_failed,1,2.5,22,1,11,0,False,0,1
2589.99,card,insufficient_funds,2,0.2,5,13,2,0,False,0,1
1170.71,card,network_timeout,1,0.6,20,20,8,0,False,0,1
1648.69,subscription_mandate,bank_outage,3,0.7,6,15,4,1,True,1,1
14927.54,card,high_risk_fraud,1,3.9,7,7,1,4,False,0,0
4146.86,card,authentication_failed,2,5.7,25,2,7,1,True,1,1
974.39,upi,insufficient_funds,1,4.4,3,11,1,0,False,0,1
2809.0,card,card_expired,2,0.9,20,12,4,1,False,0,0
468.01,netbanking,network_timeout,1,0.4,12,11,9,3,True,0,1
2073.48,card,bank_outage,1,2.1,19,17,7,1,True,1,1
1917.97,card,network_timeout,2,0.5,14,11,1,1,False,1,1
4000.75,upi,insufficient_funds,1,0.7,24,18,8,0,True,0,1
5769.62,upi,card_expired,2,1.1,15,17,12,2,False,0,0
19471.7,upi,card_expired,3,0.1,30,18,4,2,True,0,0
1407.82,card,card_expired,1,1.1,12,20,3,2,False,0,1
11586.91,upi,card_expired,4,0.0,6,10,5,0,True,1,0
3142.87,card,card_expired,3,1.1,10,2,8,0,True,0,1
5588.9,card,insufficient_funds,1,4.6,5,11,6,0,True,1,1
843.26,upi,insufficient_funds,1,0.2,4,16,0,1,False,0,1
271.86,subscription_mandate,insufficient_funds,5,2.7,22,21,3,1,False,1,0
657.36,upi,card_expired,5,1.8,22,18,5,1,True,1,0
2209.03,upi,bank_outage,3,5.3,19,12,9,1,True,1,1
2453.06,card,network_timeout,1,0.4,20,10,12,2,False,0,1
574.11,upi,network_timeout,1,0.7,3,10,4,0,False,1,1
2761.62,upi,bank_outage,1,3.9,28,19,6,2,True,0,1
2600.36,subscription_mandate,card_expired,1,5.9,26,9,4,1,False,1,1
1409.92,netbanking,insufficient_funds,1,1.5,1,10,17,1,True,0,1
896.27,subscription_mandate,card_expired,2,1.6,10,15,11,0,True,1,1
924.97,upi,card_expired,1,2.0,18,19,3,0,False,0,1
2610.33,upi,network_timeout,4,1.8,21,12,2,1,False,0,0
9866.59,subscription_mandate,network_timeout,2,0.2,20,11,5,0,True,1,1
1036.47,card,high_risk_fraud,1,0.8,3,15,7,0,True,0,0
5077.13,card,bank_outage,1,4.0,1,5,6,1,True,1,1
2558.89,card,authentication_failed,1,2.1,31,7,17,2,True,0,1
1420.22,subscription_mandate,insufficient_funds,1,4.7,4,13,12,0,True,1,1
1164.67,card,bank_outage,2,3.2,1,19,3,1,False,0,1
2098.8,upi,authentication_failed,1,4.2,23,13,3,0,False,0,1
1634.85,subscription_mandate,insufficient_funds,1,3.0,29,13,6,0,True,1,1
1740.45,subscription_mandate,high_risk_fraud,1,2.6,18,11,14,0,True,1,1
3998.77,upi,card_expired,2,0.6,18,12,10,1,False,0,0
953.46,subscription_mandate,bank_outage,4,6.4,26,13,4,1,False,1,0
1825.82,upi,high_risk_fraud,3,2.8,23,13,17,1,False,0,0
430.25,upi,insufficient_funds,1,6.3,6,11,1,1,False,0,1
400.47,upi,card_expired,1,1.3,8,3,7,0,True,0,1
2942.25,card,insufficient_funds,3,7.0,19,14,9,1,True,0,0
9695.37,card,network_timeout,2,0.9,4,15,7,2,True,0,1
4160.11,card,card_expired,1,1.6,2,15,4,0,False,0,0
840.79,card,bank_outage,1,1.1,27,5,1,2,False,0,1
331.62,upi,bank_outage,2,4.2,30,12,5,0,False,1,1
2454.1,upi,authentication_failed,2,0.1,15,23,3,4,False,0,1
2051.99,card,network_timeout,1,0.9,4,18,8,1,True,1,1
2738.61,netbanking,bank_outage,1,0.8,8,11,5,0,False,0,1
5659.53,card,authentication_failed,1,1.2,23,11,3,0,False,0,0
959.87,card,high_risk_fraud,1,1.9,22,16,4,0,False,1,0
3521.57,upi,bank_outage,2,2.0,24,20,12,0,True,1,1
790.93,upi,card_expired,1,3.5,20,15,1,2,False,0,1
699.2,card,insufficient_funds,1,2.0,14,8,15,2,True,0,1
3881.7,subscription_mandate,network_timeout,1,2.7,16,21,3,0,False,1,1
2188.35,upi,card_expired,2,0.4,13,9,7,1,False,1,1
4371.48,upi,authentication_failed,2,2.8,19,10,5,1,True,0,1
6763.61,upi,card_expired,1,1.7,25,10,10,0,True,0,0
1515.64,card,card_expired,1,5.9,25,13,5,1,True,1,1
1245.18,card,network_timeout,2,0.2,17,18,6,1,True,0,1
420.98,upi,insufficient_funds,1,0.3,2,19,23,1,False,1,0
2743.18,upi,card_expired,1,3.4,23,12,16,2,True,0,1
9802.66,card,insufficient_funds,1,2.3,11,9,0,1,False,0,1
2111.98,upi,insufficient_funds,2,1.1,11,10,8,0,True,1,1
642.09,card,network_timeout,1,1.9,10,16,1,2,False,1,1
988.46,netbanking,bank_outage,3,3.4,19,8,3,0,False,0,1
1681.59,card,card_expired,1,4.8,25,12,6,2,True,0,0
9777.03,netbanking,card_expired,2,7.2,16,14,14,1,False,0,1
884.64,upi,network_timeout,1,1.8,2,21,4,0,True,0,1
8261.66,card,insufficient_funds,1,0.8,29,18,4,0,False,0,1
3853.37,card,insufficient_funds,1,7.3,19,17,3,3,False,0,0
1411.64,upi,insufficient_funds,2,6.3,10,15,8,0,True,1,1
5226.3,subscription_mandate,insufficient_funds,2,1.7,1,12,3,0,False,1,1
3702.39,subscription_mandate,card_expired,3,2.7,17,21,3,0,False,1,0
6610.14,card,network_timeout,2,2.5,30,12,4,0,True,0,1
5573.0,upi,authentication_failed,2,0.5,18,17,3,1,False,1,1
17589.39,subscription_mandate,insufficient_funds,3,0.1,25,11,3,0,False,1,0
2461.03,card,authentication_failed,1,0.3,4,19,2,2,False,0,1
1613.36,upi,bank_outage,1,1.5,29,16,22,1,False,1,0
1569.64,upi,insufficient_funds,3,1.4,9,22,2,1,False,0,1
742.75,subscription_mandate,insufficient_funds,5,1.6,11,18,4,0,True,1,0
2685.35,netbanking,insufficient_funds,1,1.4,22,15,4,1,True,0,1
422.3,netbanking,high_risk_fraud,1,0.7,26,15,7,0,True,1,0
1178.2,card,network_timeout,3,0.9,7,18,9,1,True,0,1
686.16,card,card_expired,2,2.2,6,9,7,0,True,0,0
1044.85,card,authentication_failed,3,1.4,7,15,13,1,True,1,0
3809.82,card,bank_outage,2,1.9,13,9,5,2,True,0,1
1486.76,card,insufficient_funds,1,5.9,9,18,9,3,False,0,1
2315.58,upi,insufficient_funds,2,1.0,3,11,4,0,False,0,1
4574.24,subscription_mandate,network_timeout,1,1.8,3,10,11,1,True,1,1
1125.59,upi,insufficient_funds,2,0.0,16,6,7,0,True,0,1
1392.71,upi,network_timeout,1,2.0,6,19,3,1,False,0,1
2319.12,card,card_expired,1,0.7,4,15,8,0,False,0,0
6240.62,netbanking,network_timeout,1,0.3,20,17,5,2,True,1,1
2797.92,card,insufficient_funds,2,2.4,13,18,8,1,False,1,1
634.65,card,insufficient_funds,3,1.4,23,19,11,0,False,1,0
15575.13,card,card_expired,1,0.9,28,5,15,1,True,0,1
1063.96,subscription_mandate,card_expired,1,1.9,2,20,5,1,True,1,1
911.83,upi,bank_outage,2,0.4,18,11,11,0,True,0,1
5464.79,netbanking,authentication_failed,1,0.6,17,15,3,0,False,0,1
734.5,card,network_timeout,2,0.7,4,18,8,4,False,1,1
2497.13,card,insufficient_funds,1,1.9,13,15,4,1,True,0,1
3736.82,card,card_expired,1,0.1,10,14,6,1,False,0,1
2372.26,netbanking,insufficient_funds,1,1.6,30,21,7,1,True,0,1
1243.26,upi,insufficient_funds,3,4.5,31,17,3,1,False,0,1
2897.93,card,card_expired,2,5.9,6,18,17,1,False,0,1
6412.07,card,network_timeout,1,1.9,1,17,5,1,False,1,1
2624.72,upi,authentication_failed,1,1.0,2,17,2,1,False,0,1
5260.76,upi,authentication_failed,2,3.5,12,10,12,3,True,1,1
855.22,upi,insufficient_funds,2,2.4,23,16,5,0,False,0,0
3100.99,upi,insufficient_funds,1,0.9,14,19,1,0,False,0,1
3047.03,card,authentication_failed,1,0.1,5,15,3,1,False,0,1
2545.73,card,insufficient_funds,2,0.7,26,14,4,1,True,0,1
3722.19,upi,insufficient_funds,2,1.4,5,10,8,0,False,0,1
5907.09,upi,card_expired,1,0.4,20,15,13,1,True,0,0
5245.78,upi,network_timeout,3,2.5,10,10,14,1,True,1,1
1253.2,netbanking,bank_outage,1,0.5,24,18,7,1,True,0,1
4866.77,subscription_mandate,card_expired,5,2.0,8,12,10,3,True,1,0
5158.15,card,network_timeout,3,0.7,15,12,3,0,False,0,1
6488.87,upi,network_timeout,2,3.8,7,22,12,3,False,0,1
1665.82,card,card_expired,2,7.2,11,11,21,0,True,1,1
2783.13,subscription_mandate,network_timeout,1,4.1,12,13,17,0,False,1,1
815.21,card,authentication_failed,1,3.4,30,10,2,0,False,0,1
3508.34,card,card_expired,1,5.9,11,9,3,0,False,0,0
2447.42,upi,high_risk_fraud,2,5.9,8,12,15,2,True,0,0
8871.28,card,insufficient_funds,1,2.3,8,11,6,1,False,1,1
5288.62,upi,card_expired,1,1.7,19,17,16,1,False,1,1
2346.73,netbanking,bank_outage,1,6.5,7,2,4,1,False,0,1
5054.76,card,insufficient_funds,1,0.7,5,8,12,1,False,0,1
1335.67,card,insufficient_funds,1,5.2,2,19,13,1,False,0,1
2075.71,subscription_mandate,card_expired,3,0.8,14,9,2,2,False,1,1
635.61,card,card_expired,1,5.0,12,0,0,0,False,0,0
2395.97,upi,insufficient_funds,1,1.2,2,16,11,0,False,0,0
531.58,card,network_timeout,1,1.5,22,12,7,0,True,0,1
13855.18,upi,insufficient_funds,1,3.8,21,18,3,0,False,0,1
650.22,card,insufficient_funds,1,1.7,18,9,10,0,False,0,1
2229.33,upi,bank_outage,1,4.0,4,11,17,1,True,1,1
10042.23,card,authentication_failed,3,0.7,3,16,13,0,True,1,1
3099.29,subscription_mandate,insufficient_funds,4,0.6,12,7,0,2,False,1,0
12381.42,upi,insufficient_funds,1,1.4,28,21,9,1,False,0,1
2666.0,netbanking,card_expired,4,0.9,29,16,6,0,True,0,0
6234.94,subscription_mandate,insufficient_funds,4,0.1,15,8,6,0,True,1,1
5011.02,netbanking,insufficient_funds,1,1.3,31,19,7,1,False,0,1
3620.47,card,network_timeout,1,2.7,12,10,4,3,True,1,1
2654.21,subscription_mandate,high_risk_fraud,1,1.2,16,8,7,0,True,1,0
1350.42,card,card_expired,1,0.2,12,15,3,1,False,0,0
5932.87,card,network_timeout,1,1.1,26,9,5,0,False,0,1
1236.02,upi,authentication_failed,1,1.9,18,12,1,0,False,0,1
406.46,subscription_mandate,bank_outage,3,1.6,23,10,11,0,True,1,1
4391.37,netbanking,insufficient_funds,2,0.0,24,10,18,1,False,0,1
5172.02,subscription_mandate,authentication_failed,2,1.3,19,20,14,1,False,1,1
2312.98,card,network_timeout,2,0.5,27,12,10,0,True,1,1
6879.23,card,card_expired,1,1.8,12,13,7,1,True,0,0
2290.44,upi,insufficient_funds,1,0.6,14,8,1,1,False,0,1
1570.34,card,bank_outage,1,3.4,7,18,9,1,True,0,1
2329.41,upi,high_risk_fraud,1,5.2,18,14,8,3,True,0,1
410.99,netbanking,authentication_failed,4,0.1,7,10,7,0,False,0,0
2442.64,card,insufficient_funds,2,1.3,5,15,6,1,True,1,1
1649.84,upi,insufficient_funds,2,10.3,2,18,2,1,False,0,0
1637.15,card,network_timeout,1,3.4,30,13,2,0,False,1,1
1211.1,upi,insufficient_funds,4,2.1,13,20,1,0,False,0,0
1783.83,upi,network_timeout,3,9.6,2,13,1,0,False,0,0
9345.03,upi,network_timeout,1,0.2,8,17,1,0,False,0,0
2593.76,subscription_mandate,network_timeout,1,1.9,23,10,4,0,False,1,1
1206.82,upi,network_timeout,1,7.1,11,14,13,1,False,0,1
3706.85,subscription_mandate,network_timeout,1,6.7,20,20,12,0,False,1,1
1980.26,card,bank_outage,1,0.7,6,16,4,2,True,1,1
4292.09,upi,insufficient_funds,1,0.1,31,20,6,0,False,0,1
826.01,upi,insufficient_funds,1,2.8,3,20,13,1,False,0,1
4811.01,upi,insufficient_funds,1,0.7,18,19,2,3,False,1,1
1335.67,upi,insufficient_funds,3,1.4,16,16,4,0,True,0,0
2785.23,upi,insufficient_funds,1,0.4,5,11,10,0,False,1,1
1065.49,upi,network_timeout,1,0.3,27,11,18,0,False,0,1
5430.67,upi,insufficient_funds,1,1.6,23,20,3,1,False,0,1
3462.51,card,network_timeout,2,0.4,23,10,4,1,False,0,1
1556.02,upi,card_expired,4,1.8,21,21,5,0,False,0,0
4176.16,upi,high_risk_fraud,1,4.5,27,15,8,1,True,0,0
2621.37,upi,bank_outage,1,1.7,23,15,12,1,True,1,1
1004.55,upi,card_expired,2,1.5,24,16,6,2,True,1,0
5022.86,subscription_mandate,card_expired,1,7.0,8,8,3,1,False,1,0
2785.57,card,bank_outage,1,3.8,9,16,0,2,False,0,1
1043.71,netbanking,insufficient_funds,1,0.2,13,18,19,1,False,0,1
3588.56,upi,card_expired,1,1.8,26,7,10,0,False,0,0
3433.69,netbanking,bank_outage,2,1.7,5,18,2,1,False,0,1
4497.0,upi,card_expired,1,1.9,4,19,8,1,True,0,1
2757.15,subscription_mandate,card_expired,1,2.8,8,11,8,0,False,1,0
936.03,upi,authentication_failed,3,0.4,17,17,11,0,True,0,0
13383.53,card,bank_outage,1,0.5,1,13,5,1,True,1,1
2499.81,card,insufficient_funds,1,5.0,21,12,5,0,False,1,0
4597.39,card,network_timeout,1,0.8,22,13,2,2,False,1,1
7813.84,card,network_timeout,1,2.8,24,15,16,1,False,0,1
4879.21,card,authentication_failed,1,0.1,2,12,11,3,True,1,0
2504.15,netbanking,card_expired,2,2.1,17,12,12,1,True,0,0
1007.92,card,bank_outage,2,1.1,18,15,5,2,True,0,1
9848.49,upi,high_risk_fraud,1,11.0,29,10,10,0,True,0,0
1610.83,upi,insufficient_funds,1,0.4,15,10,8,2,True,0,1
2579.0,upi,card_expired,1,3.2,10,19,1,0,False,0,1
9915.22,card,card_expired,4,1.1,12,20,11,1,True,1,0
2618.59,card,bank_outage,1,4.7,27,21,7,2,True,0,1
2719.93,card,bank_outage,1,0.4,17,18,6,2,True,0,1
4088.7,card,network_timeout,1,4.2,24,22,5,0,True,1,1
997.54,card,authentication_failed,1,9.4,7,17,2,0,False,1,1
617.02,card,bank_outage,2,1.3,15,15,8,0,False,0,1
1164.82,card,high_risk_fraud,1,1.7,6,6,23,2,False,0,0
1655.41,card,insufficient_funds,3,0.8,8,21,3,1,False,0,1
1101.02,card,card_expired,2,4.4,13,17,10,0,True,0,1
1402.92,upi,insufficient_funds,1,2.7,16,15,2,0,False,0,1
2531.94,upi,card_expired,1,1.2,23,14,5,0,True,0,0
2248.45,card,insufficient_funds,2,1.7,3,12,5,1,False,0,0
604.84,card,insufficient_funds,1,0.8,5,4,1,0,False,0,1
2056.93,upi,card_expired,1,0.6,31,17,9,1,True,0,0
1577.55,upi,bank_outage,2,1.6,16,17,10,1,True,0,1
3659.28,netbanking,bank_outage,2,2.2,27,8,5,0,True,1,1
5843.25,netbanking,insufficient_funds,3,1.7,14,11,4,4,True,0,0
726.52,card,insufficient_funds,1,0.1,9,9,5,0,True,0,1
1295.25,card,network_timeout,1,1.4,12,7,7,2,True,0,1
914.82,netbanking,insufficient_funds,1,4.5,7,15,3,0,False,1,1
2584.69,card,card_expired,1,0.5,30,15,11,0,True,0,1
4369.59,upi,card_expired,3,1.3,9,9,4,1,True,0,0
2401.69,card,network_timeout,1,4.5,14,21,5,2,False,1,1
1512.89,card,network_timeout,1,6.2,2,17,10,0,False,0,1
2714.38,upi,network_timeout,1,4.3,29,1,3,0,False,0,0
3805.34,upi,card_expired,1,0.8,20,10,6,1,True,0,0
916.05,upi,authentication_failed,1,5.6,5,11,5,0,True,0,0
370.41,card,high_risk_fraud,1,5.9,21,9,7,1,True,0,0
2120.31,card,card_expired,5,3.8,7,12,4,2,True,0,1
8182.17,upi,network_timeout,1,0.8,19,10,4,1,True,0,1
267.56,upi,network_timeout,1,6.8,29,16,9,0,False,0,0
2170.3,card,network_timeout,1,0.4,10,10,7,0,True,0,1
1223.32,card,authentication_failed,2,1.4,2,17,8,0,True,0,1
7729.34,card,high_risk_fraud,1,3.1,10,17,4,0,True,0,0
1816.63,card,insufficient_funds,2,1.8,10,9,5,0,False,0,0
378.81,card,insufficient_funds,2,1.4,18,9,7,3,True,0,0
2124.15,card,insufficient_funds,1,1.6,31,19,5,0,False,0,1
5241.57,upi,insufficient_funds,1,1.3,12,20,23,1,True,0,1
708.14,card,insufficient_funds,1,1.8,21,8,8,0,False,0,1
456.61,subscription_mandate,insufficient_funds,1,0.4,11,13,9,0,False,1,1
2823.95,card,bank_outage,5,3.2,20,11,2,0,False,0,1
377.41,subscription_mandate,insufficient_funds,1,2.7,10,17,6,0,True,1,1
2903.93,netbanking,authentication_failed,2,7.9,31,17,16,0,True,0,1
3588.84,upi,card_expired,1,0.2,16,10,1,0,False,0,1
3472.76,upi,card_expired,2,6.4,24,19,4,0,False,0,1
7507.89,upi,insufficient_funds,1,0.2,1,21,9,0,False,0,1
2580.28,subscription_mandate,bank_outage,2,3.7,3,16,9,0,False,1,1
13476.31,card,network_timeout,2,3.8,8,6,3,0,False,1,0
9918.91,card,insufficient_funds,1,1.4,15,12,16,0,True,0,0
3033.02,card,authentication_failed,1,0.2,20,18,2,1,False,0,1
2054.33,netbanking,insufficient_funds,3,0.1,9,1,9,1,False,0,1
447.48,subscription_mandate,insufficient_funds,2,2.9,22,12,7,1,False,1,1
2929.35,upi,insufficient_funds,2,5.5,4,15,1,0,False,1,1
5400.88,card,bank_outage,1,1.4,11,13,19,0,False,0,1
2513.62,upi,authentication_failed,3,4.3,10,19,10,0,False,0,0
9781.27,card,card_expired,1,1.4,19,21,8,0,True,1,1
4215.11,upi,insufficient_funds,1,3.9,1,6,7,0,True,0,1
2093.85,card,insufficient_funds,2,0.1,23,20,4,0,True,0,0
5399.51,upi,insufficient_funds,1,0.3,20,11,10,0,True,0,1
1525.98,upi,network_timeout,1,0.6,10,9,0,0,False,0,1
7109.97,card,bank_outage,3,6.2,12,18,5,2,True,0,1
5832.89,card,insufficient_funds,1,2.5,25,13,12,0,False,0,1
4375.96,subscription_mandate,insufficient_funds,4,8.6,18,2,11,1,False,1,0
997.44,netbanking,insufficient_funds,1,1.9,10,14,10,1,True,0,1
1395.97,subscription_mandate,insufficient_funds,1,2.0,17,6,4,1,True,1,1
1451.01,card,high_risk_fraud,2,3.3,24,16,7,1,False,0,0
7292.19,card,insufficient_funds,2,0.8,3,17,10,1,True,0,1
2981.6,subscription_mandate,insufficient_funds,1,4.5,11,15,11,2,True,1,1
5127.75,subscription_mandate,card_expired,1,0.1,10,15,11,1,False,1,0
5319.74,upi,card_expired,2,0.6,21,11,13,0,False,1,0
1669.97,upi,card_expired,1,10.0,14,9,4,0,False,1,1
3665.01,card,card_expired,2,0.8,3,9,9,2,True,0,1
7918.53,card,bank_outage,2,0.2,23,12,3,1,False,1,1
4186.56,card,network_timeout,1,0.4,25,14,7,0,True,0,1
1096.37,card,insufficient_funds,2,3.2,30,10,7,1,True,0,1
9892.36,card,insufficient_funds,2,1.1,20,11,3,1,False,1,1
2307.29,card,insufficient_funds,3,1.9,11,13,7,0,True,0,1
1475.05,card,insufficient_funds,1,0.3,14,17,8,1,True,0,1
13065.71,upi,insufficient_funds,1,0.4,4,15,9,0,True,0,1
3905.81,upi,card_expired,2,0.5,20,9,3,1,False,0,1
1839.23,card,bank_outage,1,1.6,17,18,3,1,False,0,1
11845.25,upi,network_timeout,3,7.8,21,19,7,0,False,1,1
1957.6,card,insufficient_funds,2,2.2,14,19,4,2,True,1,0
1401.27,upi,insufficient_funds,1,0.9,12,11,7,2,False,0,0
2226.11,card,network_timeout,2,1.8,24,11,13,0,True,0,1
1718.27,upi,network_timeout,1,4.4,8,13,9,0,False,0,1
2515.22,upi,insufficient_funds,1,1.4,11,11,6,0,True,0,1
3845.58,card,card_expired,1,1.8,7,19,2,0,False,0,1
14703.88,card,card_expired,1,0.1,14,15,13,0,True,0,1
1638.24,netbanking,insufficient_funds,3,2.0,31,17,7,2,False,0,1
2297.68,upi,authentication_failed,1,6.5,28,15,0,2,False,0,0
1768.61,netbanking,network_timeout,1,0.6,30,12,4,1,True,1,1
3924.37,card,high_risk_fraud,1,2.9,6,10,4,0,True,0,0
3015.71,card,card_expired,2,0.0,9,10,8,1,False,0,0
13223.76,card,card_expired,1,4.5,4,10,11,1,False,0,1
8702.38,subscription_mandate,card_expired,3,6.4,24,17,1,1,False,1,0
1507.4,upi,network_timeout,1,1.2,29,19,4,0,False,0,1
743.25,card,insufficient_funds,2,1.5,26,9,22,0,False,0,0
1844.82,card,card_expired,5,1.9,5,16,9,0,False,1,0
5159.51,upi,insufficient_funds,1,9.8,10,6,8,0,True,1,1
3595.15,upi,bank_outage,1,1.3,10,3,0,1,False,0,1
4918.03,upi,insufficient_funds,2,2.9,19,12,5,1,False,1,1
4482.62,card,insufficient_funds,1,1.3,19,20,0,3,False,0,0
1721.56,upi,authentication_failed,1,1.1,1,12,5,2,True,0,0
1316.72,card,authentication_failed,1,1.6,8,15,7,1,True,0,1
1857.35,upi,insufficient_funds,1,0.5,15,18,8,0,False,1,1
15882.06,netbanking,authentication_failed,1,1.0,26,9,8,1,True,0,1
4157.5,card,authentication_failed,1,1.1,8,19,5,0,True,1,1
1630.69,card,insufficient_funds,2,0.8,30,15,4,0,False,0,1
1994.72,upi,insufficient_funds,1,0.1,3,7,7,0,False,1,1
6279.51,card,card_expired,1,2.8,26,9,10,0,True,0,1
3652.99,upi,authentication_failed,1,1.5,12,21,8,1,True,1,1
555.66,upi,card_expired,3,6.8,30,15,2,0,False,0,0
3305.56,upi,insufficient_funds,1,2.8,13,14,7,2,False,1,1
14397.58,upi,insufficient_funds,4,1.3,7,9,11,0,False,0,0
3174.25,upi,network_timeout,1,1.1,26,0,15,1,True,0,1
1355.97,upi,insufficient_funds,4,0.4,9,19,6,1,False,0,1
2774.01,upi,card_expired,3,0.2,19,1,5,0,True,0,0
13723.86,card,authentication_failed,1,0.5,27,17,14,0,True,0,1
6114.78,subscription_mandate,bank_outage,1,5.4,23,0,7,1,False,1,1
1535.39,card,card_expired,4,4.1,18,4,1,1,False,0,0
2563.12,upi,insufficient_funds,1,3.1,23,9,5,0,True,1,1
9272.66,card,authentication_failed,1,2.6,7,11,13,2,False,0,1
11627.46,upi,insufficient_funds,2,1.3,27,13,6,0,True,0,1
957.05,card,authentication_failed,2,3.7,9,17,26,1,True,0,1
3793.55,card,network_timeout,1,2.7,4,21,8,3,False,0,0
1446.7,card,insufficient_funds,1,4.7,16,11,8,0,True,0,0
3504.16,card,high_risk_fraud,2,1.6,3,5,6,2,True,0,0
2403.05,upi,insufficient_funds,2,1.3,4,7,7,0,True,0,1
1199.07,upi,high_risk_fraud,1,1.0,22,11,1,1,False,1,1
1204.23,upi,high_risk_fraud,1,2.9,23,19,8,0,True,0,0
550.06,subscription_mandate,authentication_failed,1,0.5,9,17,13,2,False,1,1
1430.9,card,authentication_failed,1,0.2,25,15,3,0,False,1,1
631.16,upi,high_risk_fraud,1,3.9,18,13,11,0,True,1,0
3396.17,upi,bank_outage,1,0.5,9,23,9,1,False,0,1
4059.2,card,insufficient_funds,1,1.2,23,0,4,1,False,0,0
1223.08,upi,insufficient_funds,1,4.3,24,14,5,1,True,0,1
2214.91,card,bank_outage,1,5.2,31,0,3,1,False,1,1
4251.15,netbanking,network_timeout,3,5.3,2,20,6,1,True,0,1
861.39,upi,insufficient_funds,1,1.4,25,15,8,0,True,0,1
6912.37,card,card_expired,3,3.6,6,12,9,1,False,0,1
1990.13,upi,network_timeout,1,4.1,8,20,8,0,False,0,1
720.66,card,network_timeout,1,1.3,9,8,8,0,True,0,1
3265.64,card,card_expired,1,2.5,10,9,7,1,False,0,1
5403.52,upi,insufficient_funds,2,1.7,20,12,4,0,True,0,1
4996.43,card,insufficient_funds,1,1.3,11,14,3,2,False,1,1
2246.24,upi,card_expired,4,3.0,30,16,17,2,False,0,0
2090.31,subscription_mandate,insufficient_funds,2,4.1,25,10,3,1,False,1,0
2275.31,upi,card_expired,2,2.9,8,19,7,1,False,0,1
3654.17,card,card_expired,1,0.2,16,7,1,0,False,1,0
1218.94,card,network_timeout,1,2.9,28,7,3,2,False,0,1
1561.07,card,insufficient_funds,1,14.0,2,18,7,0,True,0,1
1230.9,upi,network_timeout,1,0.1,2,12,6,2,True,1,1
3582.76,upi,network_timeout,2,1.5,20,21,3,3,False,0,1
1146.22,upi,authentication_failed,1,1.3,5,16,4,2,True,0,1
2062.81,card,high_risk_fraud,1,0.8,24,12,7,0,False,1,0
2190.7,card,insufficient_funds,3,0.8,28,12,3,0,False,0,1
2377.93,upi,card_expired,2,4.9,8,16,10,0,True,0,1
2411.38,subscription_mandate,card_expired,1,0.6,26,9,10,1,True,1,1
1591.55,subscription_mandate,insufficient_funds,1,2.1,21,7,14,1,False,1,1
2734.19,subscription_mandate,insufficient_funds,1,0.7,21,21,13,4,True,1,1
3334.19,upi,network_timeout,1,1.9,21,12,9,1,False,0,1
2870.8,card,bank_outage,2,1.9,9,8,11,0,False,1,1
12447.74,card,insufficient_funds,1,0.8,14,17,8,2,True,0,1
695.5,card,insufficient_funds,1,0.8,17,12,10,2,True,0,1
2314.68,card,authentication_failed,1,0.2,12,12,8,0,True,0,1
763.77,upi,bank_outage,1,0.2,3,17,7,2,False,0,1
291.18,card,card_expired,1,2.5,27,18,5,2,False,0,0
1257.55,card,insufficient_funds,1,0.2,1,10,6,0,False,0,1
7101.25,subscription_mandate,insufficient_funds,1,3.8,15,14,4,0,True,1,1
6419.2,card,insufficient_funds,2,0.3,8,12,9,3,True,0,1
502.87,upi,bank_outage,2,0.4,31,19,2,3,False,0,1
12053.54,upi,insufficient_funds,1,2.0,19,20,3,1,False,0,0
1023.67,upi,bank_outage,1,1.0,4,10,0,3,False,0,1
994.01,card,card_expired,3,0.6,23,18,7,1,False,1,0
1221.46,card,authentication_failed,3,1.4,11,13,12,1,False,0,0
821.58,card,insufficient_funds,1,2.7,16,8,7,1,True,0,0
3876.61,card,card_expired,1,1.3,5,9,6,0,False,0,0
1754.68,subscription_mandate,card_expired,1,3.8,13,14,1,3,False,1,1
971.23,subscription_mandate,insufficient_funds,2,0.2,22,22,8,0,True,1,1
3759.17,card,insufficient_funds,1,3.3,26,17,6,0,True,0,1
442.56,upi,insufficient_funds,2,0.8,14,21,9,1,True,1,0
5600.48,card,network_timeout,1,0.6,3,14,8,0,True,0,1
5101.83,upi,insufficient_funds,2,5.8,15,13,11,0,True,0,1
849.25,upi,insufficient_funds,4,9.4,26,9,2,0,False,0,0
3124.11,card,insufficient_funds,1,1.1,11,7,2,0,False,0,1
1869.49,card,insufficient_funds,1,7.2,17,17,2,0,False,1,1
3163.61,card,insufficient_funds,2,1.0,16,19,4,0,True,0,1
8607.49,netbanking,authentication_failed,2,0.1,12,16,4,3,True,1,0
1256.41,subscription_mandate,bank_outage,1,0.7,24,12,2,0,False,1,1
2612.89,card,card_expired,1,2.2,23,12,10,1,False,0,1
528.51,netbanking,bank_outage,1,0.7,7,17,24,3,False,0,1
5742.99,upi,bank_outage,3,0.1,16,11,5,3,False,0,1
2773.15,upi,insufficient_funds,3,9.6,5,17,2,2,False,1,0
435.03,card,network_timeout,1,2.1,25,17,5,1,True,0,1
918.78,card,insufficient_funds,1,3.5,10,19,10,1,True,0,1
1464.78,card,network_timeout,3,4.0,14,6,6,2,True,0,0
1324.59,upi,bank_outage,2,3.2,1,14,3,0,False,0,1
3706.18,netbanking,high_risk_fraud,2,2.1,1,12,1,2,False,0,0
1819.21,card,bank_outage,3,1.6,22,17,7,0,True,0,1
1663.25,card,bank_outage,1,3.2,10,12,14,2,True,1,1
816.01,card,insufficient_funds,1,2.4,11,15,8,0,True,0,1
1331.74,card,insufficient_funds,5,0.4,11,12,14,0,True,0,0
1867.91,card,network_timeout,1,0.3,16,16,8,0,False,0,1
2968.43,card,insufficient_funds,1,0.8,9,15,8,2,False,1,1
9103.23,card,card_expired,2,4.6,10,14,5,0,True,0,0
1844.26,card,insufficient_funds,1,0.5,7,11,3,2,False,0,1
2337.99,card,network_timeout,1,1.5,11,19,13,2,True,0,1
3694.29,upi,bank_outage,1,0.0,26,19,10,1,False,0,1
4381.64,subscription_mandate,network_timeout,1,0.7,21,10,2,1,False,1,1
1617.9,upi,network_timeout,2,0.2,23,20,18,1,True,0,1
251.86,card,card_expired,1,2.6,7,10,5,1,False,1,1
5194.32,upi,insufficient_funds,2,1.6,6,10,9,0,True,1,1
1122.95,upi,card_expired,1,2.0,20,10,4,1,True,0,0
1772.7,subscription_mandate,card_expired,1,0.3,11,18,8,1,False,1,1
7708.57,card,insufficient_funds,1,2.5,9,11,4,0,True,0,1
9655.41,card,bank_outage,4,2.4,27,6,10,2,True,0,1
883.34,netbanking,insufficient_funds,1,5.5,14,20,4,1,True,1,0
1288.75,upi,insufficient_funds,2,5.9,4,17,5,2,True,0,0
1028.21,upi,insufficient_funds,1,0.1,2,18,9,0,False,0,1
1510.19,card,card_expired,1,1.8,5,19,3,1,False,0,1
878.44,upi,network_timeout,1,10.2,15,16,15,4,False,0,1
2550.99,upi,card_expired,1,0.2,19,8,8,2,True,0,1
1146.15,upi,card_expired,2,0.1,4,10,4,2,True,0,1
1385.42,card,network_timeout,1,0.3,12,13,3,3,False,0,1
2509.37,upi,insufficient_funds,1,5.2,6,20,8,0,False,0,0
2464.76,upi,authentication_failed,1,0.1,9,20,7,0,True,0,1
2747.11,netbanking,bank_outage,1,0.7,26,18,5,2,False,0,1
6559.34,card,insufficient_funds,2,3.2,2,15,6,0,True,0,0
568.59,subscription_mandate,insufficient_funds,2,5.3,14,3,5,1,True,1,1
1577.77,upi,authentication_failed,1,0.0,20,21,7,0,False,0,1
2880.09,upi,network_timeout,3,0.6,4,7,5,0,False,0,1
4856.02,card,insufficient_funds,3,2.8,3,11,4,2,True,0,0
2989.04,upi,network_timeout,1,4.8,4,11,0,0,False,0,1
919.93,upi,insufficient_funds,3,1.2,28,5,4,0,True,1,0
1444.82,upi,card_expired,3,1.4,23,8,10,1,False,0,0
7662.57,card,authentication_failed,1,3.2,24,10,12,0,False,0,1
2207.66,subscription_mandate,network_timeout,1,0.1,21,14,4,1,False,1,1
1771.78,card,insufficient_funds,2,0.8,7,11,6,1,True,0,1
2229.79,card,insufficient_funds,4,1.3,31,16,8,2,True,0,1
1218.42,card,bank_outage,1,1.4,2,9,9,1,False,0,1
975.27,upi,network_timeout,1,1.4,5,11,2,1,False,0,1
2515.36,upi,card_expired,1,0.3,26,18,4,1,True,0,1
1453.33,upi,card_expired,3,1.9,21,10,6,0,False,0,0
1259.95,upi,card_expired,2,1.0,5,8,6,2,True,0,1
2503.26,netbanking,network_timeout,1,2.2,30,10,22,0,False,1,1
861.12,upi,bank_outage,2,2.0,28,14,23,2,True,0,1
2119.52,card,insufficient_funds,1,4.0,14,22,0,1,False,0,1
1225.85,upi,insufficient_funds,1,5.7,23,17,6,2,False,0,1
20182.54,upi,bank_outage,1,1.6,3,18,13,1,True,0,1
3088.19,card,network_timeout,1,0.9,10,10,6,0,True,1,1
1834.29,upi,insufficient_funds,1,1.1,28,21,0,0,False,0,1
9636.88,subscription_mandate,bank_outage,3,4.7,16,6,7,0,True,1,1
1686.36,upi,insufficient_funds,1,0.0,27,9,7,1,True,0,1
1989.32,subscription_mandate,insufficient_funds,3,1.5,26,17,7,0,True,1,0
8736.58,card,insufficient_funds,1,1.3,31,8,12,1,True,0,1
7294.81,upi,authentication_failed,1,11.4,25,12,3,0,False,0,1
7978.59,upi,insufficient_funds,2,0.2,6,19,7,1,False,1,1
1312.24,upi,authentication_failed,3,0.0,16,6,6,0,True,0,1
2646.2,card,insufficient_funds,3,3.8,31,11,2,0,False,0,1
1847.45,card,high_risk_fraud,3,2.8,16,13,4,1,False,1,0
3440.54,card,network_timeout,2,0.0,6,13,8,2,True,1,1
4963.42,upi,bank_outage,2,1.4,21,9,6,3,True,0,1
2171.37,upi,insufficient_funds,1,0.9,24,16,4,0,True,0,1
5859.6,upi,insufficient_funds,1,1.0,20,10,16,0,True,0,1
1405.9,card,insufficient_funds,1,5.1,1,4,9,1,True,1,1
787.54,card,network_timeout,1,2.5,7,16,4,1,True,0,1
4420.28,card,insufficient_funds,3,1.1,8,5,8,0,True,0,1
1123.86,upi,card_expired,1,0.3,11,12,3,0,False,0,0
3531.76,upi,bank_outage,1,0.9,10,8,7,3,True,1,1
1654.09,upi,card_expired,1,1.4,15,11,6,0,True,0,1
21739.91,upi,network_timeout,1,0.1,17,15,12,0,False,0,0
4580.15,upi,network_timeout,1,1.8,20,10,3,0,False,1,1
2370.47,netbanking,network_timeout,3,0.4,1,6,12,0,False,0,1
2223.96,subscription_mandate,insufficient_funds,3,0.5,14,18,8,1,True,1,1
1426.17,netbanking,authentication_failed,2,0.3,12,19,12,0,True,0,1
1712.19,card,network_timeout,1,2.7,13,18,12,0,True,0,0
929.4,upi,insufficient_funds,2,0.2,21,14,6,0,True,0,1
4007.55,subscription_mandate,high_risk_fraud,1,6.3,21,15,8,2,False,1,0
1762.49,card,authentication_failed,4,2.8,3,9,4,1,True,0,0
727.35,card,bank_outage,1,2.1,1,8,10,1,False,0,1
2043.78,subscription_mandate,high_risk_fraud,2,3.6,24,12,6,1,False,1,0
3190.93,card,card_expired,1,1.4,25,16,2,3,False,0,0
2324.15,upi,insufficient_funds,1,7.2,6,14,6,0,True,1,1
4982.38,upi,bank_outage,1,0.0,1,18,3,0,False,1,1
1917.87,upi,insufficient_funds,1,2.5,20,10,15,0,True,0,1
705.78,card,insufficient_funds,2,1.4,11,15,13,0,True,0,1
1526.35,netbanking,card_expired,1,2.2,17,14,4,1,True,0,0
1227.11,netbanking,insufficient_funds,1,1.3,19,19,4,1,False,0,1
1763.0,subscription_mandate,card_expired,3,6.0,14,15,13,0,True,1,1
2498.32,upi,card_expired,1,1.0,20,12,11,0,False,0,0
10341.41,upi,card_expired,5,2.4,26,13,1,0,False,1,1
2673.86,subscription_mandate,insufficient_funds,1,3.6,14,6,8,1,False,1,1
4251.82,card,authentication_failed,1,4.7,18,19,5,2,False,0,1
1110.2,card,insufficient_funds,2,4.6,17,18,4,0,True,0,0
773.29,subscription_mandate,insufficient_funds,1,7.3,20,17,2,1,False,1,1
1816.6,subscription_mandate,insufficient_funds,1,5.4,22,12,3,0,False,1,1
14203.37,card,network_timeout,1,1.2,1,7,5,2,True,1,1
4709.94,card,network_timeout,4,6.6,17,18,13,0,True,0,1
3085.89,upi,authentication_failed,2,8.0,2,5,1,1,False,1,1
4160.3,upi,card_expired,1,2.4,14,9,8,1,True,0,1
5070.28,upi,insufficient_funds,1,4.6,20,18,2,1,False,1,1
2007.08,upi,bank_outage,1,2.9,30,10,4,0,False,0,1
2966.91,card,bank_outage,1,2.2,18,8,2,0,False,0,1
1284.18,upi,network_timeout,1,6.3,31,13,7,1,True,0,1
2128.37,card,bank_outage,2,6.1,28,4,0,0,False,0,0
2139.39,card,network_timeout,1,3.3,20,9,5,1,True,0,1
14075.41,upi,insufficient_funds,1,3.2,14,19,4,0,True,0,1
3172.18,netbanking,high_risk_fraud,2,6.8,8,10,3,0,False,0,0
1508.75,card,bank_outage,1,1.2,29,17,4,1,True,0,1
4285.36,upi,insufficient_funds,1,0.3,23,15,7,0,False,0,1
2659.12,card,bank_outage,1,0.9,27,10,9,0,True,0,1
2443.95,card,network_timeout,3,3.8,12,18,7,0,True,0,0
1207.07,upi,insufficient_funds,1,4.9,23,9,18,1,True,0,1
1353.06,subscription_mandate,insufficient_funds,1,0.6,29,14,5,1,True,1,1
2450.24,card,authentication_failed,1,0.8,9,21,3,0,False,0,1
9696.65,netbanking,insufficient_funds,1,1.2,17,16,4,1,False,0,1
3321.16,upi,authentication_failed,1,0.1,24,16,17,1,False,0,1
2661.43,upi,insufficient_funds,1,2.0,12,17,9,2,True,0,1
6922.89,card,authentication_failed,3,7.2,28,12,3,0,False,0,0
7557.72,card,insufficient_funds,2,3.2,30,15,10,0,True,0,0
5414.19,upi,insufficient_funds,4,1.3,15,19,3,0,False,0,0
4173.34,upi,authentication_failed,1,1.2,23,8,3,0,False,0,1
889.11,subscription_mandate,card_expired,2,5.4,28,18,8,1,True,1,0
1649.04,card,bank_outage,3,1.0,22,16,1,0,False,0,1
3067.92,card,insufficient_funds,3,7.4,12,10,1,0,False,0,0
744.28,subscription_mandate,bank_outage,2,0.3,20,12,14,0,True,1,1
2484.73,card,card_expired,1,0.7,12,17,14,0,True,0,1
2418.77,upi,insufficient_funds,1,0.1,29,19,1,0,False,0,1
1450.59,upi,bank_outage,4,2.3,18,8,12,0,True,0,1
16763.68,upi,insufficient_funds,1,0.5,11,9,9,0,True,1,1
479.87,subscription_mandate,network_timeout,4,4.9,20,11,5,1,True,1,1
12355.57,card,high_risk_fraud,3,1.1,8,20,17,1,True,1,0
7607.83,upi,insufficient_funds,2,5.5,18,13,8,2,True,0,1
1808.26,upi,bank_outage,5,3.3,4,6,0,0,False,0,1
6276.04,card,insufficient_funds,1,2.9,14,10,1,0,False,1,1
1384.15,upi,insufficient_funds,1,1.7,8,12,5,0,True,1,1
5083.98,netbanking,insufficient_funds,1,0.1,7,0,4,1,False,1,0
1138.36,upi,bank_outage,2,1.5,27,12,6,0,True,0,1
1687.14,upi,card_expired,1,1.0,24,7,0,0,False,1,1
1682.79,upi,insufficient_funds,1,7.2,29,9,2,2,False,0,1
1001.79,card,card_expired,1,2.4,19,23,11,2,False,0,0
267.24,upi,authentication_failed,1,5.8,7,18,4,0,False,1,1
276.37,subscription_mandate,network_timeout,2,1.6,6,12,9,0,True,1,1
5120.85,netbanking,card_expired,1,1.8,14,16,8,1,True,0,1
958.71,card,insufficient_funds,2,3.8,30,14,1,2,False,0,1
9996.15,card,insufficient_funds,1,1.2,16,16,1,0,False,0,1
1951.16,card,authentication_failed,2,5.2,25,17,10,0,True,0,1
3414.43,card,insufficient_funds,2,2.7,7,11,8,1,True,0,1
1886.75,upi,network_timeout,1,0.7,22,11,10,1,False,0,1
509.11,subscription_mandate,authentication_failed,1,0.4,4,17,4,1,False,1,0
5903.19,upi,insufficient_funds,2,1.7,6,13,9,0,False,0,1
2295.87,card,authentication_failed,1,2.9,16,12,12,0,False,0,0
1521.53,card,card_expired,1,0.3,23,12,6,0,False,0,0
1571.74,netbanking,authentication_failed,1,1.7,17,15,3,1,False,0,1
2770.88,card,network_timeout,1,0.5,17,13,4,0,True,0,1
27781.7,upi,card_expired,1,1.3,22,13,1,2,False,0,0
2326.33,netbanking,bank_outage,1,2.8,29,15,8,2,False,1,1
710.57,upi,insufficient_funds,3,2.2,25,16,14,0,True,0,1
7368.9,upi,bank_outage,2,3.4,11,18,3,0,False,0,1
2582.79,card,insufficient_funds,1,2.1,11,10,7,3,True,0,1
1520.95,upi,card_expired,1,2.1,25,3,3,0,False,0,1
1264.71,upi,insufficient_funds,1,0.9,18,10,5,2,False,1,1
4506.05,card,authentication_failed,1,1.1,20,11,1,0,False,1,1
3383.05,upi,insufficient_funds,1,2.4,30,12,4,1,True,0,1
3690.7,card,authentication_failed,2,1.3,4,17,8,0,True,0,0
5453.89,netbanking,bank_outage,3,5.8,7,10,0,1,False,0,0
2434.11,card,insufficient_funds,2,1.0,2,19,1,0,False,0,1
3125.12,netbanking,insufficient_funds,2,2.1,26,18,9,0,True,0,1
15099.81,upi,network_timeout,1,5.2,20,10,1,1,False,0,1
4276.32,subscription_mandate,authentication_failed,1,0.1,9,15,3,2,False,1,1
4195.57,upi,high_risk_fraud,2,4.2,1,10,3,1,False,0,0
2675.59,subscription_mandate,bank_outage,1,0.4,26,22,4,0,True,1,1
2646.45,upi,network_timeout,2,6.1,17,18,4,1,True,1,1
5668.13,upi,insufficient_funds,1,0.8,22,22,13,0,False,0,1
1632.22,subscription_mandate,card_expired,4,4.2,15,12,1,1,False,1,0
4375.83,upi,bank_outage,1,0.5,20,9,7,0,True,0,1
8083.5,netbanking,insufficient_funds,1,5.1,26,21,12,0,True,1,1
1463.51,card,insufficient_funds,1,1.5,10,17,11,0,True,0,0
22146.42,subscription_mandate,card_expired,1,3.1,4,14,10,1,True,1,1
1357.27,card,insufficient_funds,1,7.5,18,10,4,0,True,1,0
8282.18,upi,network_timeout,2,1.4,18,23,10,0,False,1,1
1349.38,card,network_timeout,1,0.0,3,20,2,1,False,1,1
2234.79,netbanking,network_timeout,1,6.8,1,15,7,0,True,0,1
3488.55,subscription_mandate,authentication_failed,2,2.5,29,9,2,0,False,1,0
626.29,upi,bank_outage,1,2.3,24,15,11,0,True,0,1
4358.7,card,card_expired,4,0.0,23,18,2,1,False,0,0
480.09,card,insufficient_funds,1,1.3,18,18,4,0,False,1,0
1121.54,upi,insufficient_funds,1,1.9,13,9,4,1,True,1,1
1389.99,card,insufficient_funds,1,0.9,11,20,1,1,False,0,1
306.49,upi,network_timeout,3,9.4,7,12,6,1,True,0,1
1736.46,subscription_mandate,card_expired,1,2.1,16,13,6,0,False,1,1
1859.51,upi,card_expired,2,5.8,1,10,14,0,True,1,1
5811.5,upi,bank_outage,1,1.0,10,14,8,1,True,0,0
1835.53,card,insufficient_funds,2,5.2,27,11,10,0,False,0,1
2410.69,upi,card_expired,1,8.5,3,19,7,0,False,0,1
5440.98,subscription_mandate,card_expired,1,14.0,24,21,22,3,False,1,1
3820.23,card,insufficient_funds,1,1.6,23,21,17,2,False,0,1
13022.77,card,bank_outage,1,0.4,10,8,4,0,True,0,1
3531.82,card,insufficient_funds,1,4.8,17,8,5,0,False,1,1
1783.46,upi,bank_outage,5,0.3,16,10,3,0,False,0,1
3389.96,upi,insufficient_funds,1,0.6,8,11,8,0,False,1,1
1681.66,upi,insufficient_funds,1,1.2,7,13,1,1,False,0,1
4236.56,upi,insufficient_funds,1,2.6,14,22,1,1,False,0,1
1083.29,upi,network_timeout,1,1.1,17,9,2,1,False,1,1
17562.53,card,network_timeout,1,0.5,13,19,4,1,True,1,1
852.6,netbanking,insufficient_funds,1,0.8,14,16,6,1,True,0,1
1277.84,card,network_timeout,3,7.3,30,15,5,1,True,0,1
2990.71,upi,card_expired,1,1.7,12,15,8,2,True,0,1
4156.37,card,bank_outage,4,0.9,15,10,12,1,True,0,0
990.73,netbanking,authentication_failed,5,1.1,18,20,4,0,True,0,1
915.85,card,bank_outage,2,4.2,13,10,1,4,False,0,0
1014.64,subscription_mandate,authentication_failed,3,4.1,31,11,12,1,True,1,1
11069.15,subscription_mandate,insufficient_funds,1,1.1,24,10,3,1,False,1,1
1459.32,card,insufficient_funds,2,1.0,22,15,11,1,False,0,1
1974.75,subscription_mandate,card_expired,1,3.2,2,14,8,2,True,1,0
2081.63,upi,card_expired,2,1.0,8,15,8,0,False,1,1
3207.92,card,card_expired,1,0.2,4,12,10,1,True,0,0
3484.69,netbanking,insufficient_funds,1,3.7,5,14,5,1,False,0,1
492.86,card,insufficient_funds,1,0.8,6,6,8,0,True,1,1
6376.53,upi,card_expired,1,1.2,20,15,3,1,False,1,0
1999.21,upi,authentication_failed,2,0.4,7,15,11,0,True,0,1
2397.75,card,authentication_failed,1,0.1,20,6,15,2,True,0,1
2280.85,subscription_mandate,authentication_failed,1,1.6,22,19,8,0,True,1,0
4968.69,upi,insufficient_funds,1,2.8,11,12,5,1,True,0,1
8460.06,subscription_mandate,insufficient_funds,1,4.5,18,9,5,0,True,1,1
6834.73,upi,network_timeout,3,1.2,20,19,1,0,False,0,0
1083.78,upi,high_risk_fraud,1,0.2,13,16,9,0,True,0,0
17343.83,card,authentication_failed,1,2.3,8,8,7,0,True,0,1
884.17,card,card_expired,1,0.5,3,17,3,0,False,0,1
1439.63,card,insufficient_funds,1,0.7,20,10,6,2,True,1,1
425.16,card,network_timeout,1,5.9,3,20,20,0,True,0,1
2641.07,card,card_expired,2,1.3,5,19,15,1,True,0,0
6125.23,card,network_timeout,2,0.7,21,9,6,2,True,0,1
2656.18,card,high_risk_fraud,4,1.0,19,19,6,0,True,1,0
2259.98,card,high_risk_fraud,1,7.0,12,20,7,0,True,0,0
1139.93,card,insufficient_funds,1,4.7,3,9,10,2,True,0,0
4273.5,upi,card_expired,4,4.8,1,16,8,2,True,0,0
6871.81,card,insufficient_funds,2,0.2,18,10,2,1,False,1,1
6812.71,subscription_mandate,insufficient_funds,1,2.6,2,11,7,1,False,1,1
5583.42,upi,network_timeout,2,2.4,19,17,6,0,True,0,1
683.47,upi,card_expired,1,0.1,28,2,2,1,False,0,1
11834.13,card,insufficient_funds,2,0.7,12,9,2,3,False,0,0
1256.38,card,authentication_failed,1,0.2,4,10,5,0,True,0,0
3799.31,netbanking,card_expired,3,4.5,5,14,3,2,False,0,0
4572.61,netbanking,insufficient_funds,1,2.8,17,9,5,2,True,0,1
1423.48,subscription_mandate,card_expired,4,0.7,7,9,10,2,True,1,0
1090.85,card,card_expired,5,5.6,13,15,9,1,False,0,0
3600.09,card,network_timeout,2,0.2,14,16,9,1,True,0,1
799.38,card,insufficient_funds,4,0.1,21,10,0,1,False,0,0
2760.41,netbanking,insufficient_funds,3,1.8,10,18,11,0,True,0,0
4895.62,upi,insufficient_funds,3,0.4,13,8,8,0,True,0,1
4471.67,card,bank_outage,1,8.9,15,12,7,4,True,0,1
1384.03,upi,card_expired,1,1.0,7,11,1,2,False,0,0
1498.58,upi,authentication_failed,1,1.0,3,17,11,1,True,0,1
634.89,card,insufficient_funds,2,0.2,25,14,8,0,False,0,1
3000.73,netbanking,bank_outage,1,3.8,24,10,4,1,True,0,1
1659.69,subscription_mandate,insufficient_funds,2,1.2,30,18,1,1,False,1,1
3959.37,card,authentication_failed,1,0.7,3,0,1,0,False,0,1
788.93,subscription_mandate,card_expired,2,0.8,22,13,3,0,False,1,1
5535.02,card,network_timeout,2,0.3,23,16,7,1,False,0,1
3093.07,card,insufficient_funds,1,0.6,4,17,6,3,True,0,1
4174.87,upi,card_expired,2,1.0,6,13,5,1,True,1,1
613.64,upi,card_expired,2,0.6,23,17,2,1,False,0,0
1803.2,upi,authentication_failed,1,0.1,12,17,7,0,True,0,1
1697.14,card,card_expired,2,0.3,29,13,9,0,True,0,0
2201.52,upi,authentication_failed,2,2.6,22,18,5,1,False,1,1
2495.31,upi,insufficient_funds,1,2.9,24,10,10,2,False,0,0
2320.81,upi,insufficient_funds,1,0.9,3,3,2,0,False,0,1
2274.66,upi,insufficient_funds,1,1.1,30,15,7,0,True,0,1
1759.67,netbanking,card_expired,4,1.1,21,18,10,0,True,0,1
622.51,card,card_expired,2,4.5,19,15,22,1,True,0,1
15755.76,card,insufficient_funds,1,0.3,20,19,10,0,True,0,1
1794.91,card,authentication_failed,1,0.1,4,19,8,0,True,1,1
3702.11,subscription_mandate,card_expired,1,4.3,26,3,11,1,True,1,1
9315.59,subscription_mandate,insufficient_funds,2,1.6,13,18,8,1,True,1,1
2966.52,upi,insufficient_funds,2,1.0,14,19,5,3,False,1,0
1718.68,netbanking,bank_outage,1,2.3,26,12,6,1,False,1,1
780.45,subscription_mandate,authentication_failed,1,0.4,21,11,18,1,False,1,1
3915.36,subscription_mandate,card_expired,4,1.5,13,17,8,1,True,1,0
603.92,upi,network_timeout,2,7.9,18,9,5,1,True,0,1
275.5,upi,card_expired,1,10.5,10,15,0,1,False,0,0
822.64,upi,insufficient_funds,1,0.9,23,12,3,0,False,0,0
3143.6,card,insufficient_funds,1,2.5,25,4,4,1,True,0,1
12699.84,upi,network_timeout,4,2.1,17,10,6,0,False,0,1
6262.78,subscription_mandate,card_expired,1,4.0,11,22,5,1,True,1,0
2757.83,card,authentication_failed,1,2.9,28,12,9,0,False,1,1
789.16,upi,network_timeout,3,1.7,18,9,4,0,True,0,1
402.55,card,insufficient_funds,2,5.6,10,20,6,0,True,0,1
6038.99,card,insufficient_funds,1,6.6,9,18,5,0,True,0,0
6464.7,upi,bank_outage,1,4.7,19,11,9,0,False,0,0
1304.8,card,insufficient_funds,1,1.2,19,10,7,0,True,0,1
3998.79,subscription_mandate,card_expired,4,4.8,12,10,4,2,False,1,0
1884.45,netbanking,network_timeout,1,0.4,8,9,1,0,False,0,1
9643.1,card,network_timeout,1,2.0,17,10,1,3,False,0,1
388.68,card,insufficient_funds,2,3.3,22,9,0,0,False,0,1
1589.89,card,high_risk_fraud,1,3.4,10,9,4,1,True,1,0
2781.12,card,authentication_failed,2,2.7,27,11,8,3,True,0,1
1536.86,netbanking,insufficient_funds,2,0.8,6,17,8,0,False,1,1
1879.78,upi,insufficient_funds,1,6.0,3,14,3,1,False,0,1
6097.34,subscription_mandate,insufficient_funds,3,0.1,25,18,1,0,False,1,0
306.3,upi,insufficient_funds,1,3.4,11,12,4,1,False,0,1
7884.95,upi,insufficient_funds,1,12.7,28,11,6,1,True,1,1
31537.92,card,card_expired,1,2.0,20,10,5,2,True,0,1
680.41,upi,bank_outage,1,0.8,14,1,7,0,True,0,1
1930.02,card,network_timeout,5,2.5,13,20,5,3,True,1,0
1862.98,card,bank_outage,2,1.0,27,20,4,3,True,0,1
1363.57,upi,card_expired,1,6.5,19,18,18,2,True,0,1
1866.65,card,insufficient_funds,1,1.2,11,0,12,2,False,1,1
1781.43,subscription_mandate,bank_outage,1,8.9,11,16,10,4,True,1,1
4715.02,card,insufficient_funds,3,5.0,19,11,9,2,True,0,1
2779.59,card,bank_outage,1,0.8,15,0,11,0,True,0,1
2690.19,upi,authentication_failed,3,2.5,22,11,2,3,False,0,1
4918.74,upi,card_expired,2,1.0,7,12,8,4,False,1,0
4676.84,netbanking,network_timeout,1,0.7,8,17,9,0,False,0,1
3629.42,upi,network_timeout,2,0.4,10,8,2,0,False,0,0
4033.54,card,card_expired,1,0.3,17,18,3,1,False,0,0
1482.5,card,network_timeout,2,1.0,14,17,10,2,True,0,1
2544.12,upi,card_expired,1,0.6,11,17,13,0,True,0,1
2033.73,subscription_mandate,authentication_failed,1,1.0,23,11,10,1,True,1,1
1895.59,card,bank_outage,1,7.3,4,10,12,0,True,1,1
2468.45,upi,insufficient_funds,1,1.3,25,17,4,1,True,1,1
6849.83,card,card_expired,3,3.8,24,13,3,1,False,1,0
2339.71,card,network_timeout,3,0.7,18,17,2,1,False,0,1
1028.78,card,authentication_failed,2,1.7,15,11,8,0,True,0,1
2294.13,upi,insufficient_funds,1,2.1,25,15,6,1,True,0,1
182.27,card,insufficient_funds,1,2.1,21,18,3,2,False,1,1
6116.01,card,insufficient_funds,2,0.6,8,21,6,2,False,0,1
3703.42,upi,network_timeout,1,2.9,20,13,1,1,False,0,1
4901.4,card,insufficient_funds,2,0.1,20,13,22,1,False,0,1
760.5,card,insufficient_funds,2,0.1,28,14,0,1,False,0,1
1234.93,card,card_expired,2,6.3,7,4,3,2,False,0,1
2225.77,upi,insufficient_funds,3,0.1,10,19,3,0,False,0,0
1116.93,card,network_timeout,2,0.8,27,19,5,0,True,0,1
4139.11,netbanking,bank_outage,1,0.2,19,9,3,1,False,0,1
2140.22,upi,bank_outage,1,9.7,6,17,9,0,True,1,1
2549.36,upi,insufficient_funds,1,1.1,18,10,6,2,True,0,1
3806.58,card,insufficient_funds,2,1.0,31,18,2,2,False,0,0
3894.49,upi,network_timeout,2,4.8,2,19,2,0,False,0,1
1900.13,upi,insufficient_funds,3,5.2,3,21,21,0,True,0,1
4338.03,subscription_mandate,card_expired,1,5.6,25,16,1,1,False,1,0
2396.05,netbanking,network_timeout,3,1.8,12,12,5,1,False,0,0
941.8,subscription_mandate,insufficient_funds,1,3.4,11,9,8,0,True,1,1
465.93,upi,network_timeout,2,0.7,23,10,7,1,True,0,1
15138.97,upi,network_timeout,1,5.9,17,14,5,0,True,1,1
418.52,netbanking,insufficient_funds,3,2.7,3,2,6,1,True,1,0
2401.78,subscription_mandate,bank_outage,2,0.5,25,14,8,1,True,1,0
2470.92,card,high_risk_fraud,1,1.1,21,21,7,1,False,0,0
5417.65,card,card_expired,1,3.5,24,13,1,1,False,0,0
1808.25,upi,network_timeout,1,3.1,14,18,4,2,True,0,1
2082.15,card,insufficient_funds,2,2.2,28,21,10,2,False,0,1
1401.78,subscription_mandate,card_expired,4,3.6,23,21,9,2,True,1,0
13357.16,upi,insufficient_funds,1,4.2,15,12,3,0,False,0,1
1593.15,upi,insufficient_funds,1,1.5,16,18,7,1,True,0,1
207.46,card,insufficient_funds,1,0.2,28,12,2,2,False,0,1
1516.44,card,bank_outage,2,4.7,19,11,8,0,True,1,1
4525.2,card,network_timeout,1,3.8,4,17,7,0,True,0,1
814.21,upi,insufficient_funds,1,0.0,7,17,2,0,False,0,1
5677.64,subscription_mandate,insufficient_funds,2,1.0,22,11,10,2,True,1,0
2886.19,upi,insufficient_funds,3,0.1,14,15,8,1,False,0,1
3738.71,card,authentication_failed,2,2.3,30,11,16,1,True,1,1
743.87,card,insufficient_funds,1,2.2,24,8,9,0,True,0,0
2338.79,card,insufficient_funds,1,1.0,8,16,5,0,True,0,1
13077.44,card,high_risk_fraud,1,9.1,4,10,11,0,True,0,0
1797.58,upi,card_expired,1,0.7,31,6,7,1,True,0,0
15616.5,card,insufficient_funds,1,4.5,21,15,1,0,False,1,0
1394.0,upi,bank_outage,2,1.7,1,0,18,1,True,0,1
1751.85,netbanking,insufficient_funds,1,0.1,19,20,8,0,True,1,1
3758.12,upi,high_risk_fraud,1,0.7,31,11,8,0,True,0,0
3944.02,netbanking,network_timeout,1,1.8,29,10,6,1,True,1,1
2246.51,card,authentication_failed,1,1.0,26,12,3,4,False,0,1
1060.67,upi,insufficient_funds,2,1.6,20,18,10,0,True,0,1
2241.96,upi,network_timeout,1,4.0,9,10,3,1,False,1,1
7647.25,upi,insufficient_funds,2,4.0,24,15,0,1,False,0,0
1743.98,upi,insufficient_funds,1,3.2,4,9,4,0,False,0,1
344.84,upi,authentication_failed,2,0.0,20,20,3,0,False,0,1
5580.98,card,card_expired,1,9.7,23,23,4,1,True,0,0
1259.56,subscription_mandate,bank_outage,2,0.2,18,21,10,0,True,1,1
650.08,netbanking,insufficient_funds,2,5.1,15,10,3,0,False,0,1
277.02,card,network_timeout,1,14.0,18,11,7,0,True,0,1
6567.33,upi,high_risk_fraud,3,0.0,1,12,9,1,True,1,0
1680.63,card,insufficient_funds,2,1.7,4,12,4,1,True,0,1
5957.33,upi,insufficient_funds,1,2.9,13,12,11,0,True,0,1
5030.84,upi,bank_outage,1,2.6,23,13,9,1,True,0,1
1783.5,upi,card_expired,1,0.8,17,14,4,0,False,0,1
7443.77,netbanking,insufficient_funds,2,0.0,10,11,11,0,True,1,0
7041.93,subscription_mandate,high_risk_fraud,1,3.5,17,14,9,0,False,1,0
978.14,upi,high_risk_fraud,1,0.0,16,11,11,0,True,1,0
3823.54,card,insufficient_funds,1,1.0,9,10,20,1,True,1,1
2946.03,subscription_mandate,network_timeout,2,0.8,30,10,6,1,True,1,1
2207.25,card,insufficient_funds,1,12.3,17,18,5,2,False,1,1
1085.39,card,card_expired,1,13.0,22,16,6,0,False,0,0
609.28,card,authentication_failed,1,0.5,11,12,4,0,True,0,1
2739.44,card,network_timeout,1,0.1,1,18,4,2,True,0,1
1658.54,subscription_mandate,insufficient_funds,2,2.9,18,23,5,0,True,1,1
966.41,card,network_timeout,1,3.9,9,2,14,0,False,0,1
4317.84,upi,bank_outage,3,1.4,18,1,3,1,False,0,1
11698.29,card,network_timeout,1,1.9,25,22,10,3,True,0,1
5861.34,card,network_timeout,2,0.4,19,19,9,2,True,0,1
4358.96,card,network_timeout,1,3.1,16,23,9,1,True,1,1
608.13,card,insufficient_funds,1,2.6,10,11,10,0,True,0,1
928.21,upi,insufficient_funds,2,2.7,15,19,4,0,True,0,1
6633.49,card,insufficient_funds,1,1.4,31,9,3,0,False,0,1
3116.33,upi,authentication_failed,2,1.4,6,13,1,2,False,0,1
5836.92,netbanking,card_expired,1,2.5,4,16,2,0,False,0,0
793.34,upi,bank_outage,2,8.2,18,13,2,1,False,0,1
642.94,upi,authentication_failed,1,0.4,19,16,6,1,False,0,1
5818.33,card,bank_outage,1,3.2,13,3,3,1,False,0,0
16605.76,upi,insufficient_funds,3,0.7,27,19,7,1,True,0,1
903.12,upi,insufficient_funds,1,4.5,21,11,8,2,False,1,1
2631.94,card,insufficient_funds,1,0.5,15,14,4,3,True,1,0
762.11,card,card_expired,1,7.4,17,23,16,1,True,0,1
217.81,card,bank_outage,3,2.9,25,13,11,2,False,1,0
2953.56,upi,insufficient_funds,1,1.7,13,21,11,2,True,0,1
1109.11,upi,card_expired,1,1.3,12,16,2,1,False,0,1
3966.28,card,bank_outage,2,3.4,9,16,4,1,True,0,1
543.46,card,card_expired,1,1.8,14,12,3,2,False,1,0
5431.27,card,insufficient_funds,2,1.7,19,18,2,0,False,0,1
2006.49,card,authentication_failed,2,3.4,31,12,9,1,True,1,1
1091.54,upi,network_timeout,2,0.7,19,14,17,0,False,0,1
14008.65,card,authentication_failed,2,3.1,21,8,2,1,False,0,0
1570.67,upi,card_expired,1,0.1,25,10,12,1,False,1,1
960.65,card,card_expired,1,1.0,30,13,9,2,True,0,0
3276.51,card,authentication_failed,2,1.0,20,10,13,0,False,0,1
6517.72,upi,card_expired,1,2.9,15,12,9,0,False,0,0
3149.93,card,insufficient_funds,1,1.2,15,19,6,1,True,0,1
3616.3,card,insufficient_funds,1,1.2,2,4,7,1,True,0,1
871.92,card,card_expired,3,7.9,25,18,22,0,False,0,0
8940.73,card,bank_outage,2,7.0,19,19,6,0,True,1,1
2017.3,upi,network_timeout,1,1.5,23,11,5,1,True,1,1
690.84,netbanking,network_timeout,2,0.9,21,13,18,1,True,0,1
6362.84,upi,network_timeout,2,1.3,26,9,4,1,False,0,1
1795.78,upi,card_expired,5,2.1,3,10,6,0,True,0,0
479.64,netbanking,insufficient_funds,2,1.5,18,19,8,0,True,1,0
960.55,card,authentication_failed,1,4.1,6,9,2,2,False,0,1
1941.84,card,card_expired,1,7.8,11,12,8,0,False,0,0
410.04,card,card_expired,1,4.1,8,10,15,1,False,0,1
1394.08,upi,insufficient_funds,1,1.2,15,12,4,0,True,1,1
3835.59,upi,insufficient_funds,1,1.7,5,8,2,4,False,1,1
3110.4,upi,card_expired,2,1.7,11,13,4,1,True,1,1
935.97,card,card_expired,2,5.0,7,8,7,0,True,0,1
1025.04,card,network_timeout,2,0.4,11,3,1,1,False,0,0
2254.21,upi,insufficient_funds,2,1.5,14,14,8,1,True,0,0
1441.04,netbanking,insufficient_funds,2,1.0,2,14,6,0,True,0,1
3838.45,card,network_timeout,2,1.3,29,13,10,0,True,0,1
2685.56,card,network_timeout,4,1.8,18,12,0,0,False,1,0
1745.5,netbanking,bank_outage,2,3.1,29,17,3,2,False,0,1
1074.73,netbanking,authentication_failed,3,1.3,5,11,10,0,True,0,1
18617.91,card,insufficient_funds,2,3.9,19,18,14,1,True,1,1
5806.51,subscription_mandate,card_expired,2,7.1,29,11,10,3,False,1,0
10515.97,upi,card_expired,2,0.4,21,19,5,1,False,0,0
1612.54,netbanking,insufficient_funds,1,1.3,28,9,3,0,False,0,1
3176.15,subscription_mandate,insufficient_funds,2,3.3,1,9,4,1,True,1,1
821.18,card,bank_outage,2,4.5,9,7,2,1,False,1,1
1982.19,upi,network_timeout,1,1.3,25,17,7,1,True,0,1
1488.99,upi,insufficient_funds,1,2.7,30,4,5,0,True,0,1
2310.16,card,high_risk_fraud,2,4.9,28,8,11,0,True,0,0
7035.88,card,insufficient_funds,1,0.6,8,10,1,0,False,0,0
863.55,subscription_mandate,card_expired,2,1.5,22,10,6,0,True,1,1
2387.11,upi,insufficient_funds,1,0.2,6,18,14,2,True,0,0
585.72,netbanking,authentication_failed,1,3.8,8,16,9,0,True,0,1
1652.31,netbanking,card_expired,1,3.3,6,17,10,1,True,0,1
1135.7,card,network_timeout,1,6.1,17,15,5,1,True,0,1
25696.95,upi,bank_outage,2,2.7,8,10,4,0,True,0,1
761.05,upi,bank_outage,5,5.4,23,12,6,0,False,1,1
11752.21,card,network_timeout,3,5.0,30,16,8,0,False,0,1
6139.41,card,card_expired,1,3.0,16,20,4,0,True,0,0
6667.92,card,card_expired,1,1.8,10,11,14,1,True,1,0
6192.86,card,insufficient_funds,1,2.1,8,12,0,0,False,0,1
2422.67,upi,bank_outage,1,0.7,7,20,4,0,True,0,1
4486.95,card,high_risk_fraud,1,0.7,14,13,11,0,True,0,0
4776.75,upi,network_timeout,1,0.8,13,19,1,1,False,0,0
3492.27,upi,insufficient_funds,1,0.6,31,18,2,0,False,1,1
1570.12,netbanking,bank_outage,4,3.3,13,7,9,1,True,0,1
3378.37,card,network_timeout,1,5.6,22,21,3,2,False,1,1
612.6,card,card_expired,2,2.5,19,11,9,0,True,0,0
624.02,upi,network_timeout,1,0.3,19,10,13,0,True,0,1
2809.49,card,insufficient_funds,1,4.1,11,18,3,1,False,1,1
1562.08,card,insufficient_funds,1,3.3,27,14,15,1,True,1,1
6149.86,subscription_mandate,card_expired,2,5.6,28,8,4,0,False,1,1
634.01,card,bank_outage,1,2.7,3,14,0,0,False,0,1
2959.06,upi,card_expired,1,4.0,17,9,6,1,False,1,1
1413.58,card,high_risk_fraud,2,3.2,3,15,15,1,True,1,0
3885.63,upi,high_risk_fraud,2,1.2,7,20,4,2,True,0,0
2191.92,card,insufficient_funds,3,0.3,23,21,6,2,True,0,0
2174.65,upi,insufficient_funds,1,1.3,24,20,2,0,False,0,1
326.32,upi,network_timeout,3,5.6,15,4,22,0,True,0,1
1650.97,upi,insufficient_funds,1,1.8,19,4,12,0,True,0,1
1846.52,upi,card_expired,4,8.5,4,12,4,0,True,1,0
1272.12,card,card_expired,1,9.3,21,15,4,1,True,0,1
2678.02,upi,authentication_failed,1,1.4,7,10,3,0,False,0,1
847.29,card,insufficient_funds,1,0.5,30,10,1,3,False,0,1
3089.49,subscription_mandate,card_expired,1,3.8,30,7,2,1,False,1,1
4207.86,subscription_mandate,insufficient_funds,1,2.8,18,8,5,0,True,1,1
1875.51,card,insufficient_funds,2,0.5,30,21,9,0,True,0,1
2015.27,card,insufficient_funds,2,0.4,29,17,9,0,True,1,1
141.32,card,insufficient_funds,1,8.3,1,11,4,0,True,1,1
2201.25,card,card_expired,2,11.4,12,14,4,0,True,0,1
232.09,subscription_mandate,authentication_failed,1,3.2,7,9,5,0,True,1,1
11049.75,card,authentication_failed,1,4.0,18,10,8,2,False,0,1
7083.84,card,insufficient_funds,1,0.2,7,16,10,1,False,1,1
10754.96,upi,card_expired,1,0.5,10,23,11,0,True,0,1
3094.94,card,bank_outage,1,2.5,26,22,12,3,False,0,0
3176.93,upi,high_risk_fraud,1,2.1,6,4,3,1,False,0,0
4343.12,netbanking,insufficient_funds,2,1.2,12,16,12,0,True,0,1
747.66,upi,insufficient_funds,3,0.8,20,9,13,0,False,0,1
8612.79,upi,card_expired,1,3.2,20,16,6,2,True,0,1
1759.2,card,insufficient_funds,3,1.7,28,19,7,1,True,0,1
2884.36,card,bank_outage,1,1.7,7,19,6,1,True,0,1
2918.81,subscription_mandate,network_timeout,1,2.8,15,9,2,0,False,1,1
1047.39,upi,high_risk_fraud,2,0.2,5,14,5,1,False,1,0
5003.61,card,insufficient_funds,1,3.2,7,11,3,0,False,1,1
4467.39,card,network_timeout,1,1.5,23,14,3,0,False,1,1
7728.01,upi,insufficient_funds,1,1.3,24,15,4,0,True,1,0
1388.25,upi,card_expired,2,1.3,17,20,5,0,True,0,1
1092.8,upi,high_risk_fraud,1,3.8,17,18,1,2,False,1,0
360.26,netbanking,bank_outage,3,5.0,15,21,4,1,True,1,1
1746.24,card,insufficient_funds,1,0.3,6,21,4,0,False,0,1
2619.6,card,insufficient_funds,2,3.6,9,12,4,0,False,0,0
3310.31,subscription_mandate,network_timeout,1,2.3,30,17,5,0,False,1,1
925.8,upi,authentication_failed,1,1.3,24,18,9,0,False,0,1
4612.26,subscription_mandate,bank_outage,1,10.0,14,12,6,0,True,1,1
7839.17,subscription_mandate,insufficient_funds,1,0.8,28,13,17,1,True,1,1
3341.07,upi,insufficient_funds,1,1.4,7,19,12,0,True,1,0
18549.48,subscription_mandate,insufficient_funds,2,0.2,21,10,14,0,True,1,1
2900.58,netbanking,authentication_failed,1,3.8,18,13,2,0,False,0,1
811.06,upi,bank_outage,2,6.0,18,17,4,2,True,1,1
2568.77,upi,bank_outage,2,3.3,6,19,2,1,False,1,1
2120.32,card,insufficient_funds,1,8.8,25,11,0,1,False,1,1
1382.41,upi,network_timeout,1,5.9,18,23,10,0,True,0,1
1617.37,card,bank_outage,2,2.6,5,10,7,0,True,0,1
1455.01,upi,network_timeout,1,1.4,2,9,18,0,False,0,1
7290.8,card,card_expired,1,2.3,20,8,8,1,False,0,0
1074.52,upi,insufficient_funds,4,5.3,19,19,16,1,False,0,0
682.12,upi,bank_outage,1,1.5,5,17,1,0,False,0,1
3441.05,card,card_expired,2,0.4,1,21,5,0,True,0,1
1839.42,upi,card_expired,1,7.4,12,20,2,3,False,0,0
3379.92,card,card_expired,3,0.0,22,13,6,0,True,1,1
2225.03,netbanking,insufficient_funds,1,2.2,17,9,11,1,True,0,0
1038.13,card,insufficient_funds,1,0.4,20,15,10,0,True,1,1
2498.63,subscription_mandate,insufficient_funds,1,0.5,31,16,4,0,False,1,1
1173.54,card,insufficient_funds,1,0.2,25,12,5,2,False,0,1
1628.45,card,network_timeout,1,1.9,5,13,2,1,False,0,1
3539.51,card,high_risk_fraud,2,10.9,13,19,8,0,False,1,0
2195.72,card,network_timeout,1,1.9,12,12,6,0,True,0,1
1303.91,card,network_timeout,1,0.1,23,9,7,1,False,0,1
2345.82,upi,insufficient_funds,2,5.2,14,18,5,0,False,1,1
2669.61,card,authentication_failed,1,1.3,4,10,9,0,True,0,1
2361.09,upi,card_expired,2,1.5,14,11,8,1,True,0,0
3955.73,upi,bank_outage,1,0.9,5,16,9,2,True,0,1
3517.71,netbanking,insufficient_funds,3,10.2,9,19,14,3,True,0,0
3665.24,card,bank_outage,4,1.0,23,15,12,0,True,0,1
4852.94,netbanking,card_expired,2,0.6,8,20,9,0,False,0,0
2158.45,netbanking,network_timeout,1,5.1,17,14,4,1,True,0,1
6144.72,card,authentication_failed,1,7.0,2,9,11,1,False,0,1
794.08,card,high_risk_fraud,1,3.7,28,17,2,2,False,0,0
10035.38,subscription_mandate,bank_outage,1,12.1,27,16,11,0,False,1,1
2445.18,netbanking,bank_outage,2,0.6,13,16,2,1,False,1,0
2274.29,upi,card_expired,2,0.1,19,16,14,1,True,1,1
3373.0,card,insufficient_funds,1,1.1,11,10,14,1,True,0,1
6606.47,upi,insufficient_funds,2,0.5,18,11,2,1,False,0,1
1594.48,subscription_mandate,network_timeout,5,0.8,3,11,2,0,False,1,0
4064.27,card,network_timeout,1,0.7,19,16,5,2,False,0,1
1500.1,upi,network_timeout,2,5.4,31,21,2,1,False,0,1
3008.14,netbanking,insufficient_funds,1,0.2,18,13,3,0,False,1,1
2891.17,upi,authentication_failed,2,0.7,30,15,3,0,False,1,1
1802.03,subscription_mandate,insufficient_funds,2,0.7,22,9,2,0,False,1,1
3326.18,card,insufficient_funds,3,1.6,6,3,7,0,False,1,0
7411.46,card,network_timeout,1,1.6,3,22,12,0,False,0,1
5396.59,card,high_risk_fraud,1,0.7,12,8,6,2,False,0,0
1169.67,subscription_mandate,bank_outage,1,0.6,24,12,15,0,True,1,1
14398.71,upi,insufficient_funds,1,0.2,2,10,6,1,True,0,1
2757.0,card,card_expired,1,1.9,15,19,4,0,True,1,1
5770.62,netbanking,insufficient_funds,1,6.2,19,20,9,3,True,0,0
125.68,card,card_expired,1,0.5,6,10,6,0,False,0,1
880.74,card,network_timeout,2,0.1,12,18,0,1,False,0,1
2930.82,subscription_mandate,insufficient_funds,1,0.2,2,13,2,1,False,1,1
736.5,upi,network_timeout,1,1.7,10,18,3,1,False,0,1
2686.52,card,authentication_failed,2,1.2,22,12,11,0,True,1,1
7627.12,upi,insufficient_funds,3,0.9,22,12,2,3,False,0,0
2887.65,upi,card_expired,2,5.0,1,19,5,1,True,0,0
20186.96,upi,authentication_failed,1,9.1,3,14,8,1,True,0,1
3582.53,card,card_expired,2,2.8,16,0,3,1,False,0,0
29146.62,netbanking,insufficient_funds,1,0.2,21,16,5,0,True,0,1
1856.46,upi,insufficient_funds,2,8.4,13,15,2,0,False,1,1
2432.1,subscription_mandate,insufficient_funds,2,5.5,7,18,6,1,False,1,0
1115.71,subscription_mandate,network_timeout,2,2.6,5,18,7,0,True,1,1
14221.0,upi,card_expired,2,0.9,7,8,3,1,False,0,0
5508.04,upi,insufficient_funds,2,7.4,21,4,19,1,False,0,0
15152.46,netbanking,insufficient_funds,1,0.3,14,14,4,1,True,0,1
3884.63,upi,insufficient_funds,1,3.0,21,13,11,1,True,0,1
603.62,subscription_mandate,card_expired,2,1.2,12,18,4,1,True,1,1
2396.94,card,high_risk_fraud,1,3.2,5,10,14,0,False,0,0
2684.3,card,insufficient_funds,1,0.0,28,20,4,1,True,0,1
2242.98,card,insufficient_funds,1,3.7,2,9,7,3,False,1,0
2791.62,card,card_expired,1,3.2,20,10,7,2,True,0,0
2881.19,card,network_timeout,2,1.1,17,8,15,0,True,1,1
1456.46,upi,network_timeout,3,1.9,14,18,19,1,True,0,1
648.36,card,bank_outage,1,1.3,5,13,8,0,False,0,1
3415.4,card,network_timeout,1,2.0,18,21,3,1,False,0,0
4134.68,netbanking,insufficient_funds,1,0.7,9,17,4,1,True,0,0
23378.47,upi,insufficient_funds,2,2.2,18,9,2,1,False,0,0
5064.32,netbanking,insufficient_funds,2,1.8,4,16,5,3,False,0,0
4554.69,card,insufficient_funds,2,1.4,11,19,11,2,False,0,1
1883.39,card,insufficient_funds,4,0.8,24,18,19,0,False,0,0
5189.19,card,insufficient_funds,1,3.0,23,16,10,0,True,1,1
4992.55,card,card_expired,2,0.3,5,8,5,3,True,0,0
4591.75,card,card_expired,2,2.9,20,18,2,1,False,0,0
327.24,upi,card_expired,1,1.4,7,18,1,2,False,0,1
2647.59,card,high_risk_fraud,1,1.0,6,17,8,0,True,0,1
1048.41,card,bank_outage,1,1.5,14,10,2,0,False,1,1
2715.72,upi,authentication_failed,1,2.8,12,12,1,0,False,0,1
1212.46,card,bank_outage,1,0.2,26,8,2,1,False,1,1
3040.2,upi,bank_outage,1,2.4,1,20,18,0,True,0,1
9594.7,subscription_mandate,insufficient_funds,1,0.3,14,21,2,2,False,1,0
3316.52,card,high_risk_fraud,1,1.7,4,14,10,1,True,0,0
5905.83,upi,bank_outage,1,1.9,27,15,8,0,False,1,1
301.39,card,authentication_failed,1,0.5,17,12,9,0,True,0,1
551.52,netbanking,bank_outage,5,8.9,24,9,7,0,True,0,0
1092.17,card,authentication_failed,2,1.6,15,20,6,2,True,0,0
1048.74,card,network_timeout,1,2.1,20,16,4,1,True,1,1
2097.64,upi,card_expired,1,0.1,20,19,7,0,True,0,1
2410.51,netbanking,insufficient_funds,1,0.3,7,16,10,0,True,0,1
9941.58,card,card_expired,2,1.3,4,11,4,1,False,0,0
8845.25,upi,insufficient_funds,1,2.7,30,9,18,0,True,1,1
878.01,card,bank_outage,1,0.1,2,5,5,1,True,0,1
1316.51,card,card_expired,1,0.9,6,22,8,1,False,0,0
18567.15,upi,network_timeout,1,0.8,21,11,5,1,False,0,1
2955.3,subscription_mandate,insufficient_funds,2,1.0,26,7,4,0,True,1,1
4323.08,subscription_mandate,insufficient_funds,2,0.2,1,21,2,2,False,1,1
3224.73,upi,insufficient_funds,1,1.7,6,19,6,0,True,0,1
1081.25,upi,authentication_failed,1,1.3,24,16,11,1,True,0,0
3295.35,netbanking,high_risk_fraud,1,0.1,7,10,10,0,False,0,0
3805.9,card,insufficient_funds,3,0.4,19,12,6,3,True,0,0
240.42,card,card_expired,1,0.3,18,9,2,1,False,0,1
731.73,card,insufficient_funds,1,6.6,17,18,8,0,True,0,1
1365.86,subscription_mandate,bank_outage,1,2.3,15,19,4,1,True,1,1
1853.77,netbanking,network_timeout,2,0.8,7,18,5,2,False,0,1
6704.17,subscription_mandate,network_timeout,1,1.1,31,10,2,0,False,1,1
1199.13,card,insufficient_funds,1,8.1,15,12,0,2,False,1,1
7412.28,subscription_mandate,bank_outage,2,4.5,11,1,1,1,False,1,1
1686.68,card,insufficient_funds,1,1.4,31,21,1,1,False,1,1
1394.95,card,authentication_failed,1,4.7,5,14,6,1,False,0,1
1220.62,upi,insufficient_funds,1,0.4,9,18,2,0,False,0,1
886.26,upi,network_timeout,2,2.9,31,11,7,0,True,0,1
988.32,card,card_expired,1,0.8,13,10,18,1,True,1,1
16667.9,upi,bank_outage,3,0.8,18,16,11,3,False,0,1
2016.75,card,card_expired,1,7.9,27,10,14,1,False,1,0
5927.5,card,bank_outage,2,2.0,7,20,3,0,False,0,1
2375.79,netbanking,insufficient_funds,2,1.7,6,11,9,1,True,1,0
2249.37,card,insufficient_funds,3,0.1,8,14,12,0,True,1,0
3128.61,upi,insufficient_funds,2,1.1,6,11,16,0,False,1,1
4686.06,card,bank_outage,1,1.8,12,15,10,0,True,0,1
5334.82,subscription_mandate,insufficient_funds,1,1.6,16,13,2,2,False,1,1
10782.17,netbanking,bank_outage,1,1.5,17,12,5,0,True,1,1
920.66,card,insufficient_funds,4,3.1,3,18,10,2,True,1,1
2389.12,card,authentication_failed,2,1.6,10,14,9,0,False,0,1
6424.71,card,bank_outage,2,6.9,27,10,6,0,False,0,0
1664.06,subscription_mandate,insufficient_funds,1,1.1,10,8,10,1,True,1,1
2432.17,subscription_mandate,insufficient_funds,1,1.7,24,18,5,0,False,1,1
2625.49,netbanking,insufficient_funds,1,0.4,28,20,7,0,True,0,1
5937.16,upi,card_expired,3,2.9,21,7,6,2,False,1,0
2114.26,subscription_mandate,insufficient_funds,1,2.5,4,19,3,0,False,1,1
595.21,upi,insufficient_funds,1,2.6,26,18,2,0,False,0,1
3981.97,upi,card_expired,1,1.1,12,13,9,1,False,0,0
1326.15,upi,bank_outage,1,0.5,30,13,4,1,True,0,1
3297.89,card,bank_outage,4,0.5,10,0,15,0,True,0,0
1666.4,upi,insufficient_funds,1,12.1,20,12,0,0,False,1,0
1957.57,subscription_mandate,network_timeout,3,2.3,12,11,4,0,True,1,1
676.06,upi,bank_outage,2,2.8,9,15,10,2,True,0,1
1183.48,upi,card_expired,1,2.7,1,11,4,2,True,1,1
841.73,upi,high_risk_fraud,1,0.7,2,15,2,0,False,1,0
2820.82,subscription_mandate,insufficient_funds,1,0.5,26,7,3,0,False,1,1
1927.63,card,insufficient_funds,1,3.2,13,12,4,0,False,0,1
3749.17,subscription_mandate,card_expired,3,2.7,29,11,16,0,True,1,1
1761.72,subscription_mandate,bank_outage,1,0.3,4,8,5,1,True,1,1
2205.36,upi,network_timeout,1,3.5,8,11,8,2,True,0,1
5418.49,upi,network_timeout,2,1.0,17,11,9,0,True,0,1
2784.94,upi,network_timeout,1,6.9,19,4,2,1,False,0,1
782.58,card,bank_outage,1,1.3,29,17,8,0,False,1,1
3642.39,subscription_mandate,insufficient_funds,1,1.3,24,6,1,1,False,1,0
4782.82,upi,card_expired,2,1.5,15,13,4,2,False,0,0
3786.33,card,network_timeout,1,0.4,2,8,3,0,False,0,1
2595.14,card,bank_outage,2,2.2,24,18,2,0,False,0,1
970.3,subscription_mandate,insufficient_funds,4,0.6,30,15,9,0,False,1,1
4048.14,subscription_mandate,card_expired,1,0.2,10,19,4,0,True,1,1
3534.52,card,network_timeout,4,0.2,16,20,8,1,True,0,1
1229.72,card,insufficient_funds,3,0.1,7,9,4,1,True,0,0
7368.68,upi,card_expired,1,14.0,27,13,11,2,True,0,0
4798.85,subscription_mandate,authentication_failed,1,3.0,11,11,7,1,True,1,1
2947.08,card,high_risk_fraud,1,5.6,29,21,4,1,False,0,0
2414.82,card,network_timeout,1,0.8,5,11,12,2,False,1,1
3134.41,card,card_expired,3,5.0,31,19,12,0,True,0,1
3269.44,card,insufficient_funds,1,3.5,11,17,21,0,True,0,1
3700.65,card,insufficient_funds,1,2.6,12,11,3,1,False,0,1
11183.29,card,high_risk_fraud,2,2.1,14,15,6,0,False,0,0
1618.85,card,high_risk_fraud,2,4.1,13,14,5,1,False,0,0
3760.76,card,insufficient_funds,2,3.9,19,9,4,1,True,1,1
2551.45,card,card_expired,3,3.1,30,22,4,3,True,0,0
3121.11,upi,insufficient_funds,1,3.5,20,16,5,0,False,0,0
1918.92,subscription_mandate,insufficient_funds,1,0.3,6,16,3,1,False,1,1
1317.55,card,network_timeout,1,8.9,19,15,4,0,True,1,1
4072.88,card,bank_outage,2,1.4,9,8,2,3,False,0,1
5094.12,netbanking,card_expired,2,4.9,24,8,5,1,True,0,0
2270.52,subscription_mandate,insufficient_funds,1,1.1,2,8,10,0,True,1,1
315.53,upi,network_timeout,1,5.3,27,2,6,2,True,1,1
632.03,card,authentication_failed,1,1.3,7,9,4,1,False,1,1
1821.81,upi,card_expired,3,1.7,14,18,19,1,True,0,0
2344.85,card,authentication_failed,1,1.1,24,17,7,0,False,1,1
1957.88,card,card_expired,3,0.4,2,9,11,0,True,1,1
6468.57,card,insufficient_funds,1,7.4,9,7,6,1,False,0,1
1061.13,upi,network_timeout,1,0.2,1,11,10,2,False,1,1
1390.13,card,insufficient_funds,1,1.7,11,9,12,0,True,0,1
7222.58,upi,card_expired,1,0.2,3,8,2,1,False,0,1
10913.05,netbanking,insufficient_funds,3,4.8,15,13,2,0,False,0,1
874.83,card,authentication_failed,5,3.0,8,15,10,1,False,0,0
1328.2,upi,card_expired,2,2.2,14,6,14,1,True,0,1
1825.59,card,insufficient_funds,1,3.4,31,16,3,1,False,0,1
1730.34,card,insufficient_funds,1,0.8,16,21,9,2,False,1,0
1026.81,card,insufficient_funds,2,1.3,4,21,1,0,False,0,1
4290.23,netbanking,network_timeout,2,0.7,16,21,3,1,False,0,1
4287.98,upi,authentication_failed,1,0.8,22,3,4,0,True,1,1
6898.91,upi,insufficient_funds,1,0.2,13,8,2,0,False,1,1
2124.61,card,insufficient_funds,1,0.5,18,8,2,2,False,0,1
6458.39,upi,network_timeout,1,2.0,12,7,5,1,False,0,1
726.0,upi,authentication_failed,2,2.1,17,19,10,2,True,1,1
1887.63,subscription_mandate,insufficient_funds,1,0.7,15,15,6,1,False,1,1
637.69,card,card_expired,1,0.7,24,16,6,1,True,0,0
2084.36,card,network_timeout,1,0.8,14,8,2,0,False,1,1
2095.74,upi,insufficient_funds,1,6.8,24,13,3,0,False,0,1
8204.84,subscription_mandate,card_expired,2,1.6,24,12,17,0,True,1,1
3221.93,card,card_expired,2,5.2,17,19,5,1,True,0,0
1064.18,upi,insufficient_funds,2,0.2,27,18,7,0,False,1,1
6298.26,upi,insufficient_funds,4,0.9,23,20,1,0,False,1,0
1596.51,subscription_mandate,insufficient_funds,1,3.8,17,10,13,0,True,1,1
1713.89,card,insufficient_funds,1,2.3,1,4,3,0,False,0,1
4546.88,card,bank_outage,3,0.3,22,7,2,1,False,0,1
1747.94,card,insufficient_funds,1,0.5,21,9,7,1,False,0,1
3158.13,card,network_timeout,2,0.0,21,19,6,0,False,0,1
4037.4,card,authentication_failed,1,2.7,20,20,14,1,True,0,1
2869.42,card,card_expired,1,0.4,4,10,13,0,False,0,0
1512.67,subscription_mandate,card_expired,3,1.8,20,21,1,0,False,1,0
1125.76,upi,authentication_failed,2,9.2,3,16,2,5,False,1,0
1333.78,upi,card_expired,1,0.6,26,18,6,1,True,1,0
8921.69,card,insufficient_funds,1,0.3,10,11,4,0,False,1,1
3293.98,card,bank_outage,1,6.4,12,9,2,0,False,1,1
13758.35,card,card_expired,1,0.2,2,15,8,1,True,0,1
3470.12,upi,insufficient_funds,1,4.0,4,21,10,1,False,0,1
3184.26,netbanking,insufficient_funds,2,1.6,22,13,12,1,False,1,1
865.1,upi,network_timeout,1,5.6,9,10,3,0,False,0,1
810.15,upi,card_expired,1,2.2,18,14,2,0,False,0,0
7151.14,card,insufficient_funds,1,3.3,2,14,6,1,False,0,1
1791.92,card,network_timeout,3,1.0,28,9,6,1,True,0,1
1016.1,card,insufficient_funds,1,1.3,16,13,2,1,False,0,1
14648.2,card,authentication_failed,1,2.5,18,18,4,0,False,0,1
2968.6,card,insufficient_funds,2,2.2,27,9,6,2,True,0,1
1077.16,card,authentication_failed,3,2.5,21,12,4,0,False,0,1
1688.72,card,bank_outage,2,1.9,11,20,4,2,True,1,1
8268.53,card,insufficient_funds,1,5.7,1,12,4,0,False,0,1
1891.44,card,insufficient_funds,1,1.3,4,11,15,0,False,0,1
8360.22,card,card_expired,1,10.3,4,19,4,1,True,0,0
326.65,card,bank_outage,1,0.6,2,10,5,0,True,1,1
2572.43,card,card_expired,1,5.5,13,13,1,2,False,0,0
6309.64,upi,insufficient_funds,4,3.8,19,10,1,0,False,0,0
1273.76,upi,authentication_failed,1,4.9,15,7,5,0,False,0,1
3083.58,card,card_expired,1,1.3,5,11,1,0,False,0,1
5483.74,card,insufficient_funds,1,1.8,7,9,0,1,False,1,1
510.42,upi,card_expired,1,4.6,15,18,0,0,False,0,0
3412.31,upi,insufficient_funds,1,6.4,4,18,6,0,True,0,1
2728.62,card,insufficient_funds,1,4.7,27,9,14,2,True,0,1
2347.42,upi,card_expired,2,1.4,8,15,7,4,True,0,0
857.53,upi,network_timeout,1,0.9,11,10,5,0,True,0,1
1563.35,netbanking,insufficient_funds,1,7.1,17,15,21,0,True,1,1
1242.93,card,bank_outage,4,4.4,17,13,16,0,False,0,1
2311.22,card,insufficient_funds,1,2.6,17,10,4,3,True,1,1
6707.0,subscription_mandate,insufficient_funds,3,2.5,25,15,11,0,True,1,0
14316.59,card,card_expired,1,2.6,23,7,7,1,False,0,0
1288.28,card,card_expired,2,3.2,16,13,6,2,True,0,0
14168.04,upi,card_expired,1,2.1,27,9,7,1,True,0,0
2437.73,card,card_expired,1,4.2,28,19,4,0,False,1,1
2575.05,upi,card_expired,2,0.3,11,18,10,1,True,0,0
2530.45,card,network_timeout,1,0.9,8,9,7,0,True,0,1
1874.07,card,card_expired,2,0.1,11,12,4,0,False,0,0
9874.6,upi,insufficient_funds,4,3.5,25,23,18,1,False,0,0
6466.72,upi,bank_outage,1,10.0,26,18,10,1,False,0,1
5885.02,card,insufficient_funds,2,0.2,14,13,3,1,False,0,1
790.58,upi,insufficient_funds,1,1.8,15,6,11,1,False,1,1
5548.69,upi,card_expired,1,4.3,31,11,4,1,True,1,1
1649.14,card,card_expired,2,0.6,28,8,11,1,False,0,1
12380.41,card,insufficient_funds,1,1.5,9,20,1,0,False,1,1
4556.93,upi,authentication_failed,4,1.5,24,8,11,2,False,0,0
700.94,upi,network_timeout,1,2.5,12,10,3,1,False,0,1
3637.61,card,network_timeout,1,4.4,27,21,10,1,True,0,0
1133.29,card,insufficient_funds,2,3.6,5,15,8,1,True,0,0
11007.7,subscription_mandate,bank_outage,1,0.9,10,14,17,4,True,1,1
2681.83,upi,insufficient_funds,1,12.1,8,11,5,1,True,0,1
1190.49,card,high_risk_fraud,2,0.7,7,18,8,1,False,0,0
824.46,card,network_timeout,2,3.0,4,16,5,1,True,0,1
1144.31,upi,authentication_failed,1,0.0,20,11,1,0,False,0,0
1560.14,upi,high_risk_fraud,1,0.4,4,12,6,0,True,0,1
5290.57,card,authentication_failed,2,3.1,17,12,4,1,True,0,1
2359.06,upi,insufficient_funds,3,8.6,23,3,1,1,False,1,0
1250.62,upi,card_expired,1,1.0,6,17,5,0,True,1,1
3334.78,upi,network_timeout,2,2.4,14,13,4,1,True,0,1
13799.7,upi,insufficient_funds,3,0.8,21,13,10,0,False,0,1
1969.35,upi,authentication_failed,2,1.7,21,17,15,0,False,1,1
2876.83,upi,network_timeout,4,6.7,16,5,11,1,True,0,1
1889.94,card,bank_outage,2,0.9,16,13,6,0,False,0,1
8540.69,card,insufficient_funds,1,5.9,13,13,1,2,False,0,1
1961.23,upi,insufficient_funds,1,3.4,26,8,6,1,False,1,1
1031.36,subscription_mandate,insufficient_funds,1,0.3,19,12,13,0,True,1,1
4508.4,netbanking,insufficient_funds,1,3.1,26,7,7,1,False,0,1
1081.57,card,insufficient_funds,2,0.6,28,13,3,0,False,0,1
415.28,upi,card_expired,2,5.7,3,19,16,0,True,0,0
1331.9,card,insufficient_funds,1,1.7,20,16,5,1,True,0,0
1758.83,netbanking,bank_outage,2,3.7,17,17,15,3,True,0,1
1819.44,subscription_mandate,insufficient_funds,1,0.3,13,17,7,1,False,1,0
2729.26,card,insufficient_funds,1,0.8,10,18,14,0,True,0,1
4664.67,subscription_mandate,high_risk_fraud,3,0.0,10,14,15,0,False,1,0
2969.57,subscription_mandate,card_expired,1,5.6,16,13,3,1,False,1,1
1515.17,netbanking,card_expired,1,1.1,24,3,3,0,False,0,0
1167.23,netbanking,insufficient_funds,1,3.8,9,12,6,0,True,0,1
796.46,netbanking,high_risk_fraud,1,1.4,8,16,18,0,True,0,0
2738.63,card,bank_outage,2,2.2,2,19,1,2,False,0,0
5245.26,card,network_timeout,1,3.8,27,9,8,1,False,0,1
2948.78,subscription_mandate,network_timeout,4,3.0,20,15,4,2,True,1,0
4100.7,subscription_mandate,network_timeout,4,5.2,25,17,12,1,True,1,1
11051.79,upi,insufficient_funds,1,0.2,20,16,5,0,True,0,1
1173.74,upi,network_timeout,1,3.0,19,15,8,2,True,0,1
2893.8,card,card_expired,2,0.5,14,13,6,1,True,0,0
3068.08,card,insufficient_funds,1,1.2,3,19,5,0,False,0,1
3811.71,card,insufficient_funds,1,6.2,17,9,4,2,False,0,1
4241.28,upi,card_expired,3,0.6,4,12,9,0,True,1,0
1279.15,card,insufficient_funds,2,3.0,26,17,11,0,True,0,1
5109.57,card,card_expired,1,1.6,3,19,6,0,True,0,0
5718.39,card,bank_outage,1,4.8,29,17,5,1,False,1,1
2616.35,card,network_timeout,1,1.3,6,12,8,1,True,1,1
6020.23,card,insufficient_funds,4,2.1,19,19,8,1,True,0,1
3600.22,card,bank_outage,2,4.2,24,17,5,1,True,0,1
4225.48,card,insufficient_funds,1,1.8,9,14,1,1,False,0,0
9624.95,upi,network_timeout,1,1.6,16,18,11,1,True,0,1
4229.71,netbanking,card_expired,1,2.9,12,7,3,1,False,0,0
681.07,card,high_risk_fraud,1,8.6,3,11,13,0,False,0,0
666.9,upi,card_expired,1,4.7,1,9,5,0,True,1,1
4735.33,card,insufficient_funds,1,2.0,31,16,12,1,True,0,1
7666.24,subscription_mandate,card_expired,2,6.2,27,11,7,2,False,1,0
4499.27,card,insufficient_funds,1,0.5,16,10,8,0,False,1,1
2274.21,card,authentication_failed,2,1.4,20,10,10,0,False,0,1
6297.37,card,card_expired,2,0.3,30,15,2,1,False,0,0
2023.12,card,insufficient_funds,2,0.0,1,7,1,2,False,0,1
893.08,netbanking,authentication_failed,1,3.0,1,7,13,1,True,0,1
3424.82,card,authentication_failed,1,2.9,5,10,8,1,True,1,1
7569.63,card,bank_outage,3,0.6,1,14,12,1,True,0,1
1549.12,upi,bank_outage,1,1.9,28,18,6,0,True,0,1
1136.72,card,insufficient_funds,2,0.7,10,19,5,1,True,0,0
1406.16,upi,network_timeout,2,0.1,15,16,3,0,False,0,0
537.59,subscription_mandate,network_timeout,1,0.4,12,16,5,1,True,1,1
3426.1,card,insufficient_funds,1,1.8,30,15,8,1,True,0,1
5532.37,card,network_timeout,1,0.9,18,10,11,0,False,1,1
1957.4,upi,card_expired,1,3.1,26,10,13,1,True,1,1
1079.08,upi,insufficient_funds,2,2.8,12,16,13,4,True,1,1
3444.01,card,high_risk_fraud,2,2.0,29,15,18,2,True,0,0
8474.75,card,insufficient_funds,2,0.2,14,13,1,0,False,0,1
1162.69,card,network_timeout,1,4.2,21,9,13,1,True,0,1
11036.98,card,authentication_failed,1,0.1,14,18,9,0,False,0,1
1796.7,card,network_timeout,1,2.9,7,19,2,1,False,0,1
1965.43,subscription_mandate,insufficient_funds,1,2.3,29,11,7,1,True,1,1
1575.55,card,insufficient_funds,2,0.0,12,10,11,0,True,0,1
1202.61,card,card_expired,5,0.1,12,11,2,1,False,1,0
3403.39,upi,bank_outage,1,2.7,8,14,4,0,True,0,1
8149.34,netbanking,network_timeout,1,1.9,15,12,5,2,False,0,1
7150.39,card,authentication_failed,1,0.0,27,11,4,2,True,1,1
2118.7,netbanking,card_expired,1,0.2,18,18,11,1,True,0,1
5733.17,subscription_mandate,insufficient_funds,1,0.3,4,5,2,0,False,1,1
2936.84,card,authentication_failed,1,0.5,15,6,10,0,False,0,1
883.32,card,insufficient_funds,3,2.7,25,14,6,0,True,0,1
2544.3,card,card_expired,4,9.4,30,10,7,3,True,0,0
757.41,netbanking,card_expired,1,2.0,27,12,10,1,True,0,1
1091.09,upi,card_expired,1,8.7,29,18,8,4,False,0,0
2944.52,upi,insufficient_funds,2,3.9,13,7,8,0,True,0,1
7304.46,card,insufficient_funds,1,5.0,7,9,6,0,True,1,1
5961.91,card,insufficient_funds,1,3.6,24,9,8,2,False,0,0
2066.52,netbanking,card_expired,4,4.8,3,9,5,2,False,0,0
3965.16,card,insufficient_funds,1,3.6,20,15,16,0,True,0,1
5895.61,subscription_mandate,network_timeout,2,0.1,4,12,16,1,False,1,1
2217.17,card,insufficient_funds,4,1.4,29,8,11,0,True,1,0
25096.51,subscription_mandate,bank_outage,1,0.0,30,12,13,2,True,1,1
1100.21,upi,insufficient_funds,1,1.2,24,19,1,1,False,0,0
441.65,upi,insufficient_funds,1,0.1,4,4,5,1,True,1,1
1757.55,upi,network_timeout,1,0.1,23,6,4,0,True,0,1
1925.24,upi,card_expired,1,0.8,19,10,5,2,True,0,1
2152.26,card,insufficient_funds,3,0.1,4,19,1,0,False,0,0
1709.82,upi,card_expired,3,1.1,3,8,7,1,False,0,0
817.67,upi,network_timeout,1,2.7,22,20,3,0,False,1,1
2532.5,card,bank_outage,1,1.0,25,17,3,1,False,1,1
1464.04,upi,card_expired,1,1.3,23,19,4,2,True,1,1
3623.8,card,insufficient_funds,1,3.0,30,8,5,1,True,0,1
2688.61,upi,insufficient_funds,1,1.5,6,10,10,1,True,0,1
1021.25,card,card_expired,1,2.7,14,17,10,1,False,0,1
1018.28,card,bank_outage,1,0.5,1,5,0,1,False,0,1
2514.47,card,insufficient_funds,1,0.6,11,8,5,0,False,1,1
5365.19,upi,insufficient_funds,3,0.1,30,6,2,0,False,0,1
446.22,card,network_timeout,1,1.5,1,10,8,2,True,0,1
2378.0,card,insufficient_funds,1,3.1,4,18,3,0,False,0,0
2767.14,upi,authentication_failed,1,1.7,9,21,6,0,False,0,1
12308.41,card,card_expired,3,2.8,3,15,4,0,True,1,0
659.6,upi,insufficient_funds,2,6.1,26,10,0,0,False,0,1
460.61,upi,insufficient_funds,1,0.8,24,16,2,1,False,1,1
1865.65,card,network_timeout,1,0.9,2,10,7,1,True,0,1
1387.61,subscription_mandate,bank_outage,1,2.7,28,15,4,1,True,1,1
9821.13,card,insufficient_funds,1,1.4,18,2,6,2,True,1,1
814.3,upi,high_risk_fraud,1,1.2,5,15,14,0,True,0,1
2731.75,card,network_timeout,2,0.9,16,8,0,0,False,1,0
701.18,subscription_mandate,bank_outage,4,0.7,3,21,2,0,False,1,0
6388.24,card,network_timeout,2,1.7,28,14,8,2,True,1,1
1743.45,upi,card_expired,1,13.3,29,11,1,2,False,0,0
5723.05,subscription_mandate,bank_outage,3,1.9,2,20,5,0,False,1,1
7559.67,card,bank_outage,3,4.2,1,9,10,0,False,1,0
3034.41,card,bank_outage,3,0.9,4,19,10,0,False,0,1
339.52,upi,card_expired,1,1.2,7,19,9,1,True,0,1
2075.45,card,bank_outage,1,3.4,26,18,7,1,True,1,1
6746.49,upi,insufficient_funds,2,4.0,11,12,9,1,True,0,1
1952.56,upi,network_timeout,1,0.3,13,2,2,3,False,0,1
10681.8,upi,bank_outage,3,0.2,7,3,5,0,True,0,1
1540.19,netbanking,insufficient_funds,1,8.2,7,17,12,2,False,0,1
552.1,upi,network_timeout,1,1.7,2,21,11,0,False,0,1
1333.8,card,insufficient_funds,1,1.4,11,17,2,0,False,0,0
1559.53,card,card_expired,1,1.8,10,8,3,0,False,0,0
15256.45,card,bank_outage,1,9.3,17,11,1,0,False,1,1
10715.24,card,network_timeout,2,7.3,15,15,6,2,True,0,1
8749.33,card,authentication_failed,1,0.8,24,20,7,0,True,0,1
2607.42,card,bank_outage,1,2.2,7,8,3,0,False,0,1
18840.68,card,insufficient_funds,2,1.7,11,11,14,0,False,0,1
1131.47,upi,bank_outage,1,2.3,28,14,1,0,False,0,1
1189.07,card,insufficient_funds,1,6.1,31,17,4,0,False,1,1
3562.42,upi,bank_outage,2,1.0,25,15,6,2,False,1,1
970.38,card,bank_outage,2,5.1,28,15,2,1,False,1,1
116.75,upi,card_expired,1,1.9,18,9,1,0,False,1,0
1474.03,upi,insufficient_funds,2,3.8,16,16,7,0,False,0,1
1362.5,upi,insufficient_funds,1,1.4,11,19,3,0,False,1,1
7349.04,netbanking,insufficient_funds,2,2.6,26,15,2,0,False,1,0
8680.3,upi,card_expired,2,1.3,14,12,10,0,False,0,1
3948.49,card,insufficient_funds,1,1.0,30,18,13,1,True,0,1
1619.76,upi,insufficient_funds,1,0.4,2,16,6,1,True,0,1
6054.28,upi,bank_outage,2,0.8,12,17,4,2,True,0,1
2772.4,card,network_timeout,3,0.1,7,12,5,1,True,0,1
418.02,upi,authentication_failed,2,0.4,15,16,7,0,True,0,1
1786.02,card,card_expired,1,0.8,8,13,13,1,True,0,1
14480.25,netbanking,insufficient_funds,3,3.6,17,14,8,0,True,1,1
442.64,subscription_mandate,network_timeout,1,8.7,8,9,11,0,True,1,1
2044.67,upi,insufficient_funds,1,0.8,23,11,5,1,True,0,1
3794.44,upi,bank_outage,3,6.8,6,14,9,2,False,0,0
6017.44,netbanking,network_timeout,1,1.3,26,8,17,1,False,0,1
7567.45,subscription_mandate,card_expired,1,5.2,13,18,3,1,False,1,1
2732.11,upi,authentication_failed,1,6.4,3,17,7,1,False,1,1
666.49,card,authentication_failed,1,0.1,12,13,1,2,False,0,1
1154.9,card,insufficient_funds,1,1.7,15,4,10,0,True,0,1
3496.51,upi,network_timeout,1,1.9,27,0,2,1,False,0,0
1201.39,upi,card_expired,3,1.1,24,10,2,1,False,0,0
4343.52,card,high_risk_fraud,1,3.5,30,15,4,0,False,0,0
2762.09,upi,network_timeout,1,8.3,23,20,10,2,True,1,1
7823.98,upi,authentication_failed,1,0.5,27,10,14,0,True,0,1
1891.6,upi,insufficient_funds,1,4.2,6,10,3,1,False,0,1
3322.35,subscription_mandate,insufficient_funds,1,0.4,17,7,13,0,True,1,1
4866.59,card,insufficient_funds,1,11.8,31,7,4,0,False,0,1
17043.8,upi,network_timeout,1,2.5,3,17,7,1,False,0,1
3505.46,card,card_expired,1,3.0,27,0,11,0,True,1,1
2978.03,upi,card_expired,1,1.3,5,9,12,2,False,0,0
1580.05,netbanking,bank_outage,1,0.2,6,10,5,0,True,0,1
632.01,card,network_timeout,2,0.7,22,16,10,1,True,0,1
602.96,upi,network_timeout,3,1.1,25,17,6,1,False,0,1
2476.54,card,insufficient_funds,1,5.7,20,14,17,0,True,0,1
698.63,subscription_mandate,network_timeout,1,0.0,26,18,4,0,True,1,1
3496.16,upi,authentication_failed,1,4.6,17,22,8,0,True,0,1
5691.76,card,network_timeout,1,2.4,7,15,2,0,False,0,1
5503.97,card,authentication_failed,1,4.5,1,6,5,2,False,0,0
11997.11,card,bank_outage,1,2.7,31,10,10,1,True,0,1
879.15,card,card_expired,2,7.1,18,16,9,0,True,0,0
3491.56,upi,insufficient_funds,1,4.1,2,15,1,0,False,0,1
1551.15,card,authentication_failed,2,0.4,3,11,12,2,True,1,1
1191.65,upi,high_risk_fraud,1,5.7,13,5,5,0,True,0,0
1502.53,upi,insufficient_funds,3,0.2,15,12,12,1,True,1,0
1955.01,upi,insufficient_funds,2,0.7,13,22,3,0,False,1,0
1391.86,card,authentication_failed,1,2.2,23,23,12,1,False,1,1
3006.3,upi,authentication_failed,1,5.7,12,14,1,0,False,1,1
13318.5,upi,network_timeout,1,1.8,16,11,8,1,True,0,1
4288.94,card,insufficient_funds,1,3.0,9,9,5,1,True,0,1
10087.92,upi,insufficient_funds,2,1.3,18,11,12,1,True,0,1
5262.28,card,authentication_failed,1,4.5,11,17,0,1,False,0,1
10638.27,upi,insufficient_funds,1,8.7,10,22,6,1,True,0,1
2595.07,upi,bank_outage,1,9.6,21,10,1,1,False,0,1
6021.45,card,insufficient_funds,1,0.1,14,18,1,2,False,0,1
1323.83,card,insufficient_funds,2,0.5,9,9,1,0,False,1,1
295.47,card,insufficient_funds,2,0.4,4,9,2,1,False,0,1
2900.81,card,insufficient_funds,1,2.3,2,11,11,1,False,1,1
5888.93,upi,network_timeout,1,12.4,6,10,4,2,True,0,1
659.33,upi,bank_outage,2,0.1,20,10,2,0,False,1,1
1525.72,upi,insufficient_funds,1,0.5,7,20,10,1,True,1,0
507.76,upi,network_timeout,1,11.3,6,18,5,1,False,0,1
3983.13,upi,insufficient_funds,1,2.3,19,18,1,1,False,1,1
11578.49,card,high_risk_fraud,1,4.1,12,8,7,1,True,0,0
2225.24,card,insufficient_funds,1,3.7,7,14,5,1,True,0,1
1319.25,upi,card_expired,1,0.8,12,18,2,0,False,0,0
6464.06,card,insufficient_funds,2,1.9,21,14,16,0,True,0,0
1673.32,card,authentication_failed,2,5.0,20,13,9,0,True,0,1
3170.06,upi,card_expired,1,1.8,9,15,3,1,False,0,0
1999.66,card,network_timeout,1,14.0,10,22,2,1,False,0,1
1065.13,upi,authentication_failed,2,4.2,14,8,5,0,True,0,1
2780.48,card,bank_outage,3,2.2,1,12,3,2,False,0,1
6106.76,subscription_mandate,card_expired,1,2.0,20,22,10,2,False,1,1
899.68,upi,high_risk_fraud,1,1.3,24,7,1,0,False,0,0
5329.52,card,bank_outage,3,2.0,21,9,5,0,True,0,0
3537.38,card,bank_outage,1,1.7,10,10,1,0,False,0,1
6001.0,card,insufficient_funds,1,5.4,18,10,7,3,True,0,1
1388.86,card,insufficient_funds,1,4.1,15,12,14,0,True,0,1
11180.08,upi,authentication_failed,1,1.0,1,5,5,0,True,0,1
1334.74,upi,network_timeout,2,0.5,13,18,4,2,False,0,1
836.04,card,network_timeout,1,2.4,11,18,14,0,True,1,1
2685.41,upi,insufficient_funds,2,0.5,2,20,15,2,True,1,1
15568.56,upi,insufficient_funds,2,0.0,2,8,8,2,True,1,1
3131.37,upi,insufficient_funds,1,1.8,22,16,13,0,True,0,1
5407.07,upi,card_expired,2,3.6,5,13,6,0,True,0,0
1202.45,upi,network_timeout,1,1.7,8,4,8,1,True,1,1
1926.27,card,card_expired,1,0.7,23,8,2,0,False,0,1
2880.36,upi,bank_outage,1,0.1,30,16,13,0,False,0,1
3018.01,upi,network_timeout,1,0.9,5,14,5,1,True,0,1
521.99,card,authentication_failed,2,0.6,7,13,10,2,True,0,1
2841.74,upi,authentication_failed,1,0.5,9,21,14,0,True,0,1
5595.77,upi,card_expired,1,2.0,25,17,0,0,False,0,0
4857.32,card,card_expired,1,3.4,8,12,6,1,False,0,0
2383.27,card,bank_outage,1,3.1,1,12,2,0,False,0,1
585.86,card,authentication_failed,3,1.8,19,4,2,1,False,0,1
1773.8,upi,authentication_failed,2,2.1,3,8,2,0,False,0,1
623.14,card,card_expired,1,0.5,24,7,1,0,False,0,1
806.21,upi,high_risk_fraud,2,3.3,16,12,6,0,False,0,0
2711.02,subscription_mandate,insufficient_funds,2,4.8,27,19,4,1,True,1,1
1508.85,card,authentication_failed,3,2.0,14,10,2,2,False,0,1
5663.58,card,insufficient_funds,1,1.2,26,6,6,1,False,0,0
1551.35,card,high_risk_fraud,1,1.1,23,15,14,0,True,0,1
10928.11,upi,card_expired,1,1.1,29,16,9,2,True,1,1
4566.3,card,card_expired,1,3.9,25,19,8,2,False,0,1
2365.65,card,insufficient_funds,1,0.9,3,19,5,3,True,0,1
6990.78,upi,card_expired,2,1.8,14,11,13,1,False,0,0
4166.63,card,card_expired,1,0.2,20,7,1,2,False,0,0
2464.1,upi,insufficient_funds,3,4.4,10,12,14,1,True,0,1
3030.98,netbanking,insufficient_funds,2,2.9,8,13,1,1,False,1,1
1738.73,upi,insufficient_funds,1,2.5,22,11,6,2,False,0,1
5183.46,card,bank_outage,3,0.1,15,18,10,2,False,1,1
3948.97,upi,network_timeout,2,1.7,18,16,5,1,True,0,1
5470.22,upi,authentication_failed,1,2.4,11,12,8,1,False,0,1
1510.97,subscription_mandate,authentication_failed,1,0.2,26,22,6,0,True,1,1
2239.92,upi,insufficient_funds,1,0.8,6,5,0,2,False,0,0
1289.77,upi,network_timeout,2,9.1,13,2,4,1,True,0,1
1711.03,upi,insufficient_funds,1,0.1,16,21,12,1,True,0,1
13258.65,upi,high_risk_fraud,2,1.3,6,12,7,0,True,0,0
702.9,card,authentication_failed,1,3.7,20,3,12,1,True,0,1
1572.62,upi,insufficient_funds,1,0.8,26,18,18,0,True,0,0
708.16,card,authentication_failed,1,4.0,14,21,3,0,False,0,0
1988.99,card,card_expired,2,6.5,18,21,17,1,True,0,1
1344.83,card,card_expired,1,0.2,16,11,1,1,False,0,1
3579.58,upi,insufficient_funds,1,3.3,11,14,6,3,False,0,1
725.76,upi,network_timeout,3,2.4,28,6,7,0,True,1,1
604.78,card,network_timeout,1,5.8,23,18,6,1,False,0,1
9642.69,upi,network_timeout,1,0.6,17,15,5,0,True,0,1
1237.1,card,insufficient_funds,1,1.2,1,17,7,0,True,0,1
1863.06,card,bank_outage,1,1.2,8,18,7,1,True,0,1
3302.95,card,insufficient_funds,1,3.8,24,12,1,0,False,0,1
6415.45,card,insufficient_funds,1,1.2,15,11,12,2,True,0,1
2743.75,upi,insufficient_funds,1,2.0,8,10,1,1,False,0,0
868.41,netbanking,insufficient_funds,1,0.0,21,16,7,0,False,1,1
673.41,card,network_timeout,3,1.1,20,12,2,1,False,0,1
1668.41,upi,insufficient_funds,1,2.2,4,11,15,0,True,1,1
2011.86,upi,network_timeout,1,0.2,8,15,6,0,False,0,1
2874.91,upi,insufficient_funds,2,2.2,5,17,8,1,True,0,1
1780.22,subscription_mandate,network_timeout,1,0.3,11,9,15,1,True,1,1
5367.02,upi,high_risk_fraud,1,1.3,28,10,5,0,False,0,0
10596.7,netbanking,network_timeout,1,0.1,11,13,8,3,True,0,1
4155.72,netbanking,authentication_failed,1,3.1,26,14,12,0,False,0,1
8388.71,card,card_expired,1,2.6,15,12,4,0,False,1,0
4178.07,upi,network_timeout,1,0.9,23,8,15,0,True,1,1
1829.51,card,authentication_failed,1,1.1,18,13,5,2,False,0,1
1797.81,card,authentication_failed,2,6.0,4,14,2,1,False,1,0
8587.75,upi,authentication_failed,2,7.2,30,18,4,0,True,0,1
1937.78,upi,authentication_failed,2,1.5,21,11,2,0,False,1,0
3670.35,netbanking,card_expired,1,1.0,4,14,11,0,False,1,1
2224.77,upi,high_risk_fraud,1,0.7,24,14,5,0,True,1,0
6977.59,upi,insufficient_funds,2,0.6,24,17,9,0,True,0,1
527.96,card,insufficient_funds,3,0.8,7,12,8,0,True,0,1
4382.38,card,card_expired,3,1.5,25,5,10,0,False,0,1
2018.81,card,insufficient_funds,1,2.2,5,17,0,1,False,1,1
5997.93,card,card_expired,2,0.0,2,9,9,0,False,0,0
2163.27,card,card_expired,2,3.4,22,4,9,2,True,0,0
3401.88,upi,network_timeout,2,0.4,19,6,11,1,False,1,1
1175.5,card,bank_outage,1,2.3,13,13,3,0,False,0,1
3245.12,card,insufficient_funds,1,2.2,1,10,5,0,False,0,1
7219.92,netbanking,high_risk_fraud,1,3.0,15,15,5,3,True,0,0
3621.42,upi,card_expired,2,0.2,4,18,13,1,True,1,1
3184.74,upi,bank_outage,2,0.6,19,11,3,1,False,0,1
315.63,upi,authentication_failed,1,3.3,27,11,3,1,False,0,1
905.71,upi,bank_outage,3,3.4,15,16,4,1,True,0,1
14083.25,upi,bank_outage,2,0.7,1,14,7,0,True,0,1
8431.78,card,insufficient_funds,2,0.5,16,10,2,1,False,0,0
6998.55,card,insufficient_funds,2,0.0,29,11,5,1,False,1,1
2024.91,subscription_mandate,bank_outage,1,1.7,2,9,9,0,True,1,1
1688.22,upi,insufficient_funds,1,3.6,7,13,11,2,True,0,1
3087.68,card,insufficient_funds,3,1.6,30,21,11,0,True,0,1
1384.53,upi,insufficient_funds,1,5.5,19,12,7,0,False,1,1
4765.98,upi,authentication_failed,1,4.1,21,8,11,1,True,0,1
3395.15,subscription_mandate,insufficient_funds,1,0.5,22,17,5,0,True,1,1
631.24,upi,insufficient_funds,3,0.4,23,18,2,1,False,0,1
6587.9,upi,network_timeout,3,6.0,23,21,7,0,False,0,0
2501.01,netbanking,card_expired,1,1.1,10,16,1,1,False,1,0
2550.82,card,authentication_failed,1,3.0,4,15,11,0,False,1,1
4714.68,card,insufficient_funds,1,1.2,9,14,3,0,False,0,1
3800.51,card,card_expired,1,1.0,9,7,15,0,True,1,1
1280.82,subscription_mandate,insufficient_funds,1,0.7,6,8,32,0,True,1,1
1066.06,card,bank_outage,2,2.3,18,12,3,1,False,0,1
6671.45,card,insufficient_funds,3,0.4,9,17,4,1,True,0,1
11779.11,upi,network_timeout,2,0.7,22,6,9,1,True,1,1
2068.55,card,insufficient_funds,2,1.7,24,19,13,0,True,0,1
7590.87,card,insufficient_funds,1,4.8,22,12,5,1,True,0,1
769.87,upi,bank_outage,1,2.7,14,0,10,0,True,1,1
3318.08,card,insufficient_funds,1,3.6,28,21,8,0,False,0,1
820.15,card,authentication_failed,3,2.9,6,13,4,1,True,0,1
2671.1,subscription_mandate,insufficient_funds,3,1.4,26,23,3,0,False,1,0
6394.42,upi,authentication_failed,1,0.4,21,13,5,0,True,0,1
815.36,card,high_risk_fraud,1,0.1,18,10,2,0,False,0,0
1617.4,netbanking,high_risk_fraud,1,2.6,8,16,2,2,False,0,0
2558.4,card,insufficient_funds,1,2.5,17,0,5,3,True,0,0
1520.34,upi,authentication_failed,1,10.1,23,16,4,2,True,0,1
1508.68,upi,high_risk_fraud,1,3.3,21,9,8,0,False,0,0
5037.34,upi,card_expired,3,1.4,24,11,9,1,True,0,0
800.29,netbanking,insufficient_funds,1,0.6,19,9,9,0,False,1,1
1435.81,upi,high_risk_fraud,1,4.8,7,16,26,1,True,0,0
2036.64,card,bank_outage,3,3.8,8,10,9,0,True,0,1
14880.01,upi,bank_outage,2,7.7,10,19,2,1,False,0,1
1445.55,card,card_expired,1,0.3,4,6,15,2,False,0,0
4045.22,card,insufficient_funds,1,1.0,24,8,10,1,True,1,1
6267.94,upi,card_expired,2,2.4,17,14,2,1,False,0,0
6129.07,card,authentication_failed,1,1.7,7,18,7,0,True,0,0
3004.2,card,network_timeout,1,2.7,23,13,12,1,True,0,1
689.11,card,card_expired,1,2.5,1,21,3,0,False,0,1
2193.97,netbanking,card_expired,2,2.5,20,10,11,0,False,0,0
2289.46,card,insufficient_funds,1,0.5,30,22,8,0,True,0,1
2974.3,upi,insufficient_funds,2,0.8,24,1,6,2,True,1,0
1555.67,upi,insufficient_funds,1,1.8,26,20,8,1,True,0,1
2229.5,subscription_mandate,insufficient_funds,1,3.1,6,12,23,0,True,1,1
1270.94,card,high_risk_fraud,1,2.0,14,16,11,2,True,0,0
1112.6,card,network_timeout,1,0.7,29,12,14,1,False,0,0
2238.47,netbanking,insufficient_funds,1,3.2,30,11,9,1,False,0,1
932.63,card,card_expired,1,4.9,15,9,1,0,False,0,0
1534.65,card,network_timeout,2,0.3,29,10,11,0,True,0,1
4067.29,netbanking,insufficient_funds,2,4.9,28,14,11,1,True,1,1
2408.23,card,high_risk_fraud,4,6.9,22,19,4,1,False,0,0
10454.36,card,insufficient_funds,2,0.0,24,10,3,1,False,0,1
1941.46,card,authentication_failed,2,1.9,10,15,1,1,False,1,0
1329.31,card,bank_outage,2,0.3,2,11,4,1,True,0,1
6354.72,card,network_timeout,2,2.1,18,9,16,3,True,0,1
4146.2,upi,bank_outage,1,0.9,29,16,10,0,True,0,1
831.3,upi,insufficient_funds,1,1.3,20,14,2,1,False,1,1
1598.22,card,high_risk_fraud,3,3.2,17,12,1,0,False,0,0
252.51,card,authentication_failed,1,0.6,9,12,3,0,False,1,1
517.14,card,bank_outage,1,1.0,8,9,8,1,False,0,1
3403.95,netbanking,network_timeout,1,2.7,11,8,3,1,False,1,1
3292.34,card,high_risk_fraud,1,1.9,16,10,0,4,False,0,0
531.89,card,bank_outage,5,4.1,14,11,10,0,True,0,1
3910.48,card,insufficient_funds,1,1.0,20,12,21,0,True,0,1
2214.27,card,authentication_failed,1,1.5,12,10,5,1,True,0,1
2712.11,netbanking,network_timeout,1,1.3,29,12,21,0,True,0,1
5810.41,upi,insufficient_funds,1,1.8,19,18,5,1,True,1,1
12639.97,upi,network_timeout,2,7.1,22,11,6,1,True,1,1
1247.37,upi,card_expired,1,0.6,9,12,2,0,False,1,1
2572.39,card,insufficient_funds,1,7.2,15,13,6,2,True,1,1
5645.6,upi,insufficient_funds,1,1.2,10,22,4,2,False,1,1
1634.02,upi,bank_outage,1,0.3,30,20,11,1,False,0,0
5016.83,subscription_mandate,card_expired,2,2.3,27,9,10,1,True,1,1
910.38,netbanking,insufficient_funds,1,2.5,26,15,5,0,True,0,1
2043.96,card,card_expired,1,1.0,29,2,9,1,False,0,1
3791.84,upi,card_expired,3,2.7,2,17,0,2,False,0,0
8288.06,card,card_expired,1,3.5,19,7,1,0,False,0,0
3500.28,upi,insufficient_funds,1,3.4,1,14,5,0,True,1,1
13016.74,netbanking,bank_outage,1,1.0,20,18,9,0,True,0,1
1419.42,upi,network_timeout,1,1.1,5,21,1,0,False,1,1
4194.29,upi,bank_outage,2,0.8,18,3,6,1,True,0,1
2831.5,subscription_mandate,network_timeout,1,6.7,27,15,10,0,True,1,1
1895.89,netbanking,authentication_failed,2,0.6,16,17,5,2,True,0,1
630.17,upi,insufficient_funds,1,1.3,6,18,17,0,True,0,1
363.09,card,authentication_failed,1,0.0,22,11,11,1,True,0,1
1088.73,card,insufficient_funds,2,0.7,1,16,2,0,False,0,1
1532.76,upi,insufficient_funds,2,1.0,19,17,12,1,False,1,1
910.1,upi,insufficient_funds,4,0.5,23,3,7,1,True,0,1
2404.28,card,network_timeout,2,0.6,11,17,2,0,False,0,0
1301.81,card,insufficient_funds,1,1.6,24,9,4,1,True,0,1
1413.47,card,insufficient_funds,4,2.9,23,15,3,1,False,0,0
3510.45,card,card_expired,1,0.6,11,18,1,1,False,1,1
1382.25,card,network_timeout,1,1.7,15,8,3,2,False,0,1
2270.77,subscription_mandate,bank_outage,1,1.5,3,2,19,1,True,1,1
1076.99,upi,bank_outage,1,0.1,28,15,2,1,False,0,1
2741.44,upi,high_risk_fraud,1,0.2,18,16,4,1,False,0,0
4520.14,card,card_expired,1,2.5,29,21,6,1,True,1,0
11777.75,card,bank_outage,3,1.8,15,11,1,0,False,1,1
635.01,card,network_timeout,3,1.9,30,12,11,0,True,0,1
2858.47,card,card_expired,2,7.3,17,21,5,1,False,0,0
807.32,upi,insufficient_funds,1,1.2,24,16,1,0,False,0,1
7639.14,netbanking,insufficient_funds,3,0.1,15,18,0,3,False,0,1
5815.5,upi,bank_outage,3,2.6,3,9,9,0,True,0,1
7754.23,card,card_expired,1,1.6,20,21,11,0,True,1,1
4507.99,upi,insufficient_funds,1,1.1,10,11,20,1,True,1,1
5525.27,upi,bank_outage,1,1.7,9,10,10,0,True,0,1
3821.44,card,insufficient_funds,1,1.4,10,15,6,0,True,0,1
1338.78,netbanking,network_timeout,2,0.4,18,15,11,0,True,0,1
8351.07,card,insufficient_funds,1,0.3,11,18,12,0,True,1,0
2121.38,upi,insufficient_funds,1,5.1,15,8,0,1,False,1,0
2016.4,netbanking,card_expired,1,2.8,23,8,2,1,False,0,1
5015.8,upi,insufficient_funds,1,0.5,6,13,9,0,True,0,1
4700.98,card,insufficient_funds,2,4.5,9,14,4,1,True,0,0
3860.87,card,card_expired,1,2.0,4,17,6,0,True,1,1
2902.54,card,insufficient_funds,1,1.9,29,12,5,1,True,0,1
5651.07,netbanking,insufficient_funds,1,2.5,5,13,4,0,True,0,1
5317.1,upi,authentication_failed,4,3.4,28,18,7,1,True,0,1
20658.8,upi,insufficient_funds,1,0.9,29,7,3,2,False,0,0
1960.78,card,insufficient_funds,2,0.8,21,3,7,0,True,1,0
3276.84,upi,network_timeout,1,0.3,12,15,8,1,True,0,0
5050.75,subscription_mandate,card_expired,2,2.3,1,13,1,1,False,1,0
7657.76,card,bank_outage,1,0.8,11,14,11,2,False,0,1
3176.17,upi,insufficient_funds,1,1.6,18,11,2,0,False,0,1
1092.37,upi,insufficient_funds,1,0.3,7,11,2,1,False,0,1
2706.45,card,card_expired,1,1.0,22,10,12,0,True,0,0
9296.37,upi,bank_outage,2,0.8,1,3,7,2,True,1,1
2362.5,card,bank_outage,2,3.7,16,14,8,1,False,0,1
22119.17,card,bank_outage,2,0.6,16,15,4,2,True,0,1
6471.47,card,card_expired,1,4.8,5,10,10,1,False,0,0
7727.64,netbanking,high_risk_fraud,2,0.3,16,15,6,0,False,1,0
6832.62,upi,bank_outage,3,0.4,21,16,9,1,True,0,1
2577.47,card,network_timeout,2,1.3,25,20,6,1,True,0,1
2408.28,card,card_expired,1,0.5,24,12,2,2,False,1,1
1312.78,card,card_expired,1,1.3,14,11,2,0,False,0,0
3091.04,upi,card_expired,1,0.5,10,22,5,1,True,0,0
1410.76,card,network_timeout,2,7.4,21,12,1,0,False,0,0
2263.96,subscription_mandate,card_expired,1,8.2,30,14,5,1,True,1,0
4999.79,subscription_mandate,insufficient_funds,1,1.4,7,22,8,0,False,1,1
8491.37,upi,insufficient_funds,1,0.6,6,11,2,2,False,0,1
2120.89,upi,insufficient_funds,1,3.9,6,20,3,0,False,0,1
977.14,upi,insufficient_funds,1,8.6,26,12,11,1,True,0,1
1196.11,card,network_timeout,2,6.1,15,19,4,1,True,0,1
3843.51,card,bank_outage,1,0.4,12,16,5,2,True,1,1
789.45,subscription_mandate,network_timeout,1,0.1,28,8,4,1,True,1,1
2630.89,upi,network_timeout,1,0.5,9,11,9,1,False,0,1
9868.43,card,high_risk_fraud,3,7.7,18,1,16,1,False,0,0
1429.68,card,network_timeout,2,6.0,30,22,8,1,True,0,1
6258.35,card,insufficient_funds,1,2.9,6,16,19,0,True,1,0
1122.21,card,insufficient_funds,1,2.8,15,13,9,1,True,0,1
8086.35,upi,card_expired,1,1.4,5,3,2,1,False,0,1
1787.72,subscription_mandate,bank_outage,2,2.6,1,8,3,1,False,1,1
2343.88,netbanking,card_expired,2,3.4,24,16,11,1,True,0,1
2232.41,subscription_mandate,network_timeout,1,1.9,4,16,14,1,True,1,1
2051.68,upi,network_timeout,2,0.9,22,19,14,1,False,1,0
1697.68,card,network_timeout,2,0.1,7,6,7,0,True,0,1
2344.44,netbanking,network_timeout,1,1.5,18,12,20,2,False,0,1
2855.38,upi,card_expired,1,3.0,12,8,6,1,True,0,1
3621.68,card,insufficient_funds,1,0.1,17,11,11,0,False,1,1
1830.51,card,card_expired,1,0.3,25,12,4,0,True,0,1
2075.25,upi,network_timeout,1,2.3,17,10,5,1,False,0,1
2516.45,card,network_timeout,1,4.3,16,23,5,0,False,0,1
2498.52,card,insufficient_funds,2,0.3,13,15,15,0,True,0,1
896.09,card,network_timeout,2,0.9,2,7,11,0,True,0,1
2062.21,netbanking,card_expired,1,0.7,12,8,8,2,True,0,0
5696.2,card,insufficient_funds,1,2.7,16,9,11,0,False,0,1
3394.1,card,authentication_failed,1,1.3,7,15,8,0,True,1,1
4793.66,card,network_timeout,1,1.0,31,12,15,1,True,0,1
489.65,card,card_expired,2,0.2,5,8,6,0,False,0,0
